,CHROM,POS,ID,REF,ALT,GENEINFO,ORPHACODE,INHERITANCE
0,4,1807371,16337,C,A,FGFR3,15,AD
4,7,138391446,1344704,T,C,ATP6V0A4,18,AD
6,1,154574727,2942810,G,A,ADAR,41,AD
24,2,163128866,812537,G,C,IFIH1,51,AD
105,16,1505761,1012215,A,G,CLCN7,53,AD
108,17,42992619,16170,C,T,GFAP,58,AD
143,2,227914783,1029644,C,A,COL4A4,63,AD
207,12,88532921,236464,C,A,CEP290,65,AD
509,1,173881080,18029,G,A,SERPINC1,82,AD
550,10,123279677,13272,G,C,FGFR2,87,AD
553,19,13423574,1458951,A,C,CACNA1A,97,AD
620,8,72184037,7929,G,A,EYA1,107,AD
656,1,16374412,7591,C,T,CLCNKB,112,AD
696,5,127674630,547356,C,A,FBN2,115,AD
729,11,2905999,132864,G,A,CDKN1C,116,AD
756,17,17122397,2578508,G,C,FLCN,122,AD
816,1,93297672,1069070,A,C,RPL5,124,AD
906,3,138665510,634951,C,A,FOXL2,126,AD
926,3,38655273,201438,G,A,SCN5A,130,AD
960,19,15303110,1879844,C,G,NOTCH3,136,AD
991,8,61655624,2106393,C,T,CHD7,138,AD
1163,17,70119114,2736641,G,A,SOX9,140,AD
1189,3,37061898,90458,C,T,MLH1,144,AD
1807,13,32931878,38110,G,A,BRCA2,145,AD
3038,3,12626152,142296,A,G,RAF1,154,AD
3152,19,49468606,16475,G,C,FTL,163,AD
3156,17,38907213,217303,A,G,KRT25,170,AD
3161,6,116441447,17482,C,T,COL10A1,174,AD
3177,4,2833300,7551,G,A,SH3BP2,184,AD
3184,13,20797589,5544,C,T,GJB6,189,AD
3186,5,36985884,96337,C,T,NIPBL,199,AD
3348,10,89720679,184277,C,T,PTEN,201,AD
3386,10,123276905,374816,C,G,FGFR2,207,AD
3397,16,50828222,267255,C,T,CYLD,211,AD
3408,4,110788903,1323248,C,A,LRIT3,215,AD
3438,12,110765740,2507396,C,T,ATP2A2,218,AD
3444,12,50344890,446861,C,T,AQP2,223,AD
3459,4,109784483,180690,C,T,COL25A1,233,AD
3470,12,49483829,1685695,A,G,DHH,242,AD
3476,2,49210264,16243,G,A,FSHR,243,AD
3480,7,21627817,2735573,C,T,DNAH11,244,AD
4298,1,149899651,31650,T,C,SF3B4,245,AD
4307,9,132581183,1686267,C,T,TOR1A,256,AD
4310,1,156107004,14482,T,C,LMNA,261,AD
4344,5,137206510,5834,C,T,MYOT,266,AD
4347,18,2762234,39859,G,A,SMCHD1,269,AD
4366,22,19711093,1691253,A,T,GP1BB,274,AD
4379,2,189859791,101340,G,T,COL3A1,286,AD
4703,2,189936819,1895397,C,T,COL5A2,287,AD
4714,1,158655080,12854,G,T,SPTA1,288,AD
4724,2,166243314,1342696,T,C,SCN2A,306,AD
4736,5,161300142,1506120,T,C,GABRA1,307,AD
4748,12,53072509,66659,A,G,KRT1,312,AD
4755,14,24731327,449511,G,A,TGM1,313,AD
4821,1,35250397,6482,G,C,GJB3,317,AD
4826,8,119122734,2136704,C,T,EXT1,321,AD
5039,13,113765165,1691295,G,C,F7,327,AD
5043,4,187201412,11892,T,C,F11,329,AD
5056,17,45286819,224067,G,A,MYL4,334,AD
5057,4,155508672,402230,G,A,FGA,335,AD
5077,2,158630656,208843,A,G,ACVR1,337,AD
5085,16,3293447,36507,C,G,MEFV,342,AD
5089,11,32413517,2500727,C,T,WT1,347,AD
5100,20,4680545,88927,C,T,PRNP,356,AD
5107,18,10680341,1033997,C,A,PIEZO2,376,AD
5108,10,104353432,1068514,C,T,SUFU,377,AD
5276,7,42116350,1679890,C,T,GLI3,380,AD
5295,4,95174824,187777,T,C,SMARCAD1,384,AD
5296,10,43595944,599630,G,A,RET,388,AD
5302,12,114793625,633722,G,C,TBX5,392,AD
5333,3,184074782,441167,T,A,CLCN2,404,AD
5337,3,121980383,1697234,T,A,CASR,405,AD
5394,19,11238682,972903,A,G,LDLR,412,AD
5398,2,203332413,425778,G,C,BMPR2,422,AD
5559,1,201009753,2162033,G,T,CACNA1S,423,AD
5582,14,81606172,6452,G,A,TSHR,424,AD
5589,9,107550750,9502,A,G,ABCA1,425,AD
5591,3,122002611,8350,G,A,CASR,428,AD
5593,4,1803657,16356,A,T,FGFR3,429,AD
5601,4,68610506,16033,C,T,GNRHR,432,AD
5621,1,21890573,2202713,A,G,ALPL,436,AD
5629,8,21988118,7344,T,C,HR,444,AD
5634,12,53045385,9311,T,G,KRT2,455,AD
5642,22,29754810,805796,A,G,AP1B1,477,AD
5654,20,5283350,1184527,C,T,PROKR2,478,AD
5711,12,48381068,1332845,C,A,COL2A1,485,AD
5718,1,92941710,8739,T,C,GFI1,486,AD
5719,13,20763650,17002,C,T,GJB2,494,AD
5722,12,112888156,40487,A,G,PTPN11,500,AD
5731,8,116616566,267746,G,A,TRPS1,502,AD
5732,3,58131722,21292,G,A,FLNB,503,AD
5738,1,241680548,576558,A,C,FH,523,AD
5745,17,7576927,480765,C,A,TP53,524,AD
5821,16,23392046,8837,C,G,SCNN1B,526,AD
5827,7,44189358,1200795,C,T,GCK,552,AD
5965,3,30715622,12518,C,T,TGFBR2,558,AD
5976,1,103381186,976188,C,G,COL11A1,560,AD
5977,19,13136154,1076498,G,A,NFIX,561,AD
5987,22,19748552,1378052,C,A,TBX1,567,AD
5993,19,13373582,420945,G,A,CACNA1A,569,AD
6028,12,52680896,7501,C,T,KRT81,573,AD
6036,1,247588456,4375,G,C,NLRP3,575,AD
6038,17,4804838,2736400,C,T,CHRNE,590,AD
6184,19,39075676,65990,A,G,RYR1,597,AD
6208,19,39074134,12987,A,G,RYR1,598,AD
6215,5,138643358,14002,C,G,MATR3,600,AD
6216,9,36227268,552288,G,A,GNE,602,AD
6232,2,70439862,41480,C,T,TIA1,603,AD
6233,2,179447666,1686283,C,T,TTN,609,AD
6234,21,47537312,476446,A,C,COL6A2,610,AD
6378,7,143039096,2136619,A,T,CLCN1,614,AD
6459,7,124467339,1395307,G,A,POT1,618,AD
6512,17,29576000,963827,A,T,NF1,636,AD
7423,22,30035077,1072590,A,G,NF2,637,AD
7506,17,29556484,547617,G,A,NF1,638,AD
7512,12,25398218,40454,G,A,KRAS,648,AD
7618,11,64572629,2735648,G,T,MEN1,652,AD
7721,10,43609096,13929,T,C,RET,653,AD
7746,19,59061222,973190,C,T,TRIM28,654,AD
7753,11,101323799,6155,G,A,TRPC6,656,AD
7841,17,3421881,30638,A,C,TRPV3,659,AD
7844,4,41749503,1029784,G,A,PHOX2B,661,AD
7845,1,43223453,1253,C,A,P3H1,666,AD
7906,7,42063113,578154,C,T,GLI3,672,AD
7916,5,147211139,13761,A,G,SPINK1,676,AD
7939,1,201019586,2174972,C,T,CACNA1S,681,AD
7952,17,62021186,2736637,T,C,SCN4A,682,AD
7992,17,62022054,5922,G,T,SCN4A,684,AD
7998,11,31822277,942257,C,T,PAX6,708,AD
8012,8,38275745,463529,C,T,FGFR1,710,AD
8026,10,131755588,268156,C,T,EBF3,718,AD
8027,9,135865273,438346,A,T,GFI1B,721,AD
8046,16,2150311,1255676,C,G,PKD1,730,AD
8091,5,112170777,232045,C,T,APC,733,AD
8119,15,23889996,1685934,C,T,MAGEL2,739,AD
8121,1,156108404,14500,C,T,LMNA,740,AD
8129,2,128178973,664,A,C,PROC,745,AD
8156,19,18896599,803547,C,G,COMP,750,AD
8167,5,136973024,100537,A,G,KLHL3,757,AD
8200,9,130582215,848437,A,T,ENG,774,AD
8459,4,111542511,1693121,G,A,PITX2,782,AD
8514,16,3786093,650876,G,A,CREBBP,783,AD
8550,5,142680121,16151,A,T,NR3C1,786,AD
8556,13,49037969,126798,G,T,RB1,790,AD
8796,2,112779972,522500,G,A,MERTK,791,AD
9362,7,19156589,7974,T,G,TWIST1,794,AD
9374,18,42531917,441093,T,G,SETBP1,798,AD
9378,2,45169628,30380,G,T,SIX3,799,AD
9384,21,33039612,1072003,G,A,SOD1,803,AD
9450,16,2137930,49440,C,T,TSC2,805,AD
9937,11,2156676,253036,G,C,IGF2,813,AD
9940,17,17697130,1184965,C,T,RAI1,819,AD
9943,22,17669232,189342,T,C,ADA2,820,AD
9944,5,176618940,524691,G,A,NSD1,821,AD
10077,8,41529963,506,C,A,ANK1,822,AD
10163,1,94502907,1804173,C,T,ABCA4,827,AD
10194,12,48367871,1326887,C,A,COL2A1,828,AD
10235,17,39780487,14587,T,C,KRT17,841,AD
10237,11,5247802,869356,C,G,HBB,848,AD
10300,16,51185072,2745434,C,T,SALL1,857,AD
10318,5,149755035,1422006,G,A,TCOF1,861,AD
10353,3,38603904,9378,A,G,SCN5A,871,AD
10355,1,209965706,1456094,C,T,IRF6,888,AD
10370,11,86662793,5488,C,G,FZD4,891,AD
10383,3,10183865,2228,T,A,VHL,892,AD
10439,22,38379456,1065836,C,T,SOX10,894,AD
10456,22,38374123,1202633,T,C,SOX10,897,AD
10476,12,6078503,299,G,A,VWF,903,AD
10491,2,175432630,30266,G,C,WIPF1,906,AD
10494,2,239757079,208077,G,A,TWIST2,920,AD
10495,5,149360499,835924,C,G,SLC26A2,932,AD
10530,4,5642301,1076001,G,C,EVC2,952,AD
10584,1,120458396,30059,G,A,NOTCH2,955,AD
10599,15,48797303,163480,G,A,FBN1,969,AD
10602,15,41228582,523592,G,A,DLL4,974,AD
10650,3,189586385,6548,C,G,TP63,978,AD
10652,1,170688963,29825,T,C,PRRX1,990,AD
10654,2,240066401,424498,G,A,HDAC4,1001,AD
10655,6,121768112,435323,C,T,GJA1,1010,AD
10657,14,73659569,2419054,T,A,PSEN1,1020,AD
10709,20,44640376,1030865,C,A,MMP9,1040,AD
10713,11,95561181,574305,C,T,CEP57,1052,AD
10745,1,92712657,549853,C,A,GLMN,1059,AD
10746,3,4703764,617623,A,T,ITPR1,1065,AD
10755,3,189607267,6544,T,C,TP63,1071,AD
10757,10,43315975,155924,G,A,BMS1,1114,AD
10758,17,40842916,560980,G,A,CNTNAP1,1146,AD
10763,11,1862753,12435,G,A,TNNI2,1147,AD
10766,18,10671568,137634,A,G,PIEZO2,1154,AD
10776,19,42474427,156238,C,T,ATP1A3,1171,AD
10778,3,58062997,126375,G,A,FLNB,1190,AD
10781,12,110238471,5002,G,A,TRPV4,1216,AD
10782,2,239757080,208076,A,C,TWIST2,1231,AD
10784,11,61727038,636003,C,A,BEST1,1243,AD
10813,12,20769240,193025,G,T,PDE3A,1276,AD
10820,6,10404745,547801,G,C,TFAP2A,1297,AD
10828,1,209969822,3414,G,A,IRF6,1300,AD
10830,2,16085788,433151,C,T,MYCN,1305,AD
10840,17,48272803,1685647,C,G,COL1A1,1310,AD
10842,19,41848114,12528,A,G,TGFB1,1328,AD
10848,18,48593485,24845,C,G,SMAD4,1333,AD
10860,22,17584408,580706,C,T,IL17RA,1334,AD
10872,15,66729162,375981,C,T,MAP2K1,1340,AD
10900,17,66511541,12669,A,G,PRKAR1A,1359,AD
10921,22,25627584,16949,C,T,CRYBB2,1377,AD
10946,20,2451408,183435,G,T,SNRPB,1393,AD
10951,17,54672195,6696,G,T,NOG,1412,AD
10952,5,14871543,5198,G,A,ANKH,1416,AD
10957,14,36986944,8980,G,A,NKX2-1,1429,AD
10965,1,247587677,4378,T,C,NLRP3,1451,AD
10967,6,45405701,9304,A,G,RUNX2,1452,AD
10986,17,38793743,666261,C,A,SMARCE1,1465,AD
11094,11,102094386,120327,G,T,YAP1,1473,AD
11096,10,102566276,156296,C,T,PAX2,1475,AD
11110,5,172662043,30112,T,A,NKX2-5,1479,AD
11132,17,59560831,7857,A,G,TBX4,1509,AD
11140,17,41836049,31593,C,A,SOST,1513,AD
11141,12,21998575,35535,A,G,ABCC9,1517,AD
11146,22,24718206,561338,G,A,SPECC1L,1519,AD
11151,5,14713746,5201,A,G,ANKH,1522,AD
11154,2,223096795,1686005,A,G,PAX3,1529,AD
11155,8,38282208,16279,G,C,FGFR1,1540,AD
11161,7,156802553,14853,G,T,MNX1,1552,AD
11168,10,123274768,478046,C,T,FGFR2,1555,AD
11170,1,207642544,581865,G,T,CR2,1572,AD
11215,4,88532076,16857,T,G,DSPP,1653,AD
11216,4,95174823,30981,G,T,SMARCAD1,1658,AD
11218,1,40735705,1709555,T,A,ZMPSTE24,1662,AD
11221,17,8140791,2153209,G,A,CTC1,1775,AD
11274,2,239757211,30678,C,T,TWIST2,1807,AD
11276,2,109522763,463874,C,T,RANBP2,1810,AD
11297,17,17720597,932243,G,A,SREBF1,1839,AD
11298,12,48367875,17392,G,T,COL2A1,1856,AD
11303,4,1808989,65563,A,C,FGFR3,1860,AD
11313,14,21794054,813234,T,A,RPGRIP1,1871,AD
11320,17,7918069,497765,C,T,GUCY2D,1872,AD
11410,12,65633750,2759,C,T,LEMD3,1879,AD
11412,1,150525716,392464,C,T,ADAMTSL4,1885,AD
11420,3,189582168,6527,C,T,TP63,1896,AD
11429,17,48275866,489067,C,A,COL1A1,1899,AD
11433,2,166894542,189924,A,G,SCN1A,1934,AD
12187,11,792142,626258,C,T,SLC25A22,1935,AD
12191,9,140058271,433116,T,C,GRIN1,1945,AD
12251,8,133492665,2713298,C,A,KCNQ3,1949,AD
12287,6,80626534,430572,A,C,ELOVL4,1955,AD
12288,22,39639966,75245,C,T,PDGFB,1980,AD
12308,16,68847398,438812,G,T,CDH1,1997,AD
12311,19,38976628,42101,C,A,RYR1,2020,AD
12315,1,103379943,29649,C,A,COL11A1,2021,AD
12317,17,67249934,139604,C,G,ABCA5,2026,AD
12318,18,24081111,55881,G,T,KCTD1,2036,AD
12327,16,30747937,144049,C,T,SRCAP,2044,AD
12333,4,119659416,638179,C,A,SEC24D,2050,AD
12341,17,10543521,14141,A,T,MYH3,2053,AD
12346,15,48802322,180352,G,A,FBN1,2084,AD
12348,4,186329553,204613,A,G,UFSP2,2114,AD
12350,8,38272129,585294,A,G,FGFR1,2117,AD
12359,12,122284995,979166,T,C,HPD,2118,AD
12361,19,42474551,1251996,C,T,ATP1A3,2131,AD
12373,17,54926134,135641,G,A,DGKE,2134,AD
12390,20,47649632,803611,C,T,ARFGEF2,2149,AD
12396,2,145157109,4754,T,A,ZEB2,2152,AD
12467,17,74475090,31178,A,G,RHBDF2,2198,AD
12468,13,20763545,17015,C,G,GJB2,2202,AD
12472,4,4864619,461602,C,T,MSX1,2228,AD
12475,10,8106000,16624,T,A,GATA3,2237,AD
12487,6,10876726,433164,G,T,GCM2,2238,AD
12492,16,15865425,1252066,C,T,MYH11,2241,AD
12493,11,31827945,3479,C,G,PAX6,2253,AD
12494,18,19752192,211063,C,T,GATA6,2255,AD
12500,17,17720587,932245,A,G,SREBF1,2273,AD
12501,19,7267529,14694,C,T,INSR,2297,AD
12507,17,39768570,14606,A,C,KRT16,2309,AD
12533,17,40469203,1005984,G,A,STAT3,2314,AD
12560,12,49436429,2442329,C,T,KMT2D,2322,AD
12754,16,89347299,1031770,G,C,ANKRD11,2332,AD
12831,11,31815103,3469,T,A,PAX6,2334,AD
12832,12,50355913,65478,C,A,AQP5,2337,AD
12836,17,41719379,39508,G,A,MEOX1,2345,AD
12838,1,156084887,14479,C,G,LMNA,2348,AD
12842,10,123247609,13298,C,T,FGFR2,2363,AD
12846,12,48369835,17393,C,T,COL2A1,2380,AD
12847,9,130982480,280148,C,T,DNM1,2382,AD
12855,7,27239290,14890,G,T,HOXA13,2438,AD
12858,3,189582138,6531,A,G,TP63,2440,AD
12862,1,2160287,2202692,T,A,SKI,2462,AD
12872,22,46345873,1299461,G,C,WNT7B,2470,AD
12887,12,112926896,31550,C,T,PTPN11,2499,AD
12895,10,94405160,1803208,C,T,KIF11,2526,AD
12915,7,99693073,1173058,T,C,MCM7,2554,AD
12939,10,90699300,18278,G,A,ACTA2,2573,AD
12946,18,19095468,1684664,T,A,GREB1L,2578,AD
12947,7,92762613,446529,A,G,SAMD9L,2585,AD
12949,18,48593559,548563,T,C,SMAD4,2588,AD
12951,5,149505131,973197,A,C,PDGFRB,2591,AD
12958,1,160160707,3233253,A,T,CASQ1,2593,AD
12963,1,201869033,264986,G,A,LMOD1,2604,AD
12978,9,129455567,976712,G,C,LMX1B,2613,AD
12979,9,129377847,988549,C,T,LMX1B,2614,AD
13001,12,110222184,18431,G,A,TRPV4,2635,AD
13005,8,38279407,16286,T,A,FGFR1,2645,AD
13007,4,1803564,16332,C,T,FGFR3,2655,AD
13008,8,97316309,97036,T,C,PTDSS1,2658,AD
13011,17,29556042,373947,G,A,NF1,2678,AD
13014,19,852972,2925630,G,A,ELANE,2686,AD
13038,10,112724120,6821,A,G,SHOC2,2701,AD
13039,6,121768057,844190,G,A,GJA1,2710,AD
13060,20,39317283,30769,A,C,MAFB,2774,AD
13067,19,15272192,208069,T,A,NOTCH3,2789,AD
13070,11,68125270,6284,C,T,LRP5,2790,AD
13071,3,133654617,1174125,C,T,SLCO2A1,2796,AD
13092,2,241727535,30169,G,A,KIF1A,2836,AD
13093,3,130694231,5586,G,T,ATP2C1,2841,AD
13099,19,1206931,1378041,C,T,STK11,2869,AD
13148,4,55603344,3066083,T,A,KIT,2884,AD
13152,18,52927182,695020,G,T,TCF4,2896,AD
13198,17,78156590,280130,G,A,CARD14,2897,AD
13200,17,75398380,5863,C,T,SEPTIN9,2901,AD
13203,17,17118502,253251,G,A,FLCN,2903,AD
13204,19,11559732,1255531,C,A,PRKCSH,2924,AD
13234,10,88651915,182065,G,T,BMPR1A,2929,AD
13302,1,240071103,974798,G,A,CHRM3,2970,AD
13304,17,79478408,29588,G,T,ACTG1,2995,AD
13309,2,48915312,14402,T,G,LHCGR,3000,AD
13318,10,76788651,30528,G,T,KAT6B,3047,AD
13331,9,2081905,1686216,T,A,SMARCA2,3051,AD
13355,11,533553,12605,T,C,HRAS,3071,AD
13362,14,29237130,373043,C,G,FOXG1,3095,AD
13413,17,42636700,617609,G,A,FZD2,3107,AD
13421,12,115118683,7988,C,G,TBX3,3138,AD
13426,3,57233812,1470869,C,T,HESX1,3157,AD
13431,5,67576835,1686070,G,A,PIK3R1,3163,AD
13439,9,36234030,2945682,A,T,GNE,3166,AD
13453,7,73474514,16723,C,T,ELN,3193,AD
13483,4,158074079,1064420,C,T,GLRB,3197,AD
13532,16,88808480,1344888,G,A,PIEZO1,3202,AD
13539,6,49585826,438646,A,C,RHAG,3203,AD
13542,11,4095850,132887,C,T,STIM1,3204,AD
13545,20,34021789,8388,C,T,GDF5,3237,AD
13553,6,91263297,1341502,A,C,MAP3K7,3238,AD
13556,20,34021742,8389,C,T,GDF5,3250,AD
13567,10,90773125,645697,G,A,FAS,3261,AD
13597,6,123837328,1708485,C,A,TRDN,3286,AD
13685,18,19751128,977802,G,A,GATA6,3303,AD
13689,12,57569429,132834,A,G,LRP1,3406,AD
13690,3,70001038,1297077,G,C,MITF,3440,AD
13717,7,148506428,1451532,G,A,EZH2,3447,AD
13726,19,8665913,1944,G,A,ADAMTS10,3449,AD
13732,2,166237679,1342683,A,T,SCN2A,3451,AD
13764,1,17380514,2583584,T,C,SDHB,29072,AD
13860,16,29824937,39753,C,T,PRRT2,31709,AD
13865,12,6443299,97646,G,A,TNFRSF1A,32960,AD
13877,16,86601315,7260,C,T,FOXC2,33001,AD
13883,2,166929883,217241,G,T,SCN1A,33069,AD
14060,7,157160110,31529,C,G,DNAJB6,34516,AD
14071,17,31267917,224331,A,C,TMEM98,35612,AD
14076,10,88820685,16126,T,G,GLUD1,35878,AD
14082,9,94809520,456600,C,A,SPTLC1,36386,AD
14087,2,166894413,3237160,G,T,SCN1A,36387,AD
14168,7,94257560,1454493,T,C,SGCE,36899,AD
14203,17,68172357,638351,G,T,KCNJ2,37553,AD
14215,12,5021519,13485,G,C,KCNA1,37612,AD
14230,3,70005682,545015,G,A,MITF,42665,AD
14234,1,17349214,428923,C,T,SDHB,44890,AD
14276,12,49578933,988578,G,C,TUBA1A,45358,AD
14277,2,167085482,6358,C,A,SCN9A,46348,AD
14282,6,50805690,8039,C,A,TFAP2B,46627,AD
14288,1,247588460,97946,A,G,NLRP3,47045,AD
14294,4,88533341,1343807,G,C,DSPP,49042,AD
14298,2,219757649,532829,A,C,WNT10A,50944,AD
14299,11,2594100,3144,G,A,KCNQ1,51083,AD
14310,6,132172362,1699957,A,T,ENPP1,51608,AD
14329,2,136872471,14022,C,A,CXCR4,51636,AD
14332,15,89761796,13099,C,T,RLBP1,52427,AD
14334,9,35065352,1457378,T,C,VCP,52430,AD
14338,1,43395392,1335936,C,A,SLC2A1,53583,AD
14342,11,22283700,1358563,T,G,ANO5,53697,AD
14363,13,48986559,1685927,T,C,RB1,55654,AD
14377,3,58064506,6401,A,G,FLNB,56305,AD
14378,14,23885260,143219,C,G,MYH7,59135,AD
14384,22,33255338,12676,A,T,TIMP3,59181,AD
14388,5,174156297,16963,G,A,MSX2,60015,AD
14395,9,101908835,12521,A,G,TGFBR1,60030,AD
14406,7,128494845,1410219,G,A,FLNC,63273,AD
14429,5,161524845,934755,C,T,GABRG2,64280,AD
14454,6,7580207,1454187,C,T,DSP,65282,AD
14561,10,89692851,7832,T,C,PTEN,65285,AD
14563,18,55321298,2679846,C,T,ATP8B1,65682,AD
14592,19,46057035,4240,C,T,OPA3,67036,AD
14593,11,119210211,1687105,G,T,MFRP,67042,AD
14594,16,31496235,29882,C,A,SLC5A2,69076,AD
14600,17,39743068,66333,G,A,KRT14,69087,AD
14601,15,77324645,4434,G,C,PSTPIP1,69126,AD
14604,7,87046627,1685489,C,T,ABCB4,69663,AD
14606,20,62679962,433539,C,A,SOX18,69735,AD
14610,1,43392825,16106,T,A,SLC2A1,71277,AD
14642,3,168818706,218952,T,C,MECOM,71289,AD
14645,19,42474620,12913,A,G,ATP1A3,71517,AD
14684,1,19570175,631526,G,A,EMC1,71529,AD
14692,13,110844605,18462,C,G,COL4A1,73229,AD
14697,15,99434817,635842,G,T,IGF1R,73273,AD
14700,7,128482957,1072180,C,A,FLNC,75249,AD
14728,6,100046804,625875,T,C,LOC111365204,75373,AD
14729,1,196659255,16560,C,T,CFH,75376,AD
14731,6,42672347,13182,C,A,PRPH2,75377,AD
14736,12,7241317,267353,G,C,C1R,75392,AD
14744,6,75811720,692031,G,A,COL12A1,75840,AD
14775,8,116599422,2946615,G,A,TRPS1,77258,AD
14816,3,181430314,986770,C,G,SOX2,77298,AD
14839,3,12422858,2412803,T,G,PPARG,79083,AD
14848,1,155629714,375640,C,A,YY1AP1,79094,AD
14853,7,5568167,18275,G,A,ACTB,79107,AD
14854,17,42945654,426481,C,T,EFTUD2,79113,AD
14871,10,78850191,9427,T,C,KCNMA1,79137,AD
14875,20,30804412,56808,G,T,POFUT1,79145,AD
14881,12,110778795,29610,C,T,ATP2A2,79151,AD
14883,1,155288083,217748,G,A,FDPS,79152,AD
14886,3,98311871,801990,G,A,CPOX,79273,AD
14887,11,118959926,1461,G,A,HMBS,79276,AD
14920,18,55218544,553,T,C,FECH,79278,AD
14932,7,44184766,16143,G,A,GCK,79299,AD
14937,12,52913540,14650,A,G,KRT5,79396,AD
14943,17,39740131,66377,C,T,KRT14,79399,AD
14947,17,39739497,14623,C,T,KRT14,79400,AD
14953,8,145004220,2949315,G,A,PLEC,79401,AD
14962,3,48618330,1073113,G,A,COL7A1,79410,AD
14967,3,48610374,17436,C,T,COL7A1,79411,AD
14972,20,57480512,1065884,C,A,GNAS,79443,AD
14997,20,57466872,1217738,C,T,GNAS,79444,AD
15001,20,57466815,209158,C,T,GNAS,79445,AD
15003,1,228345602,2079,C,T,GJC2,79452,AD
15017,1,161136672,8703,T,C,PPOX,79473,AD
15022,16,50821763,267245,G,A,CYLD,79493,AD
15026,15,67546909,620111,G,A,AAGAB,79501,AD
15029,1,92754709,2672116,C,G,GLMN,83454,AD
15031,12,4409143,3254550,A,C,CCND2,83473,AD
15043,2,216241335,16323,A,T,FN1,84090,AD
15048,4,1807803,16355,G,A,FGFR3,85164,AD
15050,4,1803568,16339,C,G,FGFR3,85165,AD
15051,12,110238457,126483,G,C,TRPV4,85169,AD
15054,11,2905349,35530,C,G,CDKN1C,85173,AD
15058,10,76788246,1679292,G,C,KAT6B,85201,AD
15069,18,29172949,660385,A,G,TTR,85447,AD
15121,9,124073097,16180,G,A,GSN,85448,AD
15123,15,45007839,31907,G,A,B2M,85450,AD
15128,1,205031637,1406570,C,T,CNTN2,86814,AD
15137,12,48376675,17394,C,T,COL2A1,86820,AD
15138,6,133783617,1185589,T,C,EYA4,87884,AD
15158,1,160165766,183021,A,G,CASQ1,88635,AD
15159,11,102495949,139625,C,T,MMP20,88661,AD
15194,3,48621990,931094,C,A,COL7A1,89843,AD
15198,12,4479738,5025,C,T,FGF23,89937,AD
15200,12,111855950,1686181,A,G,SH2B3,90042,AD
15201,2,220080749,218179,C,T,ABCB6,90044,AD
15202,3,100447603,100909,C,T,TFG,90117,AD
15205,16,50744822,4696,C,T,NOD2,90340,AD
15214,10,97380934,2924294,G,A,ALDH18A1,90348,AD
15218,12,52960899,30719,C,T,KRT74,90368,AD
15221,17,15134268,433198,C,A,PMP22,90658,AD
15222,14,81558907,6434,T,A,TSHR,90673,AD
15230,15,67477202,573480,G,T,SMAD3,91387,AD
15587,10,69991289,144065,T,A,ATOH7,91495,AD
15589,17,36099518,635695,G,T,HNF1B,93111,AD
15637,10,123276865,13286,G,C,FGFR2,93260,AD
15638,4,1806153,16329,C,A,FGFR3,93262,AD
15639,17,48269248,1332753,C,A,COL1A1,93308,AD
15642,2,20205913,7546,C,G,MATN3,93311,AD
15643,12,110222190,18435,C,T,TRPV4,93314,AD
15644,2,216295437,638046,C,G,FN1,93315,AD
15648,12,48373302,17367,C,A,COL2A1,93346,AD
15654,16,29808289,2575102,G,A,KIF22,93360,AD
15655,20,34025192,8384,T,C,GDF5,93384,AD
15657,12,28116626,13738,A,G,PTHLH,93387,AD
15663,4,96051067,446284,C,A,BMPR1B,93388,AD
15673,4,96051026,6555,T,A,BMPR1B,93396,AD
15675,6,121768420,16987,G,A,GJA1,93404,AD
15676,2,176959400,14874,A,G,HOXD13,93406,AD
15677,22,30050645,1319646,G,A,NF2,93921,AD
15689,12,48393736,195148,G,T,COL2A1,94068,AD
15705,20,57466921,873534,G,C,GNAS,94089,AD
15706,3,87313450,2258706,G,A,POU1F1,95494,AD
15707,9,140353502,978574,G,T,NSMF,95496,AD
15709,17,44248468,521688,G,A,KANSL1,96169,AD
15720,11,111958683,142068,C,A,SDHD,97286,AD
15725,20,31023304,3062126,G,A,ASXL1,97297,AD
15743,3,193361414,217843,A,G,OPA1,98673,AD
15759,19,13418598,422557,G,A,CACNA1A,98758,AD
15763,19,54401351,42129,G,A,PRKCG,98763,AD
15779,13,102379040,489406,T,A,FGF14,98764,AD
15780,11,66481116,5275,A,G,SPTBN2,98766,AD
15781,19,50826866,13474,G,T,KCNC3,98768,AD
15785,3,4856819,224119,G,A,ITPR1,98769,AD
15787,1,112329682,375399,A,G,KCND3,98772,AD
15794,1,1470772,161193,G,C,TMEM240,98773,AD
15795,9,138670627,183028,G,A,KCNT1,98784,AD
15804,19,6495699,92111,C,T,TUBB4A,98805,AD
15806,8,42698231,532263,G,A,THAP1,98806,AD
15818,14,55369075,2947428,G,A,GCH1,98808,AD
15857,16,29824910,1352762,C,T,PRRT2,98809,AD
15879,1,43424307,1803945,T,A,SLC2A1,98811,AD
15884,22,32241109,2836696,T,G,DEPDC5,98820,AD
15965,15,69738654,1344521,C,G,KIF23,98870,AD
15966,5,135392470,7867,G,A,TGFBI,98960,AD
15967,5,135382095,7873,C,A,TGFBI,98962,AD
15969,5,135382096,7869,G,A,TGFBI,98963,AD
15970,5,135382095,7868,C,T,TGFBI,98964,AD
15972,1,36563919,17147,G,T,COL8A2,98973,AD
15981,10,31810183,2443788,G,T,ZEB1,98974,AD
15984,2,38298404,7732,C,A,CYP1B1,98976,AD
15998,1,171605441,1342203,T,G,MYOC,98977,AD
16008,6,42672295,438671,G,C,PRPH2,99000,AD
16016,16,89617015,989131,A,T,SPG7,99013,AD
16040,2,219754876,2921456,C,T,WNT10A,99798,AD
16086,4,41750433,2851099,G,T,PHOX2B,99803,AD
16091,14,81609917,2444338,C,A,TSHR,99819,AD
16093,2,11913792,4910,G,T,LPIN1,99845,AD
16098,1,193111152,2585772,A,T,CDC73,99879,AD
16099,11,17483321,21169,G,T,ABCC8,99885,AD
16108,6,29641145,719,C,T,ZFP57,99886,AD
16115,8,24813976,1685969,G,C,NEFL,99939,AD
16127,7,75933160,7482,C,T,HSPB1,99940,AD
16133,1,12058932,2431040,G,T,MFN2,99947,AD
16146,21,27264168,18087,C,G,APP,100006,AD
16148,20,23615967,5634,A,T,CST3,100008,AD
16149,11,57381860,1694638,C,T,SERPING1,100050,AD
16234,14,51081140,4348,A,G,ATL1,100984,AD
16261,2,32362002,240948,C,T,SPAST,100985,AD
16425,15,23086278,2520,G,C,NIPA1,100988,AD
16429,8,126073434,1163,T,C,WASHC5,100989,AD
16436,12,57957994,989064,A,G,KIF5A,100991,AD
16447,19,45998240,3248640,G,A,RTN2,100993,AD
16448,2,198353050,561192,G,C,HSPD1,100994,AD
16450,2,241737094,989187,A,G,KIF1A,101010,AD
16468,2,86481939,1860,T,C,REEP1,101011,AD
16488,2,47388990,96721,T,A,CALM2,101016,AD
16672,7,103214540,1371832,T,A,RELN,101046,AD
16700,17,15142892,8433,G,A,PMP22,101081,AD
16703,1,161276545,1685953,T,A,MPZ,101082,AD
16708,8,24814012,1333320,G,C,NEFL,101085,AD
16711,20,1961091,18459,G,A,PDYN,101108,AD
16713,18,12337504,30425,C,T,AFG3L2,101109,AD
16721,2,55870290,1695428,T,C,PNPT1,101111,AD
16722,19,3978097,66077,G,T,EEF2,101112,AD
16723,1,45480475,65,G,T,UROD,101330,AD
16732,15,38641659,960145,A,T,SPRED1,137605,AD
16766,5,86674233,620150,C,T,RASA1,137667,AD
16807,6,12292700,120214,T,A,EDN1,137888,AD
16824,11,62469971,4543,T,C,BSCL2,139536,AD
16825,17,54672083,6702,C,G,NOG,140908,AD
16827,2,166170242,207050,C,G,SCN2A,140927,AD
16890,9,140127675,444094,C,G,SLC34A3,157215,AD
16897,10,88679141,183728,C,T,BMPR1A,157794,AD
16899,17,56440943,190226,G,A,RNF43,157798,AD
16900,19,49468601,16481,C,A,FTL,157846,AD
16907,20,4680464,13398,G,A,PRNP,157941,AD
16910,1,156105894,14523,T,C,LMNA,157973,AD
16913,22,38369962,976284,G,T,SOX10,163746,AD
16920,6,33134513,17123,C,T,COL11A2,166100,AD
16925,15,74631102,17523,A,T,CYP11A1,168558,AD
16930,1,43395556,207193,G,A,SLC2A1,168577,AD
16933,1,156107433,66855,T,G,LMNA,168796,AD
16934,1,154145447,12450,C,T,TPM3,171433,AD
16939,14,35182668,8160,C,T,CFL2,171436,AD
16942,15,65370375,31062,C,T,KBTBD13,171439,AD
16944,7,128494177,1457860,C,T,FLNC,171445,AD
16977,12,49578944,160147,C,A,TUBA1A,171680,AD
16989,3,155571448,6132,A,C,SLC33A1,171863,AD
16990,20,3065266,12206,C,T,AVP,178029,AD
17004,2,176983892,14878,T,A,HOXD10,178382,AD
17005,2,179410777,132135,C,A,TTN,178464,AD
17008,2,74605185,8407,T,G,DCTN1,178509,AD
17011,22,36678800,14072,G,A,MYH9,182050,AD
17023,16,31473667,144052,C,T,ARMC5,189427,AD
17030,15,40293425,426058,G,A,EIF2AK4,199241,AD
17051,3,4747877,39571,G,A,ITPR1,208513,AD
17056,20,56993374,4806,C,T,VAPB,209335,AD
17057,14,36987077,1712809,G,T,NKX2-1,209905,AD
17067,7,114270016,807606,C,T,FOXP2,209908,AD
17074,8,37607311,92113,G,T,ERLIN2,209951,AD
17078,5,36674182,9442,T,A,SLC1A3,209967,AD
17080,16,86546690,800370,G,C,FOXF1,210122,AD
17100,10,89720676,2502345,A,G,PTEN,210548,AD
17108,6,133703563,1419206,C,T,EYA4,217622,AD
17115,16,2090035,2673807,C,A,NTHL1,220460,AD
17147,7,91852211,1452958,G,A,KRIT1,221061,AD
17277,5,76507054,235863,G,T,PDE8B,228169,AD
17278,3,128200113,29709,G,A,GATA2,228423,AD
17280,11,5246890,1705074,G,A,HBB,231226,AD
17282,3,48612549,17457,C,T,COL7A1,231568,AD
17295,2,109547419,5854,C,T,RANBP2,238468,AD
17315,18,50866184,1676259,C,T,DCC,238722,AD
17324,3,48508106,4185,G,A,TREX1,247691,AD
17325,1,22446952,6308,T,C,WNT4,247768,AD
17328,11,31815287,800460,G,A,PAX6,250923,AD
17425,11,128781619,91915,G,A,KCNJ5,251274,AD
17430,12,6574054,240888,A,C,VAMP1,251282,AD
17431,8,106813516,156583,T,A,ZFPM2,251510,AD
17436,9,140657125,1048612,A,G,EHMT1,261494,AD
17464,19,7120688,14708,C,T,INSR,263458,AD
17466,3,87302622,1655,C,T,CHMP2B,275864,AD
17470,17,42429455,98177,C,T,GRN,275872,AD
17532,10,43609070,13933,G,A,RET,276152,AD
17546,20,2384470,1299628,G,T,TGM6,276193,AD
17548,14,95557626,412119,G,A,DICER1,276399,AD
17549,22,24109625,180221,C,A,CHCHD10,276435,AD
17550,11,17428605,434053,G,A,ABCC8,276575,AD
17574,15,90209174,29827,C,A,PLIN1,280356,AD
17575,9,80919758,1082,A,C,PSAT1,284417,AD
17577,15,48779581,16447,T,A,FBN1,284979,AD
17582,15,67473792,692110,G,A,SMAD3,284984,AD
17586,16,89187301,2028960,G,T,ACSF3,289504,AD
17606,20,44676648,2123969,C,T,SLC12A5,293181,AD
17635,10,105811911,1685644,A,C,COL17A1,293381,AD
17639,19,40762959,29804,C,T,AKT2,293964,AD
17640,16,90010472,2579671,G,A,.,300570,AD
17648,6,3225607,236255,C,A,TUBB2B,300573,AD
17656,1,156084712,488705,G,A,LMNA,300751,AD
17666,10,123274746,29855,A,C,FGFR2,313855,AD
17668,19,10265385,50920,G,A,DNMT1,314404,AD
17669,1,7796479,1685599,C,T,CAMTA1,314647,AD
17674,3,172166198,7633,C,T,GHSR,314811,AD
17675,11,118353135,2672117,A,G,KMT2A,319182,AD
17725,16,85942659,56843,A,G,IRF8,319600,AD
17726,12,121432080,14945,C,A,HNF1A,324575,AD
17727,3,123044168,208485,C,A,ADCY5,324588,AD
17736,21,27264168,18099,C,T,APP,324713,AD
17737,21,27264167,18098,T,C,APP,324723,AD
17738,11,65998359,1686002,G,A,PACS1,329224,AD
17739,2,3596658,372199,G,A,RNASEH1,329336,AD
17740,18,11824986,39969,G,A,GNAL,329466,AD
17744,10,88672049,802600,C,T,BMPR1A,329971,AD
17747,12,32884052,6015,C,A,DNM1L,330050,AD
17751,10,70218901,41478,T,C,DNA2,352470,AD
17752,7,70231114,372310,C,T,AUTS2,352490,AD
17760,18,31320408,522818,G,A,ASXL3,352577,AD
17784,9,135221705,2071447,G,A,SETX,357043,AD
17789,16,67654616,1325778,G,A,CTCF,363611,AD
17797,1,153785734,620074,G,A,GATAD2B,363686,AD
17816,12,116413346,982756,G,T,MED13L,369891,AD
17840,2,191859919,30094,T,G,STAT1,391487,AD
17858,19,11221395,251589,C,A,LDLR,391665,AD
18151,5,67589536,446500,G,C,PIK3R1,397596,AD
18161,5,35070276,89027,T,C,PRLR,397685,AD
18164,19,50771512,30739,G,T,MYH14,397744,AD
18165,17,4925567,101066,C,T,KIF1C,397946,AD
18168,6,160225031,1184262,C,T,PNLDC1,399805,AD
18172,5,92920732,2683748,G,A,NR2F1,401777,AD
18188,5,137777087,864419,T,G,REEP2,401849,AD
18190,3,9516191,1801347,C,T,SETD5,404440,AD
18211,2,25457182,139619,A,G,DNMT3A,404443,AD
18240,4,6303947,215413,G,A,WFS1,411590,AD
18241,12,40692927,1939,A,G,LRRK2,411602,AD
18254,4,79396656,1328427,C,T,FRAS1,411709,AD
18258,1,27875004,807539,C,T,AHDC1,412069,AD
18280,19,13136153,559943,C,T,NFIX,420179,AD
18292,11,26619934,39497,G,T,ANO3,420485,AD
18296,1,211192506,162523,C,G,KCNH1,420561,AD
18299,6,53135458,144075,C,A,ELOVL5,423296,AD
18301,18,42530893,2429955,C,T,SETBP1,436151,AD
18327,2,204736215,161111,G,C,CTLA4,436159,AD
18341,5,139494382,189318,A,T,PURA,438213,AD
18365,20,62076082,7391,C,T,KCNQ2,439218,AD
18397,13,48835358,5979,T,A,ITM2B,439254,AD
18398,20,47991415,3062072,G,A,KCNB1,442835,AD
18483,5,132269997,190329,T,C,AFF4,444077,AD
18484,19,50209219,1455162,C,T,CPT1C,444099,AD
18489,22,24109778,180220,C,A,CHCHD10,457050,AD
18491,8,41795056,180230,G,A,KAT6A,457193,AD
18504,6,42975013,190287,C,G,PPP2R5D,457279,AD
18514,19,52715971,190313,C,T,PPP2R1A,457284,AD
18517,1,11174420,156709,C,T,MTOR,457485,AD
18523,17,48694921,221981,G,A,CACNA1G,458803,AD
18524,21,38865381,280454,T,G,DYRK1A,464306,AD
18562,22,31337537,254251,T,C,MORC2,466768,AD
18568,12,49578885,1330377,G,T,TUBA1A,467166,AD
18571,2,121746928,816868,G,A,GLI2,468678,AD
18597,5,14388735,830228,G,A,TRIO,476126,AD
18607,1,23395059,218912,G,A,KDM1A,477993,AD
18610,1,22405039,208731,A,G,CDC42,487796,AD
18614,5,140056343,217509,C,A,HARS1,488333,AD
18617,3,8775678,31740,T,C,CAV3,488650,AD
18620,1,8416219,1686125,G,A,RERE,494344,AD
18624,3,154834337,253194,G,A,MME,497764,AD
18625,21,34927559,453018,C,T,SON,500150,AD
18632,7,6431631,1727259,G,A,RAC1,500159,AD
18640,15,75692425,3234067,G,A,SIN3A,500166,AD
18647,2,8873577,374908,C,T,KIDINS220,521390,AD
18650,5,98229258,438819,C,T,CHD1,529965,AD
18652,12,53073912,15910,T,A,KRT1,530838,AD
18654,6,75812371,204296,C,T,COL12A1,536516,AD
18656,13,101742055,816891,G,T,NALCN,562528,AD
18674,1,39826485,1685933,C,T,MACF1,572013,AD
18675,19,36224662,374872,A,G,KMT2B,589618,AD
18680,6,79672902,39979,A,C,PHIP,589905,AD
18695,1,24151875,521752,G,A,HMGCL,5,AR
18701,3,182751809,1457124,T,A,MCCC1,6,AR
18750,8,126044481,92129,A,T,WASHC5,7,AR
18755,11,112097169,2704000,G,T,PTS,13,AR
18779,4,100543913,14243,G,T,MTTP,14,AR
18790,2,84658643,1325153,G,A,SUCLG1,17,AR
18802,1,24147011,1459880,G,A,HMGCL,20,AR
18814,6,24503660,1878455,C,G,ALDH5A1,22,AR
18852,7,65557771,2136547,G,C,ASL,23,AR
18893,19,13004373,2675877,C,G,GCDH,25,AR
18983,1,45974704,496436,C,A,MMACHC,26,AR
19021,6,49416574,495778,G,A,MMUT,27,AR
19094,4,146576317,203816,C,T,MMAA,28,AR
19152,12,110012685,649235,C,A,MVK,29,AR
19165,3,124456430,11907,T,G,UMPS,30,AR
19166,7,44714800,1331346,A,G,OGDH,31,AR
19170,20,33529536,2903932,C,T,GSS,32,AR
19182,15,40700137,2769189,G,A,IVD,33,AR
19197,3,136047701,217895,T,C,PCCB,35,AR
19282,15,90172729,2695136,G,A,KIF7,36,AR
19304,8,145638672,3538,C,T,SLC39A4,37,AR
19312,9,35794071,2925446,C,T,NPR2,40,AR
19341,1,76211597,1992620,A,T,ACADM,42,AR
19396,1,2343940,162434,A,G,PEX10,44,AR
19423,22,40757286,1070511,G,A,ADSL,46,AR
19447,3,120363303,2148805,A,C,HGD,56,AR
19584,16,30080145,18177,A,G,ALDOA,57,AR
19586,14,94849232,2968675,G,A,SERPINA1,60,AR
19597,19,12775674,633292,G,A,MAN2B1,61,AR
19639,17,48245751,1068550,C,A,SGCA,62,AR
19655,2,73678931,1962909,T,G,ALMS1,64,AR
19862,5,70247783,3239714,C,T,SMN1,70,AR
19876,5,133944194,2927,C,G,SAR1B,71,AR
19881,17,1657583,276,G,A,SERPINF2,79,AR
19882,16,89866047,835280,C,G,FANCA,84,AR
20396,6,131902424,1973646,A,G,ARG1,90,AR
20419,15,51503207,17816,C,T,CYP19A1,91,AR
20428,4,178361582,1071135,T,C,AGA,93,AR
20438,9,71668109,3979,T,G,FXN,95,AR
20443,8,63985648,370407,C,G,TTPA,96,AR
20447,13,23908273,5519,A,G,SACS,98,AR
20487,11,108115609,2054460,G,T,ATM,100,AR
20741,7,33192463,191219,C,A,BBS9,110,AR
21024,4,103592499,2836697,C,T,MANBA,118,AR
21056,4,52894204,3069174,C,T,SGCB,119,AR
21067,2,219527617,126497,T,A,BCS1L,123,AR
21068,15,91304206,2122349,A,T,BLM,125,AR
21130,3,165547645,225301,C,G,BCHE,132,AR
21135,11,108005970,666483,G,A,ACAT1,134,AR
21174,1,45347394,1285271,C,G,EIF2B3,135,AR
21198,17,3379487,1420788,C,T,ASPA,141,AR
21218,2,211512752,1452254,C,T,CPS1,147,AR
21260,11,68549252,65641,G,A,CPT1A,156,AR
21292,1,53676067,1441122,A,T,CPT2,157,AR
21313,5,131729504,1952751,G,T,SLC22A5,158,AR
21361,3,48899978,545967,G,A,SLC25A20,159,AR
21377,1,235938328,2714322,G,C,LYST,167,AR
21425,18,55355624,2736747,C,T,ATP8B1,172,AR
21428,9,35657869,379208,C,T,RMRP,175,AR
21430,6,137147551,3336540,T,G,PEX7,177,AR
21439,16,14014170,2932701,C,T,ERCC4,191,AR
21469,8,100587947,56803,C,T,VPS13B,193,AR
21621,2,234669155,437210,C,A,UGT1A,205,AR
21627,1,70896071,2940,C,G,CTH,212,AR
21628,17,3543501,1391189,A,T,CTNS,213,AR
21660,2,44547695,2734181,C,T,SLC3A1,214,AR
21689,5,156022025,1394105,G,T,SGCD,219,AR
21695,4,17513637,2721958,A,G,QDPR,226,AR
21713,9,136509420,2022460,C,A,DBH,230,AR
21716,11,5246958,21191,T,C,HBB,232,AR
21723,10,101604086,692030,G,A,ABCC2,234,AR
21730,18,46623771,191091,C,T,DYM,239,AR
21740,16,72055100,16808,C,T,DHODH,246,AR
21744,2,109545744,5849,C,T,RANBP2,248,AR
21747,8,144998009,30173,G,A,PLEC,257,AR
21756,6,129371200,1180611,C,T,LAMA2,258,AR
21797,15,42652006,2032843,G,T,CAPN3,267,AR
21877,2,71740998,94352,C,T,DYSF,268,AR
21901,9,108363606,3206,C,T,FKTN,272,AR
21903,10,14970131,1453759,C,T,DCLRE1C,275,AR
21928,20,43249764,1339532,G,T,ADA,277,AR
21955,4,5692990,937816,A,G,EVC2,289,AR
22021,22,50965004,223062,C,T,TYMP,298,AR
22061,17,76120262,4751,T,A,TMC6,302,AR
22075,17,45012488,30406,G,T,GOSR2,308,AR
22101,16,67470018,12094,C,T,HSD11B2,320,AR
22106,11,46760891,13306,G,T,F2,325,AR
22123,1,169512100,2761343,G,T,F5,326,AR
22145,13,113803580,1341356,G,A,F10,328,AR
22147,1,197024850,16519,C,A,F13B,331,AR
22163,8,17921996,1299374,A,C,ASAH1,333,AR
22174,12,110032947,11930,G,A,MVK,343,AR
22184,9,97372240,869,G,T,FBP1,348,AR
22200,1,24189638,687,G,T,FUCA1,349,AR
22229,20,44523747,2901872,C,T,CTSA,351,AR
22245,13,23898591,2009,G,A,SGCG,353,AR
22256,3,33055554,2925349,C,T,GLB1,354,AR
22299,1,155208388,93453,G,A,GBA1,355,AR
22328,16,56899348,1684169,T,A,SLC12A3,358,AR
22379,21,33671389,1838,G,A,MRAP,361,AR
22404,17,41055955,2138030,T,A,G6PC1,364,AR
22483,17,78081447,188806,G,A,GAA,365,AR
22640,1,100342154,841722,G,C,AGL,366,AR
22725,3,81698005,208584,A,G,GBE1,367,AR
22750,11,64525263,2112713,C,T,PYGM,368,AR
22785,14,51398389,1029651,A,G,PYGL,369,AR
22805,12,48535536,2704310,A,T,PFKM,371,AR
22815,16,88717405,1458496,C,T,CYBA,379,AR
22868,2,238402139,636328,C,T,MLPH,381,AR
22890,19,1397492,2503890,G,A,GAMT,382,AR
22900,21,44485322,2680400,G,A,CBS,394,AR
22920,1,11851268,998376,C,T,MTHFR,395,AR
22959,9,6645410,2758874,C,T,GLDC,407,AR
23074,10,126097456,151,C,A,OAT,414,AR
23109,13,41382734,2856575,T,A,SLC25A15,415,AR
23122,9,37430535,2067052,C,T,GRHPR,416,AR
23244,3,122002810,8329,G,A,CASR,417,AR
23249,22,18901005,4012,G,C,PRODH,419,AR
23255,8,143993962,16879,A,G,CYP11B2,427,AR
23262,2,215802332,419453,G,A,ABCA12,457,AR
23269,9,104190799,1065849,G,A,ALDOB,469,AR
23288,14,23244747,6209,A,C,SLC7A7,470,AR
23310,3,159995413,1071537,G,A,IFT80,474,AR
23511,17,56285941,2953302,C,T,MKS1,475,AR
23826,14,88414071,2089020,C,G,GALC,487,AR
23884,6,145948827,3098,G,A,EPM2A,501,AR
23892,5,52899281,496165,G,A,NDUFS4,506,AR
23931,19,7132241,14686,G,A,INSR,508,AR
23945,6,80881023,952105,C,T,BCKDHB,511,AR
24022,22,51065189,800497,C,T,ARSA,512,AR
24107,9,139569205,6629,T,A,AGPAT2,528,AR
24125,1,150485712,587581,G,T,ECM1,530,AR
24129,17,73839249,2821146,G,T,UNC13D,540,AR
24219,5,138282822,2628,A,G,SIL1,559,AR
24226,17,56296590,2944723,A,T,MKS1,564,AR
24399,19,19309965,1074711,C,T,RFXANK,572,AR
24436,12,102190516,2009926,G,A,GNPTAB,576,AR
24484,19,7593098,2200282,C,T,MCOLN1,578,AR
24504,5,76645262,3233764,G,T,PDE8B,579,AR
24562,12,65141538,2794860,G,T,GNS,581,AR
24630,16,88891246,93162,T,C,GALNS,582,AR
24634,5,78181406,559678,C,A,ARSB,583,AR
24681,7,65439512,975000,C,T,GUSB,584,AR
24701,3,4452595,2095730,G,C,SUMF1,585,AR
24738,7,117170981,53633,T,G,CFTR,586,AR
25057,9,134387456,598282,C,T,POMT1,588,AR
25110,22,43027382,801428,A,G,CYB5R3,621,AR
25115,2,150432957,265247,G,A,MMADHC,622,AR
25125,5,149360517,4096,A,C,SLC26A2,628,AR
25128,5,42700080,8635,A,G,GHR,633,AR
25141,5,147499626,5266,C,T,SPINK5,634,AR
25151,1,156836766,570317,G,T,NTRK1,642,AR
25193,16,81385235,2431042,A,T,GAN,643,AR
25211,18,21153516,1999604,C,T,NPC1,646,AR
25311,8,90965734,2110659,A,T,NBN,647,AR
25357,16,67977904,3662,G,A,LCAT,650,AR
25369,1,6007208,988264,G,A,NPHP4,655,AR
25556,11,67816547,2679127,G,C,TCIRG1,667,AR
25587,11,88027677,7290,C,T,CTSC,678,AR
25613,8,21976740,7340,C,T,HR,701,AR
25617,7,107303857,371034,C,T,SLC26A4,705,AR
25640,13,31891816,1268,G,A,B3GLCT,709,AR
25645,12,103288666,102625,A,G,PAH,716,AR
25921,6,161152261,13579,G,T,PLG,722,AR
25925,15,89876911,694427,C,T,POLG,726,AR
25993,6,51503685,1454836,G,C,PKHD1,731,AR
26115,19,34012665,1299535,A,C,PEPD,742,AR
26124,3,93617381,1901307,G,A,PROS1,743,AR
26147,2,26461825,92594,G,A,HADHA,746,AR
26176,9,99006675,4875,G,A,HSD17B3,752,AR
26187,2,31754489,548153,C,G,SRD5A2,753,AR
26223,16,16259598,433304,A,C,ABCC6,758,AR
26279,14,20940627,13996,C,T,PNP,760,AR
26286,1,150769371,1451614,C,T,CTSK,763,AR
26298,11,111899269,2196317,G,T,DLAT,765,AR
26301,1,155264430,1705384,G,A,PKLR,766,AR
26312,19,7172447,14712,T,C,INSR,769,AR
26316,10,13337607,812375,C,G,PHYH,773,AR
26326,6,152332819,60557,G,T,ESR1,785,AR
26328,5,74014758,2975014,G,A,HEXB,796,AR
26351,15,49089857,31030,C,G,CEP152,808,AR
26363,6,31829856,2444,A,C,NEU1,812,AR
26376,17,19552387,438265,C,T,ALDH3A2,816,AR
26388,11,71153346,2829355,G,C,DHCR7,818,AR
26432,12,56397639,2745311,A,T,SUOX,833,AR
26453,19,36330426,2637929,C,T,NPHS1,839,AR
26484,15,72647932,3930,A,C,HEXA,845,AR
26543,16,222984,2413187,T,G,HBA2,846,AR
26563,17,45331307,953050,G,A,ITGB3,849,AR
26689,22,31011771,2138436,C,T,TCN2,859,AR
26700,12,6979518,12470,T,C,TPI1,868,AR
26705,12,53708083,841221,G,A,AAAS,869,AR
26722,15,80445457,1685807,G,T,FAH,882,AR
26751,1,215853685,1426945,C,A,USH2A,886,AR
26791,19,47259960,1452218,G,A,FKRP,899,AR
26861,8,30945322,1372629,G,T,WRN,902,AR
26948,13,52548635,1371515,G,A,ATP7B,905,AR
27044,2,219679156,65840,T,A,CYP27A1,909,AR
27098,3,14190313,1342722,C,T,XPC,910,AR
27134,2,98354291,13255,C,A,ZAP70,911,AR
27136,8,77895940,2115889,G,A,PEX2,912,AR
27229,17,42084079,931446,T,G,NAGS,927,AR
27247,12,977639,973156,T,G,WNK1,970,AR
27289,16,88876221,988064,A,G,APRT,976,AR
27323,12,125460034,869419,G,A,DHX37,983,AR
27326,11,47469537,939708,G,A,RAPSN,994,AR
27364,17,59543237,805945,T,A,TBX4,1027,AR
27367,17,66538952,35476,T,C,PRKAR1A,1031,AR
27373,16,15761168,620567,C,T,NDE1,1083,AR
27381,14,70477524,30726,C,T,SMOC1,1106,AR
27389,19,35625583,585241,A,G,LGI4,1143,AR
27391,17,39969410,1687196,G,T,FKBP10,1149,AR
27392,6,112382294,1685603,G,A,CCN6,1159,AR
27400,9,32974493,4431,C,T,APTX,1168,AR
27408,9,139313299,221552,G,A,PMPCA,1170,AR
27414,7,5780662,2444427,C,T,RNF216,1173,AR
27422,19,7601333,872466,A,T,PNPLA6,1180,AR
27427,10,102748919,4630,G,A,TWNK,1186,AR
27429,8,74891018,30958,C,T,TMEM70,1194,AR
27434,3,133485220,12620,G,C,TF,1195,AR
27436,18,77748356,162205,G,A,TXNL4A,1200,AR
27440,8,145737702,6073,G,A,RECQL4,1225,AR
27528,9,100616366,6987,G,A,FOXE1,1226,AR
27531,5,68805573,6752,T,C,OCLN,1229,AR
27537,21,43164110,30511,G,T,RIPK4,1234,AR
27540,12,7083589,890,A,G,EMG1,1270,AR
27541,16,65022059,523097,C,A,CDH11,1299,AR
27543,9,136379871,430840,A,G,MYMK,1358,AR
27546,4,186064638,66011,G,A,SLC25A4,1369,AR
27566,1,220379267,2193003,G,A,RAB3GAP2,1387,AR
27570,2,143790838,978269,G,A,KYNU,1388,AR
27575,1,165728783,265628,G,A,TMCO1,1394,AR
27580,1,17609392,374869,C,A,PADI3,1410,AR
27581,15,91478457,3024390,G,T,UNC45A,1414,AR
27582,1,210637852,987946,G,T,HHAT,1422,AR
27584,17,76993330,31017,C,G,CANT1,1425,AR
27600,1,225591105,100901,C,T,LBR,1426,AR
27604,6,33141825,17126,G,T,COL11A2,1427,AR
27608,8,94807731,1381,T,C,TMEM67,1454,AR
27612,19,5693748,180657,T,C,LONP1,1458,AR
27615,20,3208945,1315,T,C,SLC4A11,1490,AR
27623,18,43447562,2842157,A,C,EPG5,1493,AR
27678,15,34527381,3240465,C,G,SLC12A6,1496,AR
27682,9,94499682,7310,G,A,ROR2,1507,AR
27690,4,39246173,1686924,G,T,WDR19,1515,AR
27716,4,175414300,2499675,A,T,HPGD,1525,AR
27722,19,18709408,929438,C,T,CRLF1,1545,AR
27729,21,46825292,17115,A,T,COL18A1,1571,AR
27733,16,68721640,666275,G,C,CDH3,1573,AR
27738,2,88890344,5878,C,A,EIF2AK3,1667,AR
27747,9,111643988,1430990,C,A,ELP1,1764,AR
27749,9,2645603,21381,C,T,VLDLR,1766,AR
27773,12,7053740,2161002,C,T,C12orf57,1777,AR
27778,7,139575393,1031016,G,T,TBXAS1,1802,AR
27779,2,122288501,636959,G,A,CLASP1,1824,AR
27783,2,217300218,4174,T,A,SMARCAL1,1830,AR
27823,7,195685,30876,T,A,FAM20C,1832,AR
27833,19,11687060,1073554,G,A,ACP5,1855,AR
27845,1,22160044,284213,G,A,HSPG2,1865,AR
27847,2,97427707,2849,T,C,CNNM4,1873,AR
27858,9,119461222,802505,A,T,ASTN2,1878,AR
27860,16,68714968,17640,A,T,CDH3,1897,AR
27861,1,12008042,2849163,T,A,PLOD1,1900,AR
27880,5,178549645,581454,G,A,ADAMTS2,1901,AR
27897,16,4848104,1454706,G,A,ROGDI,1946,AR
27912,8,1719290,2802,C,G,CLN8,1947,AR
27913,4,80899214,2581430,G,A,ANTXR2,2028,AR
27921,4,79322023,916639,C,T,FRAS1,2052,AR
27950,2,27315234,12032,G,A,KHK,2056,AR
27952,14,20915433,444886,C,T,OSGEP,2065,AR
27957,2,69271911,50907,C,T,ANTXR1,2067,AR
27958,1,155208006,4314,T,C,GBA1,2072,AR
27959,1,170513982,218115,G,C,GORAB,2078,AR
27964,3,170723895,523034,C,G,SLC2A2,2088,AR
27983,12,21713333,569452,G,A,GYS2,2089,AR
27989,1,108700103,370032,C,T,SLC25A24,2095,AR
27991,5,1217062,449553,T,G,SLC6A19,2116,AR
27992,11,5248173,15161,C,T,HBB,2133,AR
27993,18,57105351,447,C,G,CCBE1,2136,AR
28000,2,170058137,9454,C,T,LRP2,2143,AR
28008,7,155604554,8891,T,A,SHH,2162,AR
28051,5,7878122,2989800,C,G,MTRR,2169,AR
28063,11,125769895,1143,A,G,PUS3,2189,AR
28064,1,43205554,2501010,G,A,CLDN19,2196,AR
28070,7,121726150,1322091,A,C,AASS,2203,AR
28075,1,156084878,14506,G,C,LMNA,2229,AR
28077,9,37785041,2912064,T,A,EXOSC3,2254,AR
28103,20,31387086,2840497,C,T,DNMT3B,2268,AR
28135,18,47373609,1686964,G,A,MYO5B,2290,AR
28147,2,47249058,2707939,G,T,TTC7A,2300,AR
28161,15,90320288,5186,G,T,MESP2,2311,AR
28174,15,43324764,4679,A,G,UBR1,2315,AR
28183,11,61131956,1458178,C,T,TMEM138,2318,AR
28206,1,235600786,5292,T,A,TBCE,2323,AR
28207,14,67783612,983221,A,G,GPHN,2356,AR
28208,19,7615958,183694,G,C,PNPLA6,2377,AR
28209,9,79996923,834822,C,T,VPS13A,2388,AR
28230,7,107545896,2793857,A,T,DLD,2394,AR
28250,1,156107000,14522,G,A,LMNA,2457,AR
28258,18,10787184,638404,T,G,PIEZO2,2461,AR
28259,20,10388262,2154926,A,G,MKKS,2473,AR
28263,11,102822846,9446,G,T,MMP13,2501,AR
28264,2,135890538,560923,C,G,RAB3GAP1,2510,AR
28296,8,6289088,30642,C,G,MCPH1,2512,AR
28419,3,12558134,180670,G,A,TSEN2,2524,AR
28424,12,133250250,40046,G,C,POLE,2575,AR
28425,17,57165752,623386,G,A,TRIM37,2576,AR
28431,8,17917112,812508,G,A,ASAH1,2590,AR
28435,12,132426414,691962,C,G,PUS1,2598,AR
28444,6,97344666,790,A,G,NDUFAF4,2609,AR
28445,6,43006723,1687448,G,A,CUL7,2616,AR
28459,2,122288566,30181,G,A,CLASP1,2636,AR
28461,21,47810624,436263,G,T,PCNT,2637,AR
28486,20,34022080,8393,C,T,GDF5,2639,AR
28488,1,120279800,156361,G,C,PHGDH,2671,AR
28499,10,100219482,60719,T,A,HPSE2,2704,AR
28506,12,109959327,1691089,G,A,UBE3B,2707,AR
28520,9,14740216,68751,C,T,FREM1,2717,AR
28521,11,71944142,39477,C,T,INPPL1,2746,AR
28530,4,170510598,3024122,C,G,NEK1,2751,AR
28531,10,97453655,2034806,A,G,TCTN3,2753,AR
28536,5,37180972,838000,G,A,CPLANE1,2754,AR
28551,6,41130781,56724,C,A,TREM2,2770,AR
28555,3,145789194,7642,C,A,PLOD2,2771,AR
28559,8,86376331,522744,C,A,CA2,2785,AR
28565,11,68157389,6277,G,T,LRP5,2788,AR
28578,8,119936822,802437,G,A,TNFRSF11B,2801,AR
28581,15,44876408,41324,G,A,SPG11,2822,AR
28683,15,62170888,1323753,C,A,VPS13C,2828,AR
28711,2,233028170,2745098,C,T,DIS3L2,2849,AR
28727,12,53823981,1707557,C,T,AMHR2,2856,AR
28734,3,13860827,40130,G,A,WNT7A,2879,AR
28737,20,6096515,1322895,G,A,FERMT1,2908,AR
28752,10,70221206,1710081,T,C,DNA2,2909,AR
28753,1,200613383,1332918,C,A,DDX59,2919,AR
28754,6,116752249,88848,C,T,DSE,2953,AR
28758,10,97392770,392664,G,A,ALDH18A1,2962,AR
28765,21,46309948,265200,G,T,ITGB2,2968,AR
28797,17,73945297,2501787,C,T,ACOX1,2971,AR
28811,2,233404517,2506381,G,A,CHRNG,2990,AR
28819,5,125885678,2136321,A,T,ALDH7A1,3006,AR
28880,11,66618620,2955970,G,T,PC,3008,AR
28905,3,132423185,2634,C,A,NPHP3,3032,AR
28909,17,61561725,1028377,C,T,ACE,3033,AR
28918,8,27660821,21239,A,G,ESCO2,3103,AR
28925,12,21030871,1330934,G,A,SLCO1B3,3111,AR
28927,22,42461846,2867375,G,A,NAGA,3137,AR
28940,1,67512947,1125,C,A,SLC35D1,3144,AR
28945,11,46908040,1393202,G,A,LRP4,3152,AR
28950,4,39226507,1686921,G,T,WDR19,3156,AR
29007,5,54543581,638017,A,G,IL6ST,3206,AR
29017,5,251219,2033420,G,C,SDHA,3208,AR
29033,6,42946593,224320,C,A,PEX6,3220,AR
29046,11,119548444,8969,C,T,NECTIN1,3253,AR
29048,2,113522174,162385,A,G,CKAP2L,3255,AR
29050,11,46921812,428601,C,T,LRP4,3258,AR
29058,17,44851109,13812,G,A,WNT3,3301,AR
29059,1,43814674,1320277,G,C,MPL,3319,AR
29081,1,145507648,1686124,G,A,RBM8A,3320,AR
29088,20,45358004,1399156,T,A,SLC2A10,3342,AR
29093,21,45712234,2962672,C,T,AIRE,3453,AR
29133,10,79784728,619036,C,T,POLR3A,3455,AR
29136,4,103806378,892,G,C,SLC9B1,3463,AR
29159,2,172330432,2694507,T,G,DCAF17,3464,AR
29174,2,31620584,2956,G,A,XDH,3467,AR
29186,16,70815795,397536,A,T,VAC14,3472,AR
29187,1,211093389,183419,G,T,KCNH1,3473,AR
29195,17,16220000,30544,T,C,PIGL,3474,AR
29198,7,117174334,53976,T,C,CFTR,26791,AR
29259,12,121177001,1948098,T,G,ACADS,26792,AR
29265,17,7127550,2035405,A,T,ACADVL,26793,AR
29323,16,71602163,404,G,A,TAT,28378,AR
29331,9,107549221,9494,G,A,ABCA1,31150,AR
29341,1,33487063,18253,C,T,AK2,33355,AR
29348,19,45854980,1705268,C,T,ERCC2,33364,AR
29361,6,53371799,3958,T,A,GCLC,33574,AR
29362,17,39921002,2953146,C,T,JUP,34217,AR
29371,19,47259471,4230,G,A,FKRP,34515,AR
29373,22,38516842,2862124,C,A,PLA2G6,35069,AR
29395,19,17941429,3005350,C,T,JAK3,35078,AR
29432,1,55349371,30576,G,A,DHCR24,35107,AR
29434,3,164739042,1454102,G,A,SI,35122,AR
29440,1,120306794,859738,C,T,HMGCS2,35701,AR
29454,7,40277263,1850,C,T,SUGCT,35706,AR
29455,7,50607624,17809,C,T,DDC,35708,AR
29478,22,32439350,12907,G,A,SLC5A1,35710,AR
29487,14,103395782,2771124,C,A,AMN,35858,AR
29515,18,57005990,8063,A,G,LMAN1,35909,AR
29522,10,14978547,852821,C,A,DCLRE1C,39041,AR
29534,4,187115767,39262,G,A,CYP4V2,41751,AR
29556,5,1212468,917714,C,T,SLC6A19,42062,AR
29558,2,71909684,2674956,G,A,DYSF,45448,AR
29576,11,121177951,916041,C,A,SC5D,46059,AR
29582,3,148919931,2203453,G,A,CP,48818,AR
29612,1,110152730,15922,G,A,GNAT2,49382,AR
29691,1,169446450,5958,C,T,SLC19A2,49827,AR
29699,14,39536460,1228,A,G,SEC23A,50814,AR
29700,3,46937356,13750,C,T,PTH1R,50945,AR
29703,19,44031327,2318,C,A,ETHE1,51188,AR
29717,21,47571884,459967,G,C,FTCD,51208,AR
29720,11,30255162,16241,T,G,FSHB,52901,AR
29723,2,219525942,6167,A,G,BCS1L,53693,AR
29725,2,166611525,7798,G,A,GALNT3,53715,AR
29736,9,136305465,68805,C,T,ADAMTS13,54057,AR
29738,5,149360691,4099,C,A,SLC26A2,56304,AR
29741,3,190039855,1322095,G,T,CLDN1,59303,AR
29742,4,25664440,5716,C,T,SLC34A2,60025,AR
29743,2,219922163,8871,A,G,IHH,63446,AR
29745,1,115829176,2181214,G,A,NGF,64752,AR
29746,9,135203738,1048755,A,G,SETX,64753,AR
29757,10,23482734,3425,C,T,PTF1A,65288,AR
29758,19,42879689,39846,A,G,MEGF8,65759,AR
29772,7,127894487,2428497,G,A,LEP,66628,AR
29775,10,70748856,1733,C,T,KIFBP,66629,AR
29780,22,21213400,279894,T,C,SNAP29,66631,AR
29781,3,180703744,2157602,G,A,DNAJC19,66634,AR
29783,7,34125597,30746,T,A,BMPER,66637,AR
29787,3,50339730,2780854,G,A,HYAL1,67041,AR
29802,9,94118439,9059,T,C,AUH,67046,AR
29811,19,46087920,2128878,C,A,OPA3,67047,AR
29817,3,154862172,504903,C,T,MME,69063,AR
29818,2,44123772,218165,C,G,LRPPRC,70472,AR
29821,12,44177474,1456107,G,T,IRAK4,70592,AR
29831,2,73115493,12939,C,T,SPR,70594,AR
29840,15,89860620,694430,G,T,POLG,70595,AR
29842,4,108954395,8020,C,T,HADH,71212,AR
29844,6,49578736,13064,C,T,RHAG,71275,AR
29845,2,25384441,13353,C,A,POMC,71526,AR
29851,5,95764964,995956,G,A,CAST,71528,AR
29859,10,90984868,458507,A,C,LIPA,75233,AR
29874,10,90983467,78,C,A,LIPA,75234,AR
29875,17,63156986,2073786,C,T,RGS9,75374,AR
29876,2,234238138,989451,G,C,SAG,75382,AR
29883,5,177034506,5612,T,C,B4GALT7,75496,AR
29887,9,139324183,396,G,A,INPP5E,75858,AR
29888,1,155206119,4319,A,C,GBA1,77260,AR
29890,11,6414899,2950238,G,A,SMPD1,77293,AR
29915,18,2951174,548484,G,A,LPIN2,77297,AR
29922,5,34005932,5524,A,G,AMACR,79095,AR
29923,17,46019139,206458,A,T,PNPO,79096,AR
29934,3,46944817,13749,C,T,PTH1R,79106,AR
29935,2,231077623,1390383,G,A,SP110,79124,AR
29941,2,143718202,160355,A,G,KYNU,79155,AR
29942,11,134131785,1069419,G,C,ACAD8,79159,AR
29953,1,145416618,2371,C,A,HJV,79230,AR
29965,2,234676864,12279,A,G,UGT1A,79234,AR
29971,16,47622888,3000199,C,T,PHKB,79240,AR
29986,3,15677196,930305,G,A,BTD,79241,AR
30023,21,38132130,426486,G,A,HLCS,79242,AR
30048,8,94934564,4664,G,T,PDP1,79246,AR
30049,10,127483547,3759,C,T,UROS,79277,AR
30065,6,70500205,2761830,G,A,LMBRD1,79284,AR
30074,16,30997526,2883,G,T,HSD3B7,79301,AR
30077,8,65517310,6100,G,A,CYP7B1,79302,AR
30078,7,137773401,1070635,C,T,AKR1D1,79303,AR
30082,14,50768734,873014,C,G,L2HGDH,79314,AR
30095,16,8900172,7727,G,C,PMM2,79318,AR
30129,15,75190004,218094,A,G,MPI,79319,AR
30138,1,63862273,5499,G,A,ALG6,79320,AR
30156,3,183960356,617476,C,T,ALG3,79321,AR
30167,20,49558653,464504,C,A,DPM1,79322,AR
30171,17,7487182,5869,T,C,MPDU1,79323,AR
30174,22,50297711,3438,G,C,ALG12,79324,AR
30185,11,77838484,2560,T,C,ALG8,79325,AR
30191,9,101981074,2700,C,A,ALG2,79326,AR
30193,16,5122955,690319,C,T,ALG1,79327,AR
30219,12,124235715,2840813,T,A,ATP6V0A2,79328,AR
30232,14,50088855,6989,C,T,MGAT2,79329,AR
30239,2,74692088,1400487,C,T,MOGS,79330,AR
30248,9,33135256,998093,G,C,B4GALT1,79332,AR
30249,16,23464143,3650,T,G,COG7,79333,AR
30253,7,56088803,189253,C,T,PSPH,79350,AR
30255,1,120254713,2823257,T,A,PHGDH,79351,AR
30280,6,36260887,2579650,C,T,PNPLA1,79394,AR
30290,17,73747193,1252046,G,C,ITGB4,79403,AR
30308,1,209804081,1071051,C,T,LAMB3,79404,AR
30328,3,48621917,17435,C,A,COL7A1,79408,AR
30364,10,100184125,690341,A,G,HPS1,79430,AR
30375,15,28234746,436099,C,T,OCA2,79432,AR
30389,9,12695626,17594,C,G,TYRP1,79433,AR
30391,5,33964122,4498,C,T,SLC45A2,79435,AR
30402,1,47882278,935371,C,G,FOXE3,83461,AR
30405,10,71332429,1327470,G,C,NEUROG3,83620,AR
30407,6,31929382,30069,G,A,SKIC2,84064,AR
30419,8,94777845,1376,A,T,TMEM67,84081,AR
30424,7,23030679,1214,C,T,HYCC1,85163,AR
30428,3,195968956,101064,A,G,PCYT1A,85167,AR
30434,16,70530270,585271,C,G,COG4,85172,AR
30435,6,108370452,2942,C,T,OSTM1,85179,AR
30439,22,43011402,2443783,C,T,RNU12,85199,AR
30444,12,15037181,14342,T,C,MGP,85202,AR
30446,11,118968750,2927002,G,T,DPAGT1,86309,AR
30452,9,134381547,978656,C,T,POMT1,86812,AR
30463,4,74277711,18210,A,G,ALB,86816,AR
30467,14,94955959,2574604,C,A,SERPINA12,86923,AR
30468,8,143823803,4604,T,G,SLURP1,87503,AR
30477,20,32880273,12952,C,T,AHCY,88618,AR
30480,9,131112590,5743,G,A,SLC27A4,88621,AR
30489,1,213062551,30775,G,C,FLVCR1,88628,AR
30492,6,43487543,635144,G,C,POLR1C,88637,AR
30503,2,191161682,1146,G,C,HIBCH,88639,AR
30511,6,152545688,995580,G,A,SYNE1,88644,AR
30567,17,39740662,14616,A,T,KRT14,89838,AR
30571,7,103155710,2951860,G,A,RELN,89844,AR
30593,11,69631095,29817,T,C,FGF3,90024,AR
30596,17,26732378,855,G,A,SLC46A1,90045,AR
30602,6,43568829,224062,G,A,POLH,90342,AR
30610,11,65636028,39016,C,T,EFEMP2,90349,AR
30621,16,88497185,981041,C,T,ZNF469,90354,AR
30629,11,2608846,405268,G,A,KCNQ1,90647,AR
30630,1,115576150,12688,G,A,TSHB,90674,AR
30633,1,119965127,597649,C,T,HSD3B2,90791,AR
30642,10,104595073,1803,C,T,CYP17A1,90793,AR
30659,6,32007983,12168,G,C,CYP21A2,90794,AR
30675,8,143958157,554358,C,T,CYP11B1,90795,AR
30691,12,98992436,977465,T,G,SLC25A3,91130,AR
30693,9,131708241,2999843,C,G,DOLK,91131,AR
30699,11,130029877,4039,G,A,ST14,91132,AR
30702,2,85780390,16202,G,A,GGCX,91135,AR
30710,2,47604151,157604,A,G,EPCAM,92050,AR
30714,12,48240462,7747,G,T,VDR,93160,AR
30728,7,158711530,88644,C,T,DYNC2I1,93271,AR
30737,5,149360721,623643,C,T,SLC26A2,93307,AR
30738,19,1105455,140617,C,A,GPX4,93317,AR
30739,8,145667498,1343381,G,A,TONSL,93357,AR
30741,4,994486,551966,G,C,IDUA,93473,AR
30760,4,995460,222996,G,A,IDUA,93474,AR
30761,4,994668,222994,A,G,IDUA,93476,AR
30764,15,43900289,165315,G,A,STRC,94064,AR
30765,11,64359297,3516,G,A,SLC22A12,94088,AR
30766,14,90459764,3424,A,G,TDP1,94124,AR
30767,1,45478859,70,C,T,UROD,95159,AR
30769,16,69364970,3647,G,C,COG8,95428,AR
30772,1,12336961,561199,C,T,VPS13D,95434,AR
30777,7,75611554,2919493,C,G,POR,95699,AR
30790,8,134024282,1323687,T,A,TG,95716,AR
30836,5,43292710,2580362,A,G,HMGCS1,97244,AR
30842,19,55645558,2004473,C,T,TNNT1,98902,AR
30848,3,43759278,3236337,C,T,ABHD5,98907,AR
30859,11,819763,2879553,C,A,PNPLA2,98908,AR
30867,1,59042272,16189,A,G,TACSTD2,98957,AR
30873,16,75513118,5072,G,T,CHST6,98969,AR
30886,1,33354724,190118,C,A,HPCA,99657,AR
30888,17,73274346,4269,C,G,SLC25A19,99742,AR
30890,13,108860927,1020928,G,C,LIG4,99812,AR
30909,8,110100133,689396,T,C,TRHR,99832,AR
30911,3,128628987,372250,C,G,ACAD9,99901,AR
30915,8,75272387,1069651,T,A,GDAP1,99948,AR
30934,5,148431798,637956,C,A,SH3TC2,99949,AR
30943,8,134271474,1323335,C,T,NDRG1,99950,AR
30945,11,9868562,2910,G,A,SBF2,99956,AR
30949,9,116153914,16868,G,T,ALAD,100924,AR
30952,8,65509312,6106,A,T,CYP7B1,100986,AR
30962,14,68265008,989051,G,C,ZFYVE26,100996,AR
30973,13,36888478,379832,G,A,SPART,101000,AR
30974,15,65257735,372515,G,A,SPG21,101001,AR
30976,12,58025008,60526,G,A,B4GALNT1,101006,AR
30981,14,53619307,989058,C,T,DDHD1,101008,AR
30987,11,763824,812704,C,G,TALDO1,101028,AR
30991,8,75272528,50557,C,G,GDAP1,101097,AR
30992,11,2189796,2194153,G,A,TH,101150,AR
31009,3,52021009,18113,C,T,ACY1,137754,AR
31011,1,173795830,1063,A,G,DARS2,137898,AR
31023,10,73579470,2582396,C,T,PSAP,139406,AR
31024,1,22448042,6309,G,A,WNT4,139466,AR
31025,19,7605911,854646,C,A,PNPLA6,139480,AR
31054,1,227170697,242458,C,T,COQ8A,139485,AR
31066,16,1840801,8128,A,G,IGFALS,140941,AR
31067,18,61471522,102446,C,T,SERPINB7,140966,AR
31070,8,94828599,931538,G,T,TMEM67,140976,AR
31072,2,20202928,7544,A,T,MATN3,156728,AR
31073,17,1174068,162065,A,G,BHLHA9,157801,AR
31075,20,3897602,4557,C,T,PANK2,157850,AR
31109,7,127970949,732,A,G,RBM28,157954,AR
31110,1,201286763,7603,C,T,PKP1,158668,AR
31114,8,145004554,1292045,C,A,PLEC,158684,AR
31129,6,7558373,3024565,C,T,DSP,158687,AR
31131,7,146805370,1370808,G,T,CNTNAP2,163681,AR
31153,15,90196095,587434,G,A,KIF7,166024,AR
31155,17,73518189,2123,C,T,TSEN54,166063,AR
31157,21,45750704,1683424,A,G,CFAP410,168549,AR
31161,12,49484922,981236,G,T,DHH,168563,AR
31165,10,73122025,30948,G,A,SLC29A3,168569,AR
31173,12,57638387,577652,G,A,STAC3,168572,AR
31175,2,220022991,2030418,G,A,NHEJ1,169079,AR
31185,11,3988863,375471,T,C,STIM1,169090,AR
31192,17,26851051,1417126,G,T,FOXN1,169095,AR
31201,5,35873660,1298987,C,T,IL7R,169154,AR
31202,2,127834262,8297,C,A,BIN1,169186,AR
31208,3,42732355,60515,G,C,KLHL40,171430,AR
31221,16,74752886,1803968,C,T,FA2H,171629,AR
31229,22,32887126,2842805,A,T,FBXO7,171695,AR
31248,19,45981868,217868,G,C,TRU-TCA1-1,171706,AR
31255,7,100800656,39854,A,G,AP1S1,171851,AR
31256,15,89399954,618999,G,T,ACAN,171866,AR
31258,12,6458573,992425,T,C,SCNN1A,171876,AR
31261,1,66038102,619954,A,C,LEPR,179494,AR
31263,3,38180469,7496,T,C,MYD88,183713,AR
31265,1,168266985,561125,C,G,TBX19,199296,AR
31271,1,160012087,2898358,C,T,KCNJ10,199343,AR
31276,22,38522451,30367,G,A,PLA2G6,199351,AR
31278,10,124248979,560164,C,G,HTRA1,199354,AR
31282,11,22271893,1455578,T,A,ANO5,206549,AR
31300,14,77743729,3230,C,G,POMT2,206559,AR
31307,6,110059618,420149,G,A,FIG4,208441,AR
31309,22,37494466,1410,G,T,TMPRSS6,209981,AR
31315,17,43555265,922,C,T,PLEKHM1,210110,AR
31316,3,126216984,407,G,A,UROC1,210128,AR
31319,2,179300991,6346,G,A,PRKRA,210571,AR
31320,9,14868974,2627750,A,G,FREM1,217266,AR
31321,9,328076,279929,C,T,DOCK8,217390,AR
31330,2,85888659,587605,C,T,SFTPB,217563,AR
31332,6,135778668,217529,T,C,AHI1,220493,AR
31354,16,53679916,217690,C,T,RPGRIP1L,220497,AR
31366,2,112552394,692106,C,T,ANAPC1,221008,AR
31367,8,145739097,6065,C,A,RECQL4,221016,AR
31370,1,53666440,1322159,C,T,CPT2,228305,AR
31373,1,53667994,8962,G,A,CPT2,228308,AR
31374,11,44297002,155903,G,C,ALX4,228390,AR
31376,20,33067440,2842542,G,A,ITCH,228426,AR
31381,6,32010130,144112,G,A,TNXB,230839,AR
31382,7,94025130,17276,A,G,COL1A2,230851,AR
31386,11,36597543,488725,C,T,RAG1,231154,AR
31395,10,73406215,1064608,G,A,CDH23,231169,AR
31443,1,216420126,557167,G,T,USH2A,231178,AR
31546,3,150690431,812104,A,T,CLRN1,231183,AR
31549,11,5248155,15448,C,A,HBB,231214,AR
31551,11,5248393,15462,G,A,HBB,231222,AR
31553,11,5255781,1163920,G,A,HBD,231237,AR
31554,9,139091646,9021,T,C,LHX3,231720,AR
31561,5,1411357,29685,C,T,SLC6A3,238455,AR
31565,3,53145846,807671,C,T,RFT1,244310,AR
31570,17,34893128,1704326,G,A,MYO19,247262,AR
31617,2,113819769,2779032,C,T,IL36RN,247353,AR
31618,9,133339504,458673,G,A,ASS1,247525,AR
31634,7,95822471,590804,G,A,SLC25A13,247585,AR
31647,7,95926205,984437,C,T,SLC25A13,247598,AR
31652,2,202591591,4416,T,C,ALS2,247604,AR
31655,2,216213967,666360,A,T,ATIC,250977,AR
31656,6,71012614,1388848,C,T,COL9A1,250984,AR
31659,11,94180442,184445,G,A,MRE11,251347,AR
31661,1,183212404,1332785,C,T,LAMC2,251393,AR
31672,10,30602855,18391,T,C,MTPAP,254343,AR
31673,8,144994985,8266,G,A,PLEC,254361,AR
31677,16,66547641,1686261,G,A,TK2,254875,AR
31685,15,89876978,13498,C,G,POLG,254886,AR
31687,18,43667165,50353,G,A,ATP5F1A,254913,AR
31690,12,123741486,1681663,A,T,MTRFR,254930,AR
31691,3,58413811,13189,G,A,PDHB,255138,AR
31700,11,35013910,2158386,C,T,PDHX,255182,AR
31704,3,148711931,1946636,C,T,GYG1,263297,AR
31710,10,73767280,478823,C,T,CHST3,263463,AR
31726,7,106938708,2816641,G,A,COG5,263487,AR
31748,1,155112473,1446016,G,A,DPM3,263494,AR
31755,16,70531899,1172782,C,A,COG4,263501,AR
31762,17,71202913,2027635,C,T,COG1,263508,AR
31766,7,66098322,1332817,C,G,KCTD7,263516,AR
31775,15,43545056,157568,A,G,TGM5,263534,AR
31777,16,30768009,2736338,G,A,PHKG2,264580,AR
31793,16,2354135,1769442,C,T,ABCA3,264675,AR
31804,10,90987966,554864,C,T,LIPA,275761,AR
31807,13,52599058,31646,G,A,UTP14C,280071,AR
31813,3,49568274,958922,G,A,DAG1,280333,AR
31816,18,59751784,2019913,C,A,PIGN,280633,AR
31855,7,99703901,209980,C,T,AP4M1,280763,AR
31881,17,7976135,995755,T,C,ALOX12B,281122,AR
31956,1,210329217,30861,G,A,SYT14,284271,AR
31957,16,79245562,100648,G,C,MAF,284282,AR
31972,3,43591342,210185,T,A,ANO10,284289,AR
31980,11,6640426,975625,C,T,TPP1,284324,AR
31981,1,45808798,417751,C,A,TOE1,284339,AR
31982,11,18424473,2137028,C,T,LDHA,284426,AR
31984,11,14907321,977184,C,T,PDE3B,289157,AR
31986,6,132211575,13596,A,C,ENPP1,289176,AR
31989,19,30193683,31626,A,T,C19orf12,289560,AR
31991,6,86197176,29688,G,A,NT5E,289601,AR
31993,2,202626257,2808755,G,A,ALS2,293168,AR
32016,20,3208905,1311,C,T,SLC4A11,293603,AR
32024,2,3691502,30970,G,A,COLEC11,293843,AR
32026,2,9633918,1908951,G,A,ADAM17,294023,AR
32028,7,30062366,2739931,C,T,FKBP14,300179,AR
32031,1,20981153,30246,C,T,DDOST,300536,AR
32032,2,202574661,1678521,A,T,ALS2,300605,AR
32050,7,4828468,989047,C,G,AP5Z1,306511,AR
32059,12,85694932,827658,G,C,ALX1,306542,AR
32061,11,70052267,30267,T,G,FADD,306550,AR
32062,1,220101517,30886,A,G,SLC30A10,309854,AR
32063,18,12358779,973204,T,C,AFG3L2,313772,AR
32067,11,6662682,2499546,G,A,DCHS1,314679,AR
32077,17,3386886,1700565,G,A,ASPA,314918,AR
32078,8,17143888,39741,A,T,VPS37A,319199,AR
32079,19,18170790,2786378,C,A,IL12RB1,319552,AR
32105,12,123741471,39582,C,T,MTRFR,320375,AR
32107,8,38109717,988995,G,A,DDHD2,320380,AR
32117,14,102901247,1072318,G,A,TECPR2,320385,AR
32136,9,35739074,3068747,G,A,GBA2,320391,AR
32142,10,104852894,3024463,A,C,NT5C2,320396,AR
32152,1,228345567,2078,C,G,GJC2,320401,AR
32153,4,108866548,3255488,C,T,CYP2U1,320411,AR
32161,6,146673559,984959,C,T,GRM1,324262,AR
32163,4,81123397,217865,T,C,PRDM8,324290,AR
32164,5,130495271,37313,A,G,HINT1,324442,AR
32172,9,130698855,1065329,C,T,DPM2,329178,AR
32176,20,44592140,619007,T,C,ZNF335,329228,AR
32180,2,74166080,253068,C,A,DGUOK,329314,AR
32181,16,2035977,521763,C,G,GFER,330054,AR
32185,11,36596382,1175181,G,T,RAG1,331206,AR
32208,11,66455710,3237165,C,A,SPTBN2,352403,AR
32212,20,17956513,40052,A,G,MGME1,352447,AR
32213,7,16460787,156454,C,G,CRPPA,352479,AR
32217,8,140998935,975626,G,A,TRAPPC9,352530,AR
32218,16,2546900,50,T,C,TBC1D24,352582,AR
32220,7,107601650,42015,C,A,LAMB1,352682,AR
32223,11,88911386,3781,T,C,TYR,352731,AR
32248,9,101983974,183019,A,C,ALG2,353327,AR
32266,10,61898801,802576,G,A,ANK3,356996,AR
32267,12,124206996,21499,G,A,ATP6V0A2,357058,AR
32269,11,62458772,143858,G,A,BSCL2,363400,AR
32270,15,101791457,30712,G,A,CHSY1,363417,AR
32273,4,94031937,930201,C,T,GRID2,363432,AR
32275,16,3075808,633695,C,T,THOC6,363444,AR
32281,3,49761096,60542,G,A,GMPPB,363623,AR
32283,1,94495104,99282,C,T,ABCA4,364055,AR
32343,20,44049037,660514,C,T,PIGT,369837,AR
32348,4,184606496,2418901,C,T,TRAPPC11,369840,AR
32362,18,6985384,523858,G,A,LAMA1,370022,AR
32375,15,48428880,60559,G,A,MYEF2,370097,AR
32379,3,31574528,1686968,C,G,STT3B,370924,AR
32381,1,100472670,2983315,G,A,SLC35A3,370943,AR
32395,2,210801631,2920703,C,T,UNC80,371364,AR
32422,8,33369557,2506447,A,G,TTI2,391307,AR
32427,1,204375390,222030,G,A,PPP1R15B,391408,AR
32430,1,65831790,219301,C,T,DNAJC6,391411,AR
32446,1,110604187,4642,T,A,ALX3,391474,AR
32453,19,47983131,100679,G,T,KPTN,397612,AR
32457,6,86246509,802248,C,A,SNX14,397709,AR
32466,14,58923419,204594,G,C,KIAA0586,397715,AR
32477,17,40715063,2716492,C,A,COASY,397725,AR
32484,9,139990707,1254598,C,T,MAN1B1,397941,AR
32485,8,120795788,92249,A,G,TAF2,397951,AR
32486,10,74326500,1174136,G,A,MICU1,401768,AR
32489,16,18806848,620202,G,A,ARL6IP1,401780,AR
32492,10,101943559,226427,C,A,ERLIN1,401785,AR
32494,1,110168380,2004862,C,T,AMPD2,401805,AR
32495,10,97604339,101077,G,T,ENTPD1,401810,AR
32501,14,96001623,1252035,A,C,GLRX5,401866,AR
32502,4,156632404,127094,G,A,GUCY1A1,401945,AR
32506,3,25775392,647531,G,A,NGLY1,404454,AR
32509,6,24658788,226424,C,T,TDP2,404493,AR
32511,3,197402388,2775435,T,C,RUBCN,404499,AR
32512,1,62979259,521571,G,A,DOCK7,411986,AR
32530,16,732232,127146,C,T,STUB1,412057,AR
32539,12,102155066,2940609,G,A,GNPTAB,423461,AR
32554,5,36207266,830231,A,G,NADK2,431361,AR
32555,11,73879530,144038,G,A,C2CD3,434179,AR
32559,3,9908979,50400,C,A,CIDEC,435651,AR
32560,19,42906092,522594,C,A,LIPE,435660,AR
32561,1,230825865,417771,T,G,COG2,435934,AR
32562,1,220312456,638572,A,G,IARS2,436174,AR
32568,5,82554426,208516,C,T,XRCC4,436182,AR
32574,14,68159305,161115,G,A,GPHN,436245,AR
32576,2,47221495,190391,G,T,TTC7A,436252,AR
32584,5,167913504,162083,A,G,RARS1,438114,AR
32587,11,13736194,162214,A,G,FAR1,438178,AR
32589,17,79768793,1064733,C,T,GCGR,438274,AR
32591,6,83881669,140735,T,C,PGM3,443811,AR
32606,19,17448950,1802991,C,T,GTPBP3,444013,AR
32611,14,105693011,161426,G,T,BRF1,444072,AR
32613,8,144297182,144013,A,C,GPIHBP1,444490,AR
32619,11,72013356,187786,G,A,CLPB,445038,AR
32634,13,96416168,1693488,C,T,DNAJC3,445062,AR
32639,10,97373512,217120,A,G,ALDH18A1,447760,AR
32640,2,65216779,2499988,T,C,SLC1A4,447997,AR
32646,10,102013281,1322180,T,A,CWF19L1,453521,AR
32652,17,57775086,183332,T,G,PTRH2,456312,AR
32654,1,110740780,187770,C,G,SLC6A17,457212,AR
32656,4,123949509,666562,G,T,AFG2A,457351,AR
32682,15,63907989,984952,C,G,HERC1,457359,AR
32687,16,57265124,1029071,T,A,RSPRY1,457395,AR
32690,19,50365445,187766,C,A,PNKP,459033,AR
32692,19,35800833,120188,T,G,MAG,459056,AR
32695,6,105280997,221294,G,A,HACE1,464282,AR
32706,16,68349977,266022,G,C,PRMT7,464288,AR
32713,2,238243533,192263,C,G,COL6A3,464440,AR
32714,19,50321714,203445,A,G,MED25,464738,AR
32715,6,5369227,253159,G,T,FARS2,466722,AR
32716,11,65303790,218910,C,T,SCYL1,466794,AR
32723,11,684953,1676838,A,C,DEAF1,468620,AR
32726,18,67697350,562178,A,T,RTTN,468631,AR
32730,1,228353824,1202371,C,T,IBA57,468661,AR
32733,4,103184301,1686211,G,A,SLC39A8,468699,AR
32734,16,46943831,983541,A,C,GPT2,477673,AR
32739,5,140903709,7528,C,A,DIAPH1,477814,AR
32744,22,36876814,222023,C,T,TXN2,478029,AR
32745,5,80037359,2673519,C,T,MSH3,480536,AR
32778,16,1552986,1686256,C,T,TELO2,488642,AR
32779,17,80763806,1707501,C,T,TBCD,496641,AR
32790,2,3392373,3069113,C,T,TRAPPC12,500144,AR
32794,17,61781765,536756,G,A,STRADA,500533,AR
32800,4,39318576,2577534,G,A,RFC1,504476,AR
32803,19,39971519,559480,C,A,TIMM50,505216,AR
32808,1,29527086,374882,G,A,MECR,508093,AR
32811,1,17322757,374890,G,A,ATP13A2,513436,AR
32818,8,22277068,1334419,C,T,SLC39A14,521406,AR
32823,10,134599332,430622,T,A,NKX6-2,527497,AR
32830,8,145140489,1805088,C,T,GPAA1,529665,AR
32832,1,1167659,60484,A,G,B3GALT6,536467,AR
32837,7,44153236,1030176,C,A,AEBP1,536532,AR
32840,9,95032219,253317,G,A,IARS1,541423,AR
32849,15,52425575,2575918,C,T,GNB5,542306,AR
32858,17,8076848,929285,A,C,TMEM107,542310,AR
32873,1,150990382,932732,T,C,PRUNE1,544469,AR
32879,11,17167409,599543,C,A,PIK3C2A,557003,AR
32880,5,74055190,225205,T,C,GFM2,565624,AR
