CHROM,POS,START,END,STRAND
4,1807371,1807286,1807396,+
7,138391446,138391369,138391462,-
1,154574727,154573517,154575102,-
2,163128866,163128736,163128897,-
16,1505761,1505732,1505796,-
17,42992619,42992394,42992854,-
2,227914783,227914784,227914847,-
12,88532921,88532922,88532968,-
1,173881080,173880937,173881152,-
10,123279677,123279493,123279683,-
19,13423574,13423483,13423595,-
8,72184037,72183993,72184132,-
1,16374412,16374400,16374539,+
5,127674630,127674625,127674753,-
11,2905999,2905900,2906719,-
17,17122397,17122333,17122523,-
1,93297672,93297672,93297674,+
3,138665510,138664434,138665564,-
3,38655273,38655234,38655325,-
19,15303110,15302771,15303109,-
8,61655624,61653992,61655656,+
17,70119114,70118860,70119113,+
3,37061898,37061801,37061954,+
13,32931878,32931879,32932066,+
3,12626152,12626013,12626156,-
19,49468606,49464789,49464893,+
17,38907213,38907206,38907331,-
6,116441447,116441236,116443124,-
4,2833300,2833298,2833406,+
13,20797589,20796834,20797619,-
5,36985884,36984778,36986403,+
10,89720679,89720651,89720875,+
10,123276905,123276833,123276977,-
16,50828222,50828123,50828389,+
4,110788903,110788797,110789102,+
12,110765740,110765358,110765822,+
12,50344890,50344614,50344973,+
4,109784483,109784475,109784543,-
12,49483829,49483642,49484267,-
2,49210264,49210237,49210305,-
7,21627817,21627682,21627819,+
1,149899651,149899618,149899651,-
9,132581183,132581024,132581199,-
1,156107004,156106904,156107023,+
5,137206510,137206341,137206696,+
18,2762234,2762103,2762234,+
22,19711093,19711093,19711102,+
2,189859791,189859772,189859825,+
2,189936819,189936766,189936819,-
1,158655080,158654898,158655137,-
2,166243314,166243256,166243526,+
5,161300142,161300123,161300343,+
12,53072509,53072326,53072540,-
14,24731327,24731240,24731558,-
1,35250397,35250364,35251176,+
8,119122734,119122324,119123285,-
13,113765165,113765004,113765164,+
4,187201412,187201377,187201539,+
17,45286819,45286789,45286923,+
4,155508672,155508664,155508809,-
2,158630656,158630600,158630699,-
16,3293447,3293141,3293694,-
11,32413517,32413518,32413610,-
20,4680545,4679867,4680628,+
18,10680341,10680196,10680368,-
10,104353432,104353393,104353478,+
7,42116350,42116351,42116456,-
4,95174824,95173767,95174158,+
10,43595944,43595907,43596170,+
12,114793625,114793337,114793911,-
3,184074782,184074781,184074882,-
3,121980383,121980375,121981259,+
19,11238682,11238684,11238761,+
2,203332413,203332242,203332412,+
1,201009753,201009750,201009841,-
14,81606172,81606023,81606211,+
9,107550750,107550707,107550848,-
3,122002611,122002534,122004038,+
4,1803657,1803562,1803752,+
4,68610506,68610286,68610505,-
1,21890573,21890534,21890709,+
8,21988118,21986072,21986683,-
12,53045385,53045342,53045926,-
22,29754810,29754715,29754960,-
20,5283350,5282686,5283382,-
12,48381068,48381052,48381096,-
1,92941710,92941586,92941764,-
13,20763650,20763040,20763720,-
12,112888156,112888122,112888316,+
8,116616566,116616100,116617229,-
3,58131722,58131648,58131776,+
1,241680548,241680482,241680616,-
17,7576927,7576853,7576926,-
16,23392046,23391742,23392122,+
7,44189358,44189359,44189458,-
3,30715622,30715597,30715738,+
1,103381186,103381187,103381240,-
19,13136154,13135811,13136366,+
22,19748552,19748428,19748803,+
19,13373582,13373548,13373647,-
12,52680896,52680886,52681106,-
1,247588456,247587149,247588901,+
17,4804838,4804820,4804920,-
19,39075676,39075583,39075739,+
19,39074134,39071010,39071144,+
5,138643358,138643105,138644016,+
9,36227268,36227245,36227455,-
2,70439862,70439851,70439977,-
2,179447666,179447667,179447954,-
21,47537312,47537314,47537367,+
7,143039096,143039022,143039235,+
7,124467339,124467255,124467359,-
17,29576000,29576002,29576137,+
22,30035077,30035079,30035201,+
17,29556484,29556043,29556483,+
12,25398218,25398208,25398318,-
11,64572629,64572506,64572670,-
10,43609096,43609004,43609123,+
19,59061222,59061104,59061227,+
11,101323799,101323686,101323837,-
17,3421881,3421870,3422144,-
4,41749503,41749366,41749553,-
1,43223453,43223454,43223593,-
7,42063113,42063067,42063207,-
5,147211139,147211086,147211140,-
1,201019586,201019517,201019644,-
17,62021186,62021106,62021210,-
17,62022054,62022029,62022170,-
11,31822277,31822239,31822404,-
8,38275745,38275746,38275891,-
10,131755588,131755522,131755590,-
9,135865273,135865129,135865294,+
16,2150311,2150167,2150310,-
5,112170777,112170648,112170862,+
15,23889996,23889140,23891080,-
1,156108404,156108279,156108548,+
2,128178973,128178859,128179025,+
19,18896599,18896483,18896661,-
5,136973024,136972983,136973084,-
9,130582215,130582179,130582316,-
4,111542511,111541936,111542525,-
16,3786093,3786037,3786204,-
5,142680121,142680050,142680328,-
13,49037969,49037867,49037971,+
2,112779972,112779835,112779971,+
7,19156589,19156336,19156944,-
18,42531917,42529846,42533305,+
2,45169628,45169244,45170049,+
21,33039612,33039571,33039688,+
16,2137930,2137864,2137942,+
11,2156676,2156597,2156759,-
17,17697130,17696263,17701827,+
22,17669232,17669229,17669337,-
5,176618940,176618885,176619020,+
8,41529963,41529872,41530430,-
1,94502907,94502701,94502906,-
12,48367871,48367872,48368114,-
17,39780487,39780330,39780761,-
11,5247802,5247807,5248029,-
16,51185072,51185077,51185152,-
5,149755035,149754902,149755117,+
3,38603904,38603906,38604028,-
1,209965706,209965614,209965772,-
11,86662793,86662184,86663512,-
3,10183865,10183532,10183871,+
22,38379456,38379364,38379791,-
22,38374123,38373874,38374142,-
12,6078503,6078377,6078557,-
2,175432630,175432589,175432801,-
2,239757079,239756857,239757339,+
5,149360499,149359856,149361376,+
4,5642301,5642241,5642565,-
1,120458396,120457929,120459317,-
15,48797303,48797222,48797344,-
15,41228582,41228426,41229128,+
3,189586385,189586369,189586505,+
1,170688963,170688867,170689042,+
2,240066401,240066279,240066410,-
6,121768112,121767994,121769142,+
14,73659569,73659352,73659572,+
20,44640376,44640213,44640386,+
11,95561181,95560950,95561191,+
1,92712657,92712619,92712701,-
3,4703764,4703766,4703926,+
3,189607267,189607129,189607273,+
10,43315975,43315956,43316136,+
17,40842916,40842757,40842960,+
11,1862753,1862686,1862781,+
18,10671568,10671524,10671776,-
19,42474427,42474337,42474460,-
3,58062997,58062773,58063021,+
12,110238471,110238423,110238563,-
2,239757080,239756857,239757339,+
11,61727038,61726970,61727050,+
12,20769240,20769164,20769318,+
6,10404745,10404741,10404972,-
1,209969822,209969693,209969897,-
2,16085788,16085615,16086219,+
17,48272803,48272795,48272839,-
19,41848114,41848075,41848152,-
18,48593485,48593389,48593557,+
22,17584408,17584384,17584467,+
15,66729162,66729084,66729230,+
17,66511541,66511541,66511717,+
22,25627584,25627571,25627739,+
20,2451408,2451334,2451336,-
17,54672195,54671585,54672283,+
5,14871543,14871176,14871556,-
14,36986944,36986483,36987225,-
1,247587677,247587149,247588901,+
6,45405701,45405684,45405788,+
17,38793743,38793744,38793824,-
11,102094386,102094353,102094483,+
10,102566276,102566187,102566362,+
5,172662043,172661753,172662086,-
17,59560831,59560258,59560877,+
17,41836049,41835890,41836109,-
12,21998575,21998537,21998766,-
22,24718206,24717256,24718886,+
5,14713746,14713653,14713776,-
2,223096795,223096797,223097002,-
8,38282208,38282027,38282217,-
7,156802553,156802354,156803044,-
10,123274768,123274631,123274833,-
1,207642544,207642495,207642577,+
4,88532076,88532061,88532111,+
4,95174823,95173767,95174158,+
1,40735705,40735647,40735799,+
17,8140791,8140693,8140837,-
2,239757211,239756857,239757339,+
2,109522763,109522764,109522824,-
17,17720597,17720570,17720771,-
12,48367875,48367872,48368114,-
4,1808989,1808843,1809015,+
14,21794054,21793990,21794332,+
17,7918069,7917919,7918082,+
12,65633750,65633709,65633810,+
1,150525716,150525374,150525729,+
3,189582168,189582021,189582207,+
17,48275866,48275794,48275865,-
2,166894542,166894286,166894642,-
11,792142,792142,792217,-
9,140058271,140058211,140058497,+
8,133492665,133492394,133492779,-
6,80626534,80626325,80626600,-
22,39639966,39639906,39639968,-
16,68847398,68847216,68847465,+
19,38976628,38976230,38976842,+
1,103379943,103379908,103379961,-
17,67249934,67249935,67250010,-
18,24081111,24081036,24081214,-
16,30747937,30747862,30747945,+
4,119659416,119659416,119659534,-
17,10543521,10543313,10543568,-
15,48802322,48802241,48802366,-
4,186329553,186329425,186329589,-
8,38272129,38272077,38272147,-
12,122284995,122284958,122285120,-
19,42474551,42474540,42474694,-
17,54926134,54926057,54926214,+
20,47649632,47649560,47649736,+
2,145157109,145155868,145157837,-
17,74475090,74474888,74475091,-
13,20763545,20763040,20763720,-
4,4864619,4864428,4864870,+
10,8106000,8105956,8106101,+
6,10876726,10876678,10876790,-
16,15865425,15865426,15865569,-
11,31827945,31827950,31827959,-
18,19752192,19751106,19752240,+
17,17720587,17720570,17720771,-
19,7267529,7267356,7267907,-
17,39768570,39768410,39768940,-
17,40469203,40469200,40469242,-
12,49436429,49436344,49436428,-
16,89347299,89345480,89352057,-
11,31815103,31814986,31815101,-
12,50355913,50355801,50356163,+
17,41719379,41719278,41719400,-
1,156084887,156084710,156085065,+
10,123247609,123247505,123247627,-
12,48369835,48369746,48369853,-
9,130982480,130982460,130982620,+
7,27239290,27238775,27239696,-
3,189582138,189582021,189582207,+
1,2160287,2160206,2161174,+
22,46345873,46345800,46346026,-
12,112926896,112926828,112926979,+
10,94405160,94405120,94405399,+
7,99693073,99693010,99693093,-
10,90699300,90699264,90699455,-
18,19095468,19095378,19095605,+
7,92762613,92760530,92765284,-
18,48593559,48593389,48593557,+
5,149505131,149505008,149505140,-
1,160160707,160160542,160160820,+
1,201869033,201868365,201869879,-
9,129455567,129455421,129455602,+
9,129377847,129377662,129377848,+
12,110222184,110222121,110222242,-
8,38279407,38279315,38279459,-
4,1803564,1803562,1803752,+
8,97316309,97316268,97316409,+
17,29556042,29556043,29556483,+
19,852972,852876,853032,+
10,112724120,112724117,112724819,+
6,121768057,121767994,121769142,+
20,39317283,39316519,39317490,-
19,15272192,15271473,15272525,-
11,68125270,68125118,68125315,+
3,133654617,133654618,133654741,-
2,241727535,241727468,241727647,-
3,130694231,130694176,130694332,+
19,1206931,1206913,1207202,+
4,55603344,55603341,55603446,+
18,52927182,52927013,52927258,-
17,78156590,78156452,78156589,+
17,75398380,75398141,75398785,+
17,17118502,17118499,17118630,-
19,11559732,11559729,11559803,+
10,88651915,88651884,88651986,+
1,240071103,240070752,240072524,+
17,79478408,79478214,79478652,-
2,48915312,48914836,48915988,-
10,76788651,76788247,76790804,+
9,2081905,2081832,2081995,+
11,533553,533453,533612,-
14,29237130,29236486,29237955,+
17,42636700,42635057,42636754,+
12,115118683,115118684,115118951,-
3,57233812,57233790,57233946,-
5,67576835,67576755,67576834,+
9,36234030,36233917,36234129,-
7,73474514,73474470,73474514,+
4,158074079,158073870,158074162,+
16,88808480,88808461,88808503,-
6,49585826,49585781,49585931,-
11,4095850,4095732,4095909,+
20,34021789,34021707,34022581,-
6,91263297,91263177,91263305,-
20,34021742,34021707,34022581,-
10,90773125,90773100,90773124,+
6,123837328,123837286,123837351,-
18,19751128,19751106,19752240,+
12,57569429,57569243,57569488,+
3,70001038,70000981,70001037,+
7,148506428,148506402,148506482,-
19,8665913,8665812,8666029,-
2,166237679,166237603,166237707,+
1,17380514,17380443,17380514,-
16,29824937,29824376,29825275,+
12,6443299,6443257,6443410,-
16,86601315,86600942,86602447,+
2,166929883,166929868,166930131,-
7,157160110,157160067,157160177,+
17,31267917,31267804,31268011,+
10,88820685,88820672,88820809,-
9,94809520,94809454,94809550,-
2,166894413,166894286,166894642,-
7,94257560,94257514,94257671,-
17,68172357,68171181,68172464,+
12,5021519,5020545,5022032,+
3,70005682,70005606,70005681,+
1,17349214,17349103,17349225,-
12,49578933,49578793,49579773,-
2,167085482,167085201,167085482,-
6,50805690,50805688,50805806,+
1,247588460,247587149,247588901,+
4,88533341,88533257,88533340,+
2,219757649,219757496,219757993,+
11,2594100,2594076,2594216,+
6,132172362,132172282,132172407,+
2,136872471,136872439,136873509,-
15,89761796,89761796,89761924,-
9,35065352,35065248,35065378,-
1,43395392,43395264,43395451,-
11,22283700,22283675,22283844,+
13,48986559,48985525,48986559,-
3,58064506,58064444,58064541,+
14,23885260,23885213,23885521,-
22,33255338,33255167,33255364,+
5,174156297,174156162,174156586,+
9,101908835,101908767,101908891,+
7,128494845,128494829,128494966,+
5,161524845,161524644,161524864,+
6,7580207,7579508,7581802,+
10,89692851,89692770,89693008,+
18,55321298,55321224,55321307,-
19,46057035,46056772,46057169,-
11,119210211,119210041,119210558,-
16,31496235,31496140,31496244,+
17,39743068,39742562,39743086,-
15,77324645,77324639,77324769,+
7,87046627,87046628,87046831,-
20,62679962,62679519,62680315,-
1,43392825,43392712,43392912,-
3,168818706,168818673,168818750,-
19,42474620,42474540,42474694,-
1,19570175,19570108,19570201,-
13,110844605,110844561,110844631,-
15,99434817,99434554,99434866,+
7,128482957,128482848,128483008,+
6,100046804,100016372,100016403,-
1,196659255,196659193,196659369,+
6,42672347,42672103,42672349,-
12,7241317,7241206,7241327,-
6,75811720,75811715,75811768,-
8,116599422,116599228,116599831,-
3,181430314,181430149,181431102,+
3,12422858,12422821,12422990,+
1,155629714,155629448,155630704,-
7,5568167,5567912,5568350,-
17,42945654,42945655,42945718,-
10,78850191,78850158,78850268,-
20,30804412,30804412,30804524,+
12,110778795,110778464,110778799,+
1,155288083,155287960,155288082,+
3,98311871,98311793,98312348,-
11,118959926,118959927,118959982,+
18,55218544,55218520,55218606,-
7,44184766,44184735,44184879,-
12,52913540,52913526,52914080,-
17,39740131,39740012,39740173,-
17,39739497,39739487,39739707,-
8,145004220,145004104,145004230,-
3,48618330,48618315,48618359,-
3,48610374,48610295,48610375,-
20,57480512,57480438,57480535,+
20,57466872,57466782,57466920,+
20,57466815,57466782,57466920,+
1,228345602,228345460,228346779,+
1,161136672,161136638,161136724,+
16,50821763,50821697,50821763,+
15,67546909,67546897,67546969,-
1,92754709,92754471,92754708,-
12,4409143,4409026,4409175,+
2,216241335,216241221,216241397,-
4,1807803,1807778,1807900,+
4,1803568,1803562,1803752,+
12,110238457,110238423,110238563,-
11,2905349,2905229,2905364,-
10,76788246,76788247,76790804,+
18,29172949,29172859,29172989,+
9,124073097,124072962,124073123,+
15,45007839,45007621,45007922,+
1,205031637,205031568,205031697,+
12,48376675,48376631,48376729,-
6,133783617,133783473,133783615,+
1,160165766,160165687,160165817,+
11,102495949,102495925,102496050,-
3,48621990,48621918,48621989,-
12,4479738,4479509,4479949,-
12,111855950,111855950,111856681,+
2,220080749,220080719,220080902,-
3,100447603,100447556,100447702,+
16,50744822,50744469,50746284,+
10,97380934,97380788,97381008,-
12,52960899,52960753,52960952,-
17,15134268,15134052,15134397,-
14,81558907,81558875,81558952,+
15,67477202,67477065,67477202,+
10,69991289,69990976,69991434,-
17,36099518,36099431,36099630,-
10,123276865,123276833,123276977,-
4,1806153,1806057,1806247,+
17,48269248,48269149,48269247,-
2,20205913,20205505,20206071,-
12,110222190,110222121,110222242,-
2,216295437,216295438,216295575,-
12,48373302,48373294,48373347,-
16,29808289,29808214,29808413,+
20,34025192,34025078,34025708,-
12,28116626,28116277,28116703,-
4,96051067,96051013,96051205,+
4,96051026,96051013,96051205,+
6,121768420,121767994,121769142,+
2,176959400,176959208,176959458,+
22,30050645,30050646,30050714,+
12,48393736,48393702,48393908,-
20,57466921,57466782,57466920,+
3,87313450,87313438,87313662,-
9,140353502,140353484,140353554,-
17,44248468,44248221,44249509,-
11,111958683,111958581,111958697,+
20,31023304,31022235,31025141,+
3,193361414,193361317,193361416,+
19,13418598,13418596,13418668,-
19,54401351,54401213,54401365,+
13,102379040,102378962,102379160,-
11,66481116,66481102,66481217,-
19,50826866,50826232,50827339,-
3,4856819,4856737,4856902,+
1,112329682,112329566,112329728,-
1,1470772,1470739,1470887,-
9,138670627,138670534,138670668,+
19,6495699,6495175,6496232,-
8,42698231,42698167,42698237,-
14,55369075,55369039,55369381,-
16,29824910,29824376,29825275,+
1,43424307,43424305,43424322,-
22,32241109,32241004,32241223,+
15,69738654,69738622,69738703,+
5,135392470,135392354,135392484,+
5,135382095,135382024,135382193,+
5,135382096,135382024,135382193,+
5,135382095,135382024,135382193,+
1,36563919,36563170,36565088,-
10,31810183,31809054,31810864,+
2,38298404,38297865,38298453,-
1,171605441,171605065,171605849,-
6,42672295,42672103,42672349,-
16,89617015,89616902,89617017,+
2,219754876,219754706,219755085,+
4,41750433,41750387,41750627,-
14,81609917,81609284,81610697,+
2,11913792,11913746,11913871,+
1,193111152,193110980,193111196,+
11,17483321,17483130,17483372,-
6,29641145,29640277,29641535,-
8,24813976,24774574,24776119,+
7,75933160,75933119,75933182,+
1,12058932,12058827,12058935,+
21,27264168,27264034,27264180,-
20,23615967,23615891,23616004,-
11,57381860,57381801,57382054,+
14,51081140,51081091,51081229,+
2,32362002,32361946,32362037,+
15,23086278,23086234,23086411,-
8,126073434,126073324,126073436,-
12,57957994,57957891,57957995,+
19,45998240,45997784,45998263,-
2,198353050,198353041,198353215,-
2,241737094,241737064,241737169,-
2,86481939,86481817,86481937,-
2,47388990,47388862,47388997,-
7,103214540,103214539,103214746,-
17,15142892,15142729,15142928,-
1,161276545,161276498,161276711,-
8,24814012,24774574,24776119,+
20,1961091,1960969,1961604,-
18,12337504,12337340,12337534,-
2,55870290,55870293,55870348,-
19,3978097,3977817,3978170,-
1,45480475,45480408,45480508,+
15,38641659,38641623,38641724,+
5,86674233,86674213,86674355,+
6,12292700,12292574,12292742,+
11,62469971,62469940,62470021,-
17,54672083,54671585,54672283,+
2,166170242,166170130,166170271,+
9,140127675,140127661,140127856,+
10,88679141,88678929,88679226,+
17,56440943,56440887,56440961,-
19,49468601,49464789,49464893,+
20,4680464,4679867,4680628,+
1,156105894,156105692,156105912,+
22,38369962,38369502,38370205,-
6,33134513,33134497,33134604,-
15,74631102,74630912,74631109,-
1,43395556,43395544,43395706,-
1,156107433,156106904,156107023,+
1,154145447,154145384,154145454,-
14,35182668,35182460,35182767,-
15,65370375,65369154,65370530,+
7,128494177,128494028,128494270,+
12,49578944,49578793,49579773,-
3,155571448,155571012,155571786,-
20,3065266,3065201,3065320,-
2,176983892,176983682,176983959,+
2,179410777,179410547,179410843,-
2,74605185,74605127,74605372,-
22,36678800,36678714,36678831,-
16,31473667,31473452,31474238,+
15,40293425,40293189,40293425,+
3,4747877,4747851,4748035,+
20,56993374,56993267,56993419,+
14,36987077,36986483,36987225,-
7,114270016,114269842,114270060,+
8,37607311,37607312,37607370,+
5,36674182,36674151,36674193,+
16,86546690,86546531,86546691,+
10,89720676,89720651,89720875,+
6,133703563,133703530,133703579,+
16,2090035,2089925,2090048,-
7,91852211,91852136,91852292,-
5,76507054,76506751,76507089,+
3,128200113,128199862,128200161,-
11,5246890,5246828,5246956,-
3,48612549,48612497,48612559,-
2,109547419,109547420,109547470,-
18,50866184,50866083,50866277,+
3,48508106,48507890,48508999,+
1,22446952,22446543,22447010,-
11,31815287,31815200,31815350,-
11,128781619,128781169,128782105,+
12,6574054,6574042,6574107,-
8,106813516,106813275,106815766,+
9,140657125,140657127,140657272,+
19,7120688,7120631,7120760,-
3,87302622,87302554,87302660,+
17,42429455,42429383,42429616,+
10,43609070,43609004,43609123,+
20,2384470,2384227,2384469,+
14,95557626,95557540,95557702,-
22,24109625,24109561,24109780,-
11,17428605,17428435,17428676,-
15,90209174,90208814,90209173,-
9,80919758,80919651,80919856,+
15,48779581,48779509,48779634,-
15,67473792,67473579,67473791,+
16,89187301,89187209,89187321,+
20,44676648,44676620,44676724,+
10,105811911,105811913,105811975,-
19,40762959,40762833,40762961,-
16,90010472,90004932,90004948,+
6,3225607,3224985,3226045,-
1,156084712,156084710,156085065,+
10,123274746,123274631,123274833,-
19,10265385,10265262,10265449,-
1,7796479,7796404,7796600,+
3,172166198,172165334,172166203,-
11,118353135,118353137,118353210,+
16,85942659,85942596,85942802,+
12,121432080,121431967,121432208,+
3,123044168,123044169,123044309,-
21,27264168,27264034,27264180,-
21,27264167,27264034,27264180,-
11,65998359,65998276,65998411,+
2,3596658,3596648,3596702,-
18,11824986,11824917,11825014,+
10,88672049,88671997,88672141,+
12,32884052,32883948,32884068,+
10,70218901,70218861,70218992,-
7,70231114,70231100,70231320,+
18,31320408,31318451,31320407,+
9,135221705,135221648,135221858,-
16,67654616,67654600,67654720,+
1,153785734,153785726,153785928,-
12,116413346,116413320,116413543,-
2,191859919,191859787,191859945,-
19,11221395,11221328,11221447,+
5,67589536,67589537,67589662,+
5,35070276,35070226,35070367,-
19,50771512,50771418,50771624,+
17,4925567,4925387,4926004,+
6,160225031,160224997,160225120,+
5,92920732,92920730,92921192,+
5,137777087,137777074,137777150,+
3,9516191,9516133,9516266,+
2,25457182,25457148,25457289,-
4,6303947,6302384,6304195,+
12,40692927,40692911,40693059,+
4,79396656,79396592,79396760,+
1,27875004,27873815,27878626,-
19,13136153,13135811,13136366,+
11,26619934,26619912,26619994,+
1,211192506,211192125,211192598,-
6,53135458,53135391,53135525,-
18,42530893,42529846,42533305,+
2,204736215,204736101,204736210,+
5,139494382,139493767,139494735,+
20,62076082,62076012,62076187,-
13,48835358,48835273,48835360,+
20,47991415,47989520,47991529,-
5,132269997,132269839,132270633,-
19,50209219,50209166,50209361,+
22,24109778,24109561,24109780,-
8,41795056,41794774,41795086,-
6,42975013,42974934,42975044,+
19,52715971,52715939,52716086,+
1,11174420,11174375,11174510,-
17,48694921,48694799,48694932,+
21,38865381,38865319,38865465,+
22,31337537,31337420,31337545,-
12,49578885,49578793,49579773,-
2,121746928,121745784,121748251,+
5,14388735,14388722,14388788,+
1,23395059,23395032,23395174,+
1,22405039,22404972,22405076,+
5,140056343,140056238,140056481,-
3,8775678,8775563,8775676,+
1,8416219,8416160,8416306,-
3,154834337,154834268,154834348,+
21,34927559,34921782,34927697,+
7,6431631,6431555,6431672,+
15,75692425,75692381,75692497,-
2,8873577,8873574,8873810,-
5,98229258,98229120,98229310,-
12,53073912,53073542,53074132,-
6,75812371,75812313,75812408,-
13,101742055,101742014,101742112,-
1,39826485,39826465,39826673,+
19,36224662,36224664,36224773,+
6,79672902,79672814,79672969,-
1,24151875,24151846,24151905,-
3,182751809,182751779,182751865,-
8,126044481,126044483,126044636,-
11,112097169,112097167,112097249,+
4,100543913,100543834,100544005,+
2,84658643,84658632,84658783,-
1,24147011,24147000,24147083,-
6,24503660,24503491,24503661,+
7,65557771,65557755,65557899,+
19,13004373,13004297,13004467,+
1,45974704,45974468,45974887,+
6,49416574,49416529,49416640,-
4,146576317,146576299,146576586,+
12,110012685,110012628,110012705,+
3,124456430,124456415,124457133,+
7,44714800,44714777,44714867,+
20,33529536,33529516,33529632,-
15,40700137,40700138,40700189,+
3,136047701,136047600,136047699,+
15,90172729,90172606,90172804,-
8,145638672,145638621,145638773,-
9,35794071,35793895,35794100,+
1,76211597,76211491,76211599,+
1,2343940,2343830,2343941,-
22,40757286,40757277,40757346,+
3,120363303,120363166,120363290,-
16,30080145,30080139,30080311,+
14,94849232,94848929,94849574,-
19,12775674,12775606,12775799,-
17,48245751,48245735,48245933,+
2,73678931,73675090,73681194,+
5,70247783,70247768,70247818,+
5,133944194,133944062,133944193,-
17,1657583,1657416,1657828,+
16,89866047,89866013,89866046,-
6,131902424,131902359,131902518,+
15,51503207,51503005,51503253,-
4,178361582,178361427,178361580,-
9,71668109,71668056,71668176,+
8,63985648,63985494,63985647,-
13,23908273,23904275,23915829,-
11,108115609,108115515,108115753,+
7,33192463,33192313,33192463,+
4,103592499,103592438,103592555,-
4,52894204,52894134,52894265,-
2,219527617,219527606,219527723,+
15,91304206,91303824,91304485,+
3,165547645,165547305,165548821,-
11,108005970,108005869,108005969,+
1,45347394,45347284,45347411,-
17,3379487,3379454,3379689,+
2,211512752,211512587,211512781,+
11,68549252,68549239,68549427,-
1,53676067,53675687,53676991,+
5,131729504,131729368,131729503,+
3,48899978,48899975,48900092,-
1,235938328,235938213,235938386,-
18,55355624,55355531,55355739,-
9,35657869,35650751,35650850,-
6,137147551,137147457,137147607,+
16,14014170,14014023,14014229,+
8,100587947,100587886,100588012,+
2,234669155,234668934,234669797,+
1,70896071,70896000,70896077,+
17,3543501,3543501,3543561,+
2,44547695,44547338,44547778,+
5,156022025,156021942,156022061,+
4,17513637,17513573,17513677,-
9,136509420,136509340,136509442,+
11,5246958,5246828,5246956,-
10,101604086,101604079,101604222,+
18,46623771,46623772,46623885,-
16,72055100,72055023,72055210,+
2,109545744,109545654,109545835,-
8,144998009,144996672,145000052,-
6,129371200,129371063,129371233,+
15,42652006,42652004,42652312,+
2,71740998,71740846,71741051,+
9,108363606,108363426,108363629,+
10,14970131,14970015,14970151,-
20,43249764,43249659,43249788,-
4,5692990,5692992,5693060,-
22,50965004,50965005,50965167,-
17,76120262,76120070,76120260,-
17,45012488,45012395,45012646,+
16,67470018,67469860,67470045,+
11,46760891,46760815,46760958,+
1,169512100,169509532,169512352,-
13,113803580,113803230,113803831,+
1,197024850,197024845,197025027,-
8,17921996,17921966,17922040,-
12,110032947,110032833,110032986,+
9,97372240,97372203,97372343,-
1,24189638,24189624,24189761,-
20,44523747,44523633,44523772,+
13,23898591,23898507,23898680,+
3,33055554,33055548,33055802,-
1,155208388,155208308,155208441,-
16,56899348,56899148,56899429,+
21,33671389,33671283,33671388,+
17,41055955,41055948,41056057,+
17,78081447,78081356,78081521,+
1,100342154,100342014,100342153,+
3,81698005,81698007,81698142,-
11,64525263,64525251,64525382,-
14,51398389,51398391,51398494,-
12,48535536,48535523,48535610,+
16,88717405,88717364,88717421,-
2,238402139,238402070,238402179,+
19,1397492,1397358,1397498,-
21,44485322,44485313,44485382,-
1,11851268,11851264,11851383,-
9,6645410,6645245,6645499,-
10,126097456,126097310,126097534,-
13,41382734,41382574,41382732,+
9,37430535,37430508,37431097,+
3,122002810,122002534,122004038,+
22,18901005,18900951,18901039,-
8,143993962,143993946,143994143,-
2,215802332,215802234,215802339,-
9,104190799,104190751,104190805,-
14,23244747,23244653,23244749,-
3,159995413,159995369,159995458,-
17,56285941,56285874,56285944,-
14,88414071,88414072,88414222,-
6,145948827,145948552,145948829,-
5,52899281,52899282,52899360,+
19,7132241,7132169,7132328,-
6,80881023,80880999,80881107,+
22,51065189,51065019,51065188,-
9,139569205,139569187,139569259,-
1,150485712,150485713,150485943,+
17,73839249,73839240,73839347,-
5,138282822,138282806,138283162,-
17,56296590,56296512,56296591,-
19,19309965,19309963,19310043,+
12,102190516,102190451,102190540,-
19,7593098,7593044,7593143,+
5,76645262,76645244,76645384,+
12,65141538,65141492,65141698,-
16,88891246,88891175,88891277,-
5,78181406,78181407,78181650,-
7,65439512,65439513,65439691,-
3,4452595,4452549,4452662,-
7,117170981,117170953,117171168,+
9,134387456,134387428,134387523,+
22,43027382,43027384,43027456,-
2,150432957,150432951,150433056,-
5,149360517,149359856,149361376,+
5,42700080,42699926,42700104,+
5,147499626,147499572,147499699,+
1,156836766,156836702,156836770,+
16,81385235,81385188,81385302,+
18,21153516,21153416,21153538,-
8,90965734,90965472,90965919,-
16,67977904,67977851,67978004,-
1,6007208,6007164,6007290,-
11,67816547,67816548,67816761,+
11,88027677,88027174,88027676,-
8,21976740,21976677,21976796,-
7,107303857,107303741,107303880,+
13,31891816,31891703,31891822,+
12,103288666,103288513,103288696,-
6,161152261,161152083,161152264,+
15,89876911,89876327,89876985,-
6,51503685,51503647,51503754,-
19,34012665,34012650,34012666,-
3,93617381,93617292,93617413,-
2,26461825,26461802,26461872,-
9,99006675,99006611,99006676,-
2,31754489,31637491,31637532,-
16,16259598,16259480,16259790,-
14,20940627,20940467,20940636,+
1,150769371,150769275,150769374,-
11,111899269,111899239,111899363,+
1,155264430,155264273,155264543,-
19,7172447,7172301,7172445,-
10,13337607,13337496,13337606,-
6,152332819,152332791,152332929,+
5,74014758,74014622,74014796,+
15,49089857,49089858,49089927,-
6,31829856,31829776,31829968,-
17,19552387,19552285,19552437,+
11,71153346,71153309,71153399,-
12,56397639,56397402,56398811,+
19,36330426,36330398,36330509,-
15,72647932,72647900,72647965,-
16,222984,222912,223006,+
17,45331307,45331228,45331306,+
22,31011771,31011588,31011774,+
12,6979518,6979429,6979547,+
12,53708083,53708082,53708225,-
15,80445457,80445397,80445477,+
1,215853685,215853491,215853718,-
19,47259960,47258708,47260195,+
8,30945322,30945292,30945436,+
13,52548635,52548071,52549304,-
2,219679156,219679103,219679181,+
3,14190313,14190314,14190448,-
2,98354291,98354220,98354360,+
8,77895940,77895497,77896414,-
17,42084079,42083897,42084077,+
12,977639,976996,978300,+
16,88876221,88876106,88876248,-
12,125460034,125459965,125460057,-
11,47469537,47469364,47469702,-
17,59543237,59543180,59543299,+
17,66538952,66538835,66538950,-
16,15761168,15761143,15761296,+
14,70477524,70477471,70477663,+
19,35625583,35625415,35625584,-
17,39969410,39969287,39969531,+
6,112382294,112382194,112382491,+
9,32974493,32974456,32974559,-
9,139313299,139313280,139313370,+
7,5780662,5780604,5781446,-
19,7601333,7601335,7601432,+
10,102748919,102747968,102749210,+
8,74891018,74890991,74891104,+
3,133485220,133485122,133485277,+
18,77748356,77748240,77748392,-
8,145737702,145737527,145737707,-
9,100616366,100616197,100617318,+
5,68805573,68804968,68805646,+
21,43164110,43164042,43164300,-
12,7083589,7083501,7083602,+
16,65022059,65022060,65022247,-
9,136379871,136379758,136379907,-
4,186064638,186064527,186064637,+
1,220379267,220379249,220379348,-
2,143790838,143790805,143790890,+
1,165728783,165728762,165728821,-
1,17609392,17609341,17609574,+
15,91478457,91475659,91475770,-
1,210637852,210637849,210637999,+
17,76993330,76993058,76993704,-
1,225591105,225591005,225591165,-
6,33141825,33141788,33141832,-
8,94807731,94807637,94807735,+
19,5693748,5693563,5693780,-
20,3208945,3208905,3209074,-
18,43447562,43447528,43447715,-
15,34527381,34527382,34527515,-
9,94499682,94499673,94499800,-
4,39246173,39246090,39246172,+
4,175414300,175414302,175414465,-
19,18709408,18709242,18709411,-
21,46825292,46825294,46825388,+
16,68721640,68721523,68721647,+
2,88890344,88890336,88890570,-
9,111643988,111643985,111644045,-
9,2645603,2645574,2645745,+
12,7053740,7053639,7053898,+
7,139575393,139575384,139575440,+
2,122288501,122287823,122287901,-
2,217300218,217300061,217300219,+
7,195685,195554,195732,+
19,11687060,11687058,11687403,-
1,22160044,22159960,22160107,-
2,97427707,97426737,97428138,+
9,119461222,119460022,119461983,+
16,68714968,68714871,68714999,+
1,12008042,12008033,12008124,+
5,178549645,178549645,178549774,-
16,4848104,4848072,4848185,-
8,1719290,1719221,1719763,+
4,80899214,80899161,80899328,-
4,79322023,79321888,79322041,+
2,27315234,27315200,27315316,+
14,20915433,20915399,20915438,-
2,69271911,69271874,69271945,+
1,155208006,155207925,155208097,-
1,170513982,170513846,170513990,+
3,170723895,170723732,170723894,-
12,21713333,21713320,21713426,-
1,108700103,108700084,108700242,-
5,1217062,1216904,1217060,+
11,5248173,5248160,5248251,-
18,57105351,57105343,57105378,-
2,170058137,170058138,170058380,-
7,155604554,155604517,155604816,-
5,7878122,7878057,7878435,+
11,125769895,125769264,125770163,+
1,43205554,43205512,43205734,-
7,121726150,121726066,121726233,-
1,156084878,156084710,156085065,+
9,37785041,37784718,37785041,-
20,31387086,31387050,31387134,+
18,47373609,47373516,47373659,-
2,47249058,47249001,47249118,+
15,90320288,90319589,90320512,+
15,43324764,43324766,43324829,-
11,61131956,61131863,61131990,+
1,235600786,235600637,235600789,+
14,67783612,67783549,67783620,+
19,7615958,7615880,7615993,+
9,79996923,79996892,79997003,+
7,107545896,107545806,107545949,+
1,156107000,156106904,156107023,+
18,10787184,10787034,10787182,-
20,10388262,10388264,10388374,-
11,102822846,102822741,102822902,-
2,135890538,135890465,135890554,+
8,6289088,6289020,6289107,+
3,12558134,12558110,12558160,+
12,133250250,133250161,133250293,-
17,57165752,57165621,57165768,-
8,17917112,17917081,17917212,-
12,132426414,132425837,132426529,+
6,97344666,97344620,97344723,-
6,43006723,43006580,43006725,-
2,122288566,122287823,122287901,-
21,47810624,47810585,47810747,+
20,34022080,34021707,34022581,-
1,120279800,120279737,120279889,+
10,100219482,100219331,100219496,-
12,109959327,109959246,109959356,+
9,14740216,14740147,14740232,-
11,71944142,71944119,71944207,+
4,170510598,170510598,170510665,-
10,97453655,97453401,97453710,-
5,37180972,37180959,37181107,-
6,41130781,41130781,41130820,-
3,145789194,145789064,145789210,-
8,86376331,86376311,86376344,+
11,68157389,68157349,68157520,+
8,119936822,119936613,119937001,-
15,44876408,44876012,44876756,-
15,62170888,62170806,62170945,-
2,233028170,233028169,233028342,+
12,53823981,53823930,53824067,+
3,13860827,13860441,13860920,-
20,6096515,6096458,6096691,-
10,70221206,70218861,70218992,-
1,200613383,200613382,200613645,-
6,116752249,116752117,116752356,+
10,97392770,97392716,97392806,-
21,46309948,46309893,46310137,-
17,73945297,73945298,73945441,-
2,233404517,233404458,233404512,+
5,125885678,125885621,125885694,-
11,66618620,66618511,66618751,-
3,132423185,132423042,132423215,-
17,61561725,61561691,61561902,+
8,27660821,27660823,27660955,+
12,21030871,21030706,21030870,+
22,42461846,42461742,42461903,-
1,67512947,67512948,67513050,-
11,46908040,46907876,46908084,-
4,39226507,39226504,39226653,+
5,54543581,54528956,54529351,-
5,251219,251107,251218,+
6,42946593,42946007,42946888,-
11,119548444,119548265,119548567,-
2,113522174,113522139,113522175,-
11,46921812,46921813,46921929,-
17,44851109,44851034,44851275,-
1,43814674,43814514,43814673,+
1,145507648,145498536,145498778,+
20,45358004,45357992,45358127,+
21,45712234,45712185,45712284,+
10,79784728,79784729,79784900,-
4,103806378,103806373,103806587,+
2,172330432,172330376,172330485,+
2,31620584,31620534,31620595,-
16,70815795,70815772,70815906,-
1,211093389,211092982,211093411,-
17,16220000,16219995,16220085,+
7,117174334,117174330,117174419,+
12,121177001,121176943,121176999,+
17,7127550,7127465,7127562,+
16,71602163,71602047,71602187,-
9,107549221,107549154,107549257,-
1,33487063,33486968,33487062,-
19,45854980,45854887,45854979,-
6,53371799,53371711,53371823,-
17,39921002,39920965,39921068,-
19,47259471,47258708,47260195,+
22,38516842,38516766,38516916,-
19,17941429,17941312,17941429,-
1,55349371,55349291,55349446,-
3,164739042,164739017,164739171,-
1,120306794,120306795,120307249,-
7,40277263,40277234,40277325,+
7,50607624,50607613,50607726,-
22,32439350,32439269,32439403,+
14,103395782,103395765,103395873,+
18,57005990,57005992,57006185,-
10,14978547,14978537,14978592,-
4,187115767,187115654,187115766,+
5,1212468,1212418,1212599,+
2,71909684,71909660,71909807,+
11,121177951,121177766,121178221,+
3,148919931,148919889,148920028,-
1,110152730,110152662,110152803,-
1,169446450,169446393,169446995,-
14,39536460,39536377,39536500,-
3,46937356,46937225,46937359,+
19,44031327,44031174,44031329,-
21,47571884,47571806,47571894,-
11,30255162,30255117,30255347,+
2,219525942,219525711,219526030,+
2,166611525,166611442,166611573,-
9,136305465,136305465,136305646,+
5,149360691,149359856,149361376,+
3,190039855,190039773,190039995,-
4,25664440,25664327,25664464,+
2,219922163,219922155,219922416,-
1,115829176,115828691,115829416,-
9,135203738,135201711,135205886,-
10,23482734,23482633,23482835,+
19,42879689,42879659,42880927,+
7,127894487,127894457,127894816,+
10,70748856,70748589,70749014,+
22,21213400,21213399,21213635,+
3,180703744,180703714,180703784,-
7,34125597,34125368,34125704,+
3,50339730,50339488,50340387,-
9,94118439,94118370,94118437,-
19,46087920,46087881,46088022,-
3,154862172,154862148,154862246,+
2,44123772,44123773,44123847,-
12,44177474,44177465,44177527,+
2,73115493,73115443,73115733,+
15,89860620,89860607,89860767,-
4,108954395,108954332,108954448,+
6,49578736,49578737,49578858,-
2,25384441,25383950,25384621,-
5,95764964,95764917,95765021,-
10,90984868,90984849,90984985,-
10,90983467,90983441,90983587,-
17,63156986,63156969,63157027,+
2,234238138,234238139,234238223,+
5,177034506,177034303,177034528,+
9,139324183,139324127,139324259,-
1,155206119,155206036,155206260,-
11,6414899,6414847,6414923,+
18,2951174,2951053,2951354,-
5,34005932,34005861,34006004,-
17,46019139,46019042,46019260,+
3,46944817,46944760,46945146,+
2,231077623,231077476,231077742,-
2,143718202,143718193,143718339,+
11,134131785,134131632,134131784,+
1,145416618,145416313,145416936,+
2,234676864,234676866,234677085,+
16,47622888,47622816,47623013,+
3,15677196,15676931,15677195,+
21,38132130,38132028,38132142,-
8,94934564,94934244,94935901,+
10,127483547,127483449,127483547,-
6,70500205,70500188,70500364,-
16,30997526,30996808,30997533,-
8,65517310,65517239,65517414,-
7,137773401,137773347,137773514,+
14,50768734,50768735,50768886,-
16,8900172,8900173,8900264,+
15,75190004,75189853,75190071,+
1,63862273,63862184,63862268,+
3,183960356,183960302,183960464,-
20,49558653,49558568,49558663,-
17,7487182,7487181,7487339,+
22,50297711,50297486,50297714,-
11,77838484,77838404,77838485,-
9,101981074,101980216,101981118,-
16,5122955,5122952,5123029,+
12,124235715,124235657,124235776,+
14,50088855,50087987,50089330,+
2,74692088,74692023,74692374,-
9,33135256,33135187,33135422,-
16,23464143,23464147,23464315,-
7,56088803,56088766,56088905,-
1,120254713,120254646,120254783,+
6,36260887,36260838,36260903,+
17,73747193,73747055,73747192,+
1,209804081,209803960,209804080,-
3,48621917,48621918,48621989,-
10,100184125,100184070,100184131,-
15,28234746,28234747,28234812,-
9,12695626,12695515,12695837,+
5,33964122,33963796,33964121,-
1,47882278,47881988,47882947,+
10,71332429,71332155,71332799,-
6,31929382,31929324,31929452,+
8,94777845,94777800,94777874,+
7,23030679,23030680,23030730,-
3,195968956,195968723,195968961,-
16,70530270,70530169,70530334,-
6,108370452,108370457,108370622,-
22,43011402,43010805,43010863,-
12,15037181,15037147,15037179,-
11,118968750,118968565,118968753,-
9,134381547,134381501,134381607,+
4,74277711,74277713,74277842,+
14,94955959,94955957,94956104,-
8,143823803,143823746,143823803,-
20,32880273,32880164,32880313,-
9,131112590,131112591,131112660,+
1,213062551,213062488,213062599,+
6,43487543,43487444,43487576,+
2,191161682,191161539,191161679,-
6,152545688,152545629,152545799,-
17,39740662,39740509,39740665,-
7,103155710,103155632,103155888,-
11,69631095,69631088,69631191,-
17,26732378,26731634,26732486,-
6,43568829,43568725,43568828,+
11,65636028,65635981,65636100,-
16,88497185,88493879,88505740,+
11,2608846,2608800,2608922,+
1,115576150,115575984,115576145,+
1,119965127,119964432,119965243,+
10,104595073,104595011,104595149,-
6,32007983,32007782,32007982,+
8,143958157,143958098,143958301,-
12,98992436,98992300,98992481,+
9,131708241,131707966,131709582,-
11,130029877,130029875,130029955,+
2,85780390,85780355,85780620,-
2,47604151,47604153,47604216,+
12,48240462,48240440,48240591,-
7,158711530,158711431,158711560,+
5,149360721,149359856,149361376,+
19,1105455,1105365,1105509,+
8,145667498,145667420,145667534,-
4,994486,994400,994485,+
4,995460,995467,996273,+
4,994668,994670,994777,+
15,43900289,43900278,43900401,-
11,64359297,64359029,64359430,+
14,90459764,90459720,90459827,+
1,45478859,45478808,45478887,+
16,69364970,69364742,69364998,-
1,12336961,12335882,12338095,+
7,75611554,75611542,75611640,+
8,134024282,134024146,134024280,+
5,43292710,43292576,43292739,-
19,55645558,55645434,55645572,-
3,43759278,43759163,43759349,+
11,819763,819719,819905,+
1,59042272,59041857,59042828,-
16,75513118,75512539,75513726,-
1,33354724,33354500,33354877,+
17,73274346,73274233,73274416,-
13,108860927,108860881,108863616,-
8,110100133,110099742,110100530,+
3,128628987,128628864,128628992,+
8,75272387,75272372,75272545,+
5,148431798,148431705,148431803,-
8,134271474,134271411,134271473,-
11,9868562,9868503,9868630,-
9,116153914,116153807,116153903,-
8,65509312,65509199,65509486,-
14,68265008,68264731,68265339,-
13,36888478,36888364,36888558,-
15,65257735,65257661,65257801,-
12,58025008,58024983,58025147,-
14,53619307,53618979,53619816,-
11,763824,763747,763944,+
8,75272528,75272372,75272545,+
11,2189796,2189721,2189895,-
3,52021009,52021004,52021077,+
1,173795830,173795825,173795924,+
10,73579470,73579471,73579657,-
1,22448042,22447938,22448069,-
19,7605911,7605809,7605937,+
1,227170697,227170595,227170735,+
16,1840801,1840601,1842516,-
18,61471522,61471471,61471869,+
8,94828599,94828600,94828680,+
2,20202928,20202922,20203047,-
17,1174068,1173858,1174565,+
20,3897602,3897574,3897697,+
7,127970949,127970872,127970981,-
1,201286763,201286700,201286907,+
8,145004554,145004552,145004704,-
6,7558373,7558349,7558497,+
7,146805370,146805239,146805442,+
15,90196095,90195834,90196161,-
17,73518189,73517786,73518414,+
21,45750704,45750346,45750799,-
12,49484922,49484911,49485172,-
10,73122025,73121711,73122365,+
12,57638387,57638320,57638405,-
2,220022991,220022908,220023084,-
11,3988863,3988782,3988912,+
17,26851051,26850988,26851110,+
5,35873660,35873582,35873750,+
2,127834262,127834202,127834282,-
3,42732355,42732351,42732497,+
16,74752886,74752886,74753058,-
22,32887126,32887073,32887168,+
19,45981868,45975809,45976270,+
7,100800656,100800658,100800766,+
15,89399954,89398083,89402648,+
12,6458573,6458493,6458571,-
1,66038102,66038009,66038132,+
3,38180469,38180153,38180519,+
1,168266985,168266862,168267023,+
1,160012087,160011183,160012322,-
22,38522451,38522378,38522456,-
10,124248979,124248938,124249142,+
11,22271893,22271783,22271917,+
14,77743729,77743719,77743824,-
6,110059618,110059528,110059656,+
22,37494466,37494456,37494589,-
17,43555265,43555262,43555513,-
3,126216984,126216894,126217015,-
2,179300991,179300872,179301046,-
9,14868974,14868742,14868975,-
9,328076,328022,328171,+
2,85888659,85888596,85888658,-
6,135778668,135778632,135778851,-
16,53679916,53679537,53679915,-
2,112552394,112552395,112552471,-
8,145739097,145738955,145739096,-
1,53666440,53666391,53666471,+
1,53667994,53667995,53668101,+
11,44297002,44296898,44297208,-
20,33067440,33067435,33067594,+
6,32010130,32010043,32010139,-
7,94025130,94024344,94024413,+
11,36597543,36594855,36597986,+
10,73406215,73406216,73406518,+
1,216420126,216419927,216420568,-
3,150690431,150690243,150690495,-
11,5248155,5248160,5248251,-
11,5248393,5248160,5248251,-
11,5255781,5255572,5255663,-
9,139091646,139091524,139091726,-
5,1411357,1411358,1411470,-
3,53145846,53145846,53145924,-
17,34893128,34892951,34894465,+
2,113819769,113819701,113819828,+
9,133339504,133339498,133339554,+
7,95822471,95822349,95822495,-
7,95926205,95926210,95926263,-
2,202591591,202591387,202591589,-
2,216213967,216213817,216214002,+
6,71012614,71012614,71012627,-
11,94180442,94180385,94180604,-
1,183212404,183212282,183212535,+
10,30602855,30602538,30602900,-
8,144994985,144990345,144996563,-
16,66547641,66547634,66547765,-
15,89876978,89876327,89876985,-
18,43667165,43666974,43667198,-
12,123741486,123741360,123741578,+
3,58413811,58413761,58413906,-
11,35013910,35013862,35013926,+
3,148711931,148711929,148712064,+
10,73767280,73766930,73768229,+
7,106938708,106938587,106938791,-
1,155112473,155112438,155112806,-
16,70531899,70531840,70531958,-
17,71202913,71202847,71202956,+
7,66098322,66098262,66098431,+
15,43545056,43544957,43545134,-
16,30768009,30767911,30768036,+
16,2354135,2353970,2354151,-
10,90987966,90987957,90988155,-
13,52599058,52598142,52599073,+
3,49568274,49568230,49570632,+
18,59751784,59751764,59751839,-
7,99703901,99703864,99703914,+
17,7976135,7976089,7976268,-
1,210329217,210329066,210329255,+
16,79245562,79245505,79246031,+
3,43591342,43591212,43591340,-
11,6640426,6640423,6640498,-
1,45808798,45808754,45809374,+
11,18424473,18424387,18424560,+
11,14907321,14907322,14907463,-
6,132211575,132211481,132211651,+
19,30193683,30193619,30193884,-
6,86197176,86197053,86197207,+
2,202626257,202625526,202626541,-
20,3208905,3208905,3209074,-
2,3691502,3691317,3691708,+
2,9633918,9633876,9633954,-
7,30062366,30062281,30062432,-
1,20981153,20981107,20981200,-
2,202574661,202574604,202574761,-
7,4828468,4828471,4828582,+
12,85694932,85694933,85695253,+
11,70052267,70052239,70052579,+
1,220101517,220101143,220101782,-
18,12358779,12358669,12358942,-
11,6662682,6661048,6662844,-
17,3386886,3386793,3386886,+
8,17143888,17143856,17143936,+
19,18170790,18170704,18170895,-
12,123741471,123741360,123741578,+
8,38109717,38109650,38109805,+
14,102901247,102900572,102901548,+
9,35739074,35738999,35739106,-
10,104852894,104852896,104853066,-
1,228345567,228345460,228346779,+
4,108866548,108866126,108866761,+
6,146673559,146673386,146673632,+
4,81123397,81123068,81124686,+
5,130495271,130495140,130495304,-
9,130698855,130698635,130698934,-
20,44592140,44592112,44592289,-
2,74166080,74166037,74166149,+
16,2035977,2035867,2036029,+
11,36596382,36594855,36597986,+
11,66455710,66455640,66455782,-
20,17956513,17956327,17956546,+
7,16460787,16460691,16460947,-
8,140998935,140998934,140999044,-
16,2546900,2546150,2547114,+
7,107601650,107601651,107601774,-
11,88911386,88911122,88911940,+
9,101983974,101983829,101984176,-
10,61898801,61898691,61898845,-
12,124206996,124206898,124206995,+
11,62458772,62458752,62458893,-
15,101791457,101791342,101791661,-
4,94031937,94031899,94032104,+
16,3075808,3075709,3075824,+
3,49761096,49761031,49761159,-
1,94495104,94495001,94495187,-
20,44049037,44048972,44049069,+
4,184606496,184606424,184606556,+
18,6985384,6985236,6985399,-
15,48428880,48428880,48429160,+
3,31574528,31574491,31574804,+
1,100472670,100472590,100472712,+
2,210801631,210801568,210801657,+
8,33369557,33369485,33370131,-
1,204375390,204375220,204375441,-
1,65831790,65831731,65831879,+
1,110604187,110604057,110604185,-
19,47983131,47983120,47983197,-
6,86246509,86246510,86246642,-
14,58923419,58923420,58923528,+
17,40715063,40714630,40715340,+
9,139990707,139990689,139990843,+
8,120795788,120795621,120795873,-
10,74326500,74326391,74326551,-
16,18806848,18806786,18806903,-
10,101943559,101943513,101943594,-
1,110168380,110168257,110168414,+
10,97604339,97604233,97604392,+
14,96001623,96001427,96001721,+
4,156632404,156631694,156632403,+
3,25775392,25775363,25775473,-
6,24658788,24658789,24658962,-
3,197402388,197402293,197402386,-
1,62979259,62979115,62979277,-
16,732232,732165,732335,+
12,102155066,102154905,102155124,-
5,36207266,36207272,36207367,-
11,73879530,73879389,73879658,-
3,9908979,9908786,9908980,-
19,42906092,42905964,42906227,-
1,230825865,230825760,230825899,+
1,220312456,220312350,220312481,+
5,82554426,82554349,82554496,+
14,68159305,68159155,68159310,-
2,47221495,47221496,47221653,+
5,167913504,167913504,167913548,+
11,13736194,13736056,13736227,+
17,79768793,79768701,79768808,+
6,83881669,83881656,83881778,-
19,17448950,17448817,17449064,+
14,105693011,105692971,105693097,-
8,144297182,144297134,144297393,+
11,72013356,72013348,72013417,-
13,96416168,96416087,96416207,+
10,97373512,97373499,97373620,-
2,65216779,65216778,65217304,+
10,102013281,102013178,102013296,-
17,57775086,57774800,57775339,-
1,110740780,110740698,110741066,+
4,123949509,123949341,123949550,+
15,63907989,63907967,63908119,-
16,57265124,57265079,57265231,+
19,50365445,50365442,50365538,-
19,35800833,35800777,35801064,+
6,105280997,105280917,105281048,-
16,68349977,68349883,68349977,+
2,238243533,238243269,238243532,-
19,50321714,50321599,50321732,+
6,5369227,5368804,5369415,+
11,65303790,65303730,65303805,+
11,684953,684898,684963,-
18,67697350,67697248,67697345,-
1,228353824,228353518,228353858,+
4,103184301,103184201,103184350,-
16,46943831,46943596,46943839,+
5,140903709,140903710,140903796,-
22,36876814,36876622,36876884,-
5,80037359,80037283,80037367,+
16,1552986,1552932,1553003,+
17,80763806,80763751,80763887,+
2,3392373,3391395,3392441,+
17,61781765,61781643,61781942,-
4,39318576,39318535,39318642,-
19,39971519,39971185,39971601,+
1,29527086,29527028,29527101,-
1,17322757,17322749,17322795,-
8,22277068,22277065,22277211,+
10,134599332,134599047,134599452,-
8,145140489,145140476,145140646,+
1,1167659,1167659,1168648,+
7,44153236,44153193,44153860,+
9,95032219,95032167,95032265,-
15,52425575,52425575,52425666,-
17,8076848,8066196,8066197,-
1,150990382,150990288,150990380,+
11,17167409,17167410,17167489,-
5,74055190,74055194,74055251,-
