CHROM,POS,POS_minus_10,POS_plus_10,SEQ
chr4,1807371,1807361,1807381,ACATCATCAACCTGCTGGGCG
chr7,138391446,138391436,138391456,ACATAGAACTTGTTCTGGAAC
chr1,154574727,154574717,154574737,CTCAGTTCCTGGAAATGTGAG
chr2,163128866,163128856,163128876,CAGGACGTAGGTGCTCTCATC
chr16,1505761,1505751,1505771,TGGTTCCAGAAGGACGCACCC
chr17,42992619,42992609,42992629,GCTGGCAAAGCGGTCATTGAG
chr2,227914783,227914773,227914793,CCAAACCATACCTTTAGGTCC
chr12,88532921,88532911,88532931,AAAAGACATACCTCCAGTTCA
chr1,173881080,173881070,173881090,CGATAGAGTCGGCAGTTCAGT
chr10,123279677,123279667,123279687,CCGGTGAGGCGATCGCTCTGG
chr19,13423574,13423564,13423584,AAAGAGTCCTAAGAAAATGAA
chr8,72184037,72184027,72184047,TTGTTTCTTCGGCCCCGTCCA
chr1,16374412,16374402,16374422,TCTGGAATCCCGGAGGTGAAG
chr5,127674630,127674620,127674640,CTTACCCATGCAGTTCTTCAT
chr11,2905999,2905989,2906009,GAGTGCAGCTGGTCAGCGAGA
chr17,17122397,17122387,17122407,CCCACAGCCTGAGAGAGAGGA
chr1,93297672,93297662,93297682,GTTCCGCAGGATGGTGAGTGG
chr3,138665510,138665500,138665520,CGACCGGTCTCTGGGGCCAGC
chr3,38655273,38655263,38655283,CGGAGGACTCGGAAGGTGCGT
chr19,15303110,15303100,15303120,CAGTCAGGGCCTGGAGGGACC
chr8,61655624,61655614,61655634,CCCATCACCCCAGAACACCCC
chr17,70119114,70119104,70119124,GAGCACTCGGGTGAGTCGCCC
chr3,37061898,37061888,37061908,GCGGGTGCAGCAGCACATCGA
chr13,32931878,32931868,32931888,ATTTTGTGTAGCTGTATACGT
chr3,12626152,12626142,12626162,AATGGAAGACAGGATCTGAAA
chr19,49468606,49468596,49468616,TGCTTCAACAGTGTTTGGACG
chr17,38907213,38907203,38907223,TACCGTGGCTAGGAGAGACTG
chr6,116441447,116441437,116441457,CAGGCCTACCCAAACATGAGT
chr4,2833300,2833290,2833310,CCCTCCAGGCGATCACCCCCC
chr13,20797589,20797579,20797599,TTGACACCCCCGATGAAAGTG
chr5,36985884,36985874,36985894,TAAACTAGAACGAAAACACAG
chr10,89720679,89720669,89720689,TGGGTAAATACATTCTTCATA
chr10,123276905,123276895,123276915,GTATATTCCCCAGCGTCCTCA
chr16,50828222,50828212,50828232,CATCCCTTGCCAGAATATGGA
chr4,110788903,110788893,110788913,TGATGACTTGCAGTGAACCTG
chr12,110765740,110765730,110765750,AGCCTCCCGTCTGTGGAAACC
chr12,50344890,50344880,50344900,CGTGGCTGCCCAGCTGCTGGG
chr4,109784483,109784473,109784493,ACCTTTGGTCCGGGGGCTCCA
chr12,49483829,49483819,49483839,ATCGTTCACCAGCAGCGTCCC
chr2,49210264,49210254,49210274,TCCATTGAATGCACAGTTGTG
chr7,21627817,21627807,21627827,ACACATGAAACAGGTAAGTGG
chr1,149899651,149899641,149899661,CCGGCAGCCATGGCGAAAGAG
chr9,132581183,132581173,132581193,GCCTCGAATCCACAACTGTAA
chr1,156107004,156106994,156107014,CGTACGGCTCTCATCAACTCC
chr5,137206510,137206500,137206520,GCCTCCTCAACACTGAGCTCT
chr18,2762234,2762224,2762244,TTAGTATCACGGTAATGTTTA
chr22,19711093,19711083,19711103,TCTTCTCGCCATGGGCTCCGG
chr2,189859791,189859781,189859801,GGGTTCCGAGGACCTGCTGGA
chr2,189936819,189936809,189936829,CCAAGAGGACCCTATTAAAAG
chr1,158655080,158655070,158655090,ACTTCCTGACGCCTCTCCTGG
chr2,166243314,166243304,166243324,GATATCAGCATCATGATCCTC
chr5,161300142,161300132,161300152,ATAGATGTATTTTTCCGTCAA
chr12,53072509,53072499,53072519,TTTTGTTTGCAGTACCTGGTT
chr14,24731327,24731317,24731337,CCAGGTCTTCGAGTGCCAGAG
chr1,35250397,35250387,35250407,CCTACTGAGCGGTGTGAACAA
chr8,119122734,119122724,119122744,TACCATTGTTCCACAAGTGGA
chr13,113765165,113765155,113765175,GGAGAGGACGGTGAGCCCAGC
chr4,187201412,187201402,187201422,TGACACTGATTTCTTGGGAGA
chr17,45286819,45286809,45286829,GCCTAAGAAGGAGGCAGCCAA
chr4,155508672,155508662,155508682,ACCTCCAGTCGTTTCATATCA
chr2,158630656,158630646,158630666,CAGAAAAGGAAGACCAGAGCC
chr16,3293447,3293437,3293457,GCGACAGAGTCATGTTCCCTT
chr11,32413517,32413507,32413527,AGTTTACGCACTTGTTTTACC
chr20,4680545,4680535,4680555,GGCCTATTACCAGAGAGGATC
chr18,10680341,10680331,10680351,TCTTCTTTTTCATAATTTTCC
chr10,104353432,104353422,104353442,CTCAGCCCAGCAGTGGAACGG
chr7,42116350,42116340,42116360,TTAATACTTACATATGCAATG
chr4,95174824,95174814,95174834,TAAGCACTGGTAAGTACACTT
chr10,43595944,43595934,43595954,ATGCTTACTGGGAGAAGCTGT
chr12,114793625,114793615,114793635,AGAAGTGCTGGTAGGGTAGCC
chr3,184074782,184074772,184074792,GCCACTCACTTCCTCATGAGG
chr3,121980383,121980373,121980393,AGGTCAGTTATGCCTCCTCCA
chr19,11238682,11238672,11238692,TCTCTCCTGCAGCTCTGGGCG
chr2,203332413,203332403,203332423,ACACCACTCAGTAAGTAAAGT
chr1,201009753,201009743,201009763,CTGTTACCTGGCAGGGGGCAG
chr14,81606172,81606162,81606182,TCTTACCCAAGCCACTGCTGT
chr9,107550750,107550740,107550760,AAGGGCAAAGAACTCCACGTG
chr3,122002611,122002601,122002621,CAAGGAGATCGAGTTTCTGTC
chr4,1803657,1803647,1803667,CAAGGTGTACAGTGACGCACA
chr4,68610506,68610496,68610516,AGATGTATAACTGTATGAGAC
chr1,21890573,21890563,21890583,AGAGTGAACCATGCCACCCCC
chr8,21988118,21988108,21988128,GGGGGCGCTCTAGGGCCGCAG
chr12,53045385,53045375,53045395,AGTTTTGATCTGCTCACGCTC
chr22,29754810,29754800,29754820,TTGGCCACGCACACAGCTGCT
chr20,5283350,5283340,5283360,ATAATTCATCCGTGGTTTCAA
chr12,48381068,48381058,48381078,TCCTTTGGCTCCAGGAATTCC
chr1,92941710,92941700,92941720,GGTGATGAGGTTGGAGCTCTG
chr13,20763650,20763640,20763660,GACGGTGAGCCAGATCTTTCC
chr12,112888156,112888146,112888166,CAAGATTCAGAACACTGGTGA
chr8,116616566,116616556,116616576,TTGGAATATCGGAAGTCACAG
chr3,58131722,58131712,58131732,CCTCGTGTATGGAGTGGCCAA
chr1,241680548,241680538,241680558,GGGCGCCATAATACTTATCAT
chr17,7576927,7576917,7576937,TTGGGCAGTGCTAGGAAAGAG
chr16,23392046,23392036,23392056,CCAGGCACCCCGCCCCCCAAC
chr7,44189358,44189348,44189368,GGAGCCCTTACCCACGATCAT
chr3,30715622,30715612,30715632,TACATGGCTCCAGAAGTCCTA
chr1,103381186,103381176,103381196,ACAGTACTTACGCCTACACCT
chr19,13136154,13136144,13136164,AAGATCCGGCGGATTGACTGC
chr22,19748552,19748542,19748562,ACGACCCGTGCGCCGCCGCCG
chr19,13373582,13373572,13373592,GGTTTTAAGAGGTCGTAGCAC
chr12,52680896,52680886,52680906,CTCTGCTCCTCGCCCTCCAGC
chr1,247588456,247588446,247588466,ATTCGAAAAGGGGTATTTGAT
chr17,4804838,4804828,4804848,GCCTCTGTGTCGATGTCGATC
chr19,39075676,39075666,39075686,CGAGCTCTACAGGGTGGTCTT
chr19,39074134,39074124,39074144,AAAAAAAAACATATGTAAAGT
chr5,138643358,138643348,138643368,AATTTGCAGTCTATATTTAAC
chr9,36227268,36227258,36227278,ATTGCAACTCGGAGGTTCGTC
chr2,70439862,70439852,70439872,CACTGGGTTTCATACCCTGCC
chr2,179447666,179447656,179447676,TTATTAGTTACCTAACACTTT
chr21,47537312,47537302,47537322,CTTCTCCTTCAGGGCAAGCTG
chr7,143039096,143039086,143039106,AACGGGTCAGATTGCTCACAT
chr7,124467339,124467329,124467349,AACACATATTGGAGGGGTACA
chr17,29576000,29575990,29576010,ATTTTTTTGTAGGTTAGAACC
chr22,30035077,30035067,30035087,GCAATTCTGCAGGTACTGGAT
chr17,29556484,29556474,29556494,CCAAGGACAGGTAAAGTGTTC
chr12,25398218,25398208,25398228,CTCTATTGTTGGATCATATTC
chr11,64572629,64572619,64572639,GGTGGGCGAAGCACTCAGGGT
chr10,43609096,43609086,43609106,GGAGGAGAAGTGCTTCTGCGA
chr19,59061222,59061212,59061232,ACCAGCCAACCAGCGGGTGAG
chr11,101323799,101323789,101323809,AGTTCATAGCGGAGACTTGAG
chr17,3421881,3421871,3421891,TGCAGGCGCCAGATGCGTTCG
chr4,41749503,41749493,41749513,ATGCGCCGCTGCTTGCGCTTC
chr1,43223453,43223443,43223463,AAGTCTCTCACCTCACGGGGG
chr7,42063113,42063103,42063123,GCAGCCTTCCCAGTGGCAGTT
chr5,147211139,147211129,147211149,TGTTACCTTCATGGCTGAAGT
chr1,201019586,201019576,201019596,CAGGATGGACCAGTCCCGGGT
chr17,62021186,62021176,62021196,TGTTCCTCCGTCATAAAGATG
chr17,62022054,62022044,62022064,GCTGGTTGAAGTTGTCAATGA
chr11,31822277,31822267,31822287,CCCCGGATACCAACCAGGGCG
chr8,38275745,38275735,38275755,AGTATTATTACCTGTCCCGAG
chr10,131755588,131755578,131755598,GTCACAGCACCGGCTGTGGAG
chr9,135865273,135865263,135865283,CGACATGAAGAAGCACACCTA
chr16,2150311,2150301,2150321,GGGCTGAGCCCTGCAGAGGCG
chr5,112170777,112170767,112170787,TTACCGGAGCCAGACAAACAC
chr15,23889996,23889986,23890006,ACTCAGGGCCCAGGATGCGCT
chr1,156108404,156108394,156108414,CCCAGGTGGGCGGACCCATCT
chr2,128178973,128178963,128178983,TGCATAGAGGAGATCTGTGAC
chr19,18896599,18896589,18896609,GGACACACGTCGATCTTGTCT
chr5,136973024,136973014,136973034,CCGCGTGTTCATCGGGGCCAC
chr9,130582215,130582205,130582225,CCTGCATGCCACAGCTGGAGT
chr4,111542511,111542501,111542521,TTCCCCTGCTGGCTTTTATCT
chr16,3786093,3786083,3786103,TCTTCTTCTTGTTCTAGTTCC
chr5,142680121,142680111,142680131,CGTAGTCATGATCCTCCAAGT
chr13,49037969,49037959,49037979,TGCTGTTCAGGAGGTAGGTAA
chr2,112779972,112779962,112779982,TGGATGAACTGTGAGTGGGCT
chr7,19156589,19156579,19156599,CTGGGTGCGCTGGCGCTCCCG
chr18,42531917,42531907,42531927,GACAGCGGCATTGGGACAGAC
chr2,45169628,45169618,45169638,CAACAAACACGAGTCGATCCT
chr21,33039612,33039602,33039622,GACAAAGATGGTGTGGCCGAT
chr16,2137930,2137920,2137940,GGTGTCCCTGCAGTGCAGGAA
chr11,2156676,2156666,2156686,CACTGGGGCGGTAAGCAGCAA
chr17,17697130,17697120,17697140,GCAGCAGCAGCAGCAAGCCCT
chr22,17669232,17669222,17669242,GGCTCACCTGTTTCTCCGGCG
chr5,176618940,176618930,176618950,GATCTCATCTGGGCAAAATTC
chr8,41529963,41529953,41529973,AGAGACACTTCATTCTCTGAG
chr1,94502907,94502897,94502917,TTTACATCCCCTAGGACAAGA
chr12,48367871,48367861,48367881,GCCCCACTCACCGTGCAGCCA
chr17,39780487,39780477,39780497,CAGGCGGTCATTGAGGTTCTG
chr11,5247802,5247792,5247812,GTCCCATAGACTCACCCTGAA
chr16,51185072,51185062,51185082,GGCCGGAGCACTCACCATCTC
chr5,149755035,149755025,149755045,GTGGGGAAGTGGGAGGAGGAC
chr3,38603904,38603894,38603914,CACCTCTCTTACCCTCATGCC
chr1,209965706,209965696,209965716,AGTTTTGGGCCACACTGCCTC
chr11,86662793,86662783,86662803,CTTCATGACCCCATTTGAGTC
chr3,10183865,10183855,10183875,CATCCACAGCTACCGAGGTAC
chr22,38379456,38379446,38379466,GAGCCCACACCATGAAGGCGT
chr22,38374123,38374113,38374133,AAGGGGCGCTTGTCACTTTCG
chr12,6078503,6078493,6078513,TCCTTCACTCGGACACACTCA
chr2,175432630,175432620,175432640,AATAGATGTTGATGGTGGAGG
chr2,239757079,239757069,239757089,CAACGTGCGCGAGCGCCAGCG
chr5,149360499,149360489,149360509,GTTAAAGAATCAACAGGCTGC
chr4,5642301,5642291,5642311,TCTCTCTCTGGTACTGGTTTT
chr1,120458396,120458386,120458406,CCCGCTGGTTGGGCAATACTG
chr15,48797303,48797293,48797313,TTGACGCAACGCCCATTCATG
chr15,41228582,41228572,41228592,ATGTGCACCTGCCCTGCCGGC
chr3,189586385,189586375,189586395,AGTCCTGGGCCGACGCTGCTT
chr1,170688963,170688953,170688973,GAGCGTGTCTTTGAGCGGACA
chr2,240066401,240066391,240066411,TTTCAGATTCGGTTCAGAAGC
chr6,121768112,121768102,121768122,CTGGGGACAGCGGTTGAGTCA
chr14,73659569,73659559,73659579,GATTTCAGTATATGGTAAAAC
chr20,44640376,44640366,44640386,TCGGCTTCTGCCCGACCCGAG
chr11,95561181,95561171,95561191,TGAATTTGGGCAAATGAGCTT
chr1,92712657,92712647,92712667,GGGATCTCTTCTCCACTTACA
chr3,4703764,4703754,4703774,CTTGAATTTCAGATTGGCACC
chr3,189607267,189607257,189607277,GATTGCAGCATTGTCAGGTGA
chr10,43315975,43315965,43315985,AAGAAACATCGCTGGTATAAG
chr17,40842916,40842906,40842926,TGTGAACAGTGGATCGAGTTC
chr11,1862753,1862743,1862763,ATGGAGGGCCGGAAGAAGATG
chr18,10671568,10671558,10671578,GTCTCTGGTGAGCGATATAGG
chr19,42474427,42474417,42474437,ATGTCGCTTTCGGCAGCCTCG
chr3,58062997,58062987,58063007,AGCCCTGGGAGCCCTGGTAGA
chr12,110238471,110238461,110238481,AAGCGCCCACGGGCCTGGGCG
chr2,239757080,239757070,239757090,AACGTGCGCGAGCGCCAGCGC
chr11,61727038,61727028,61727048,GGATTGTCGACAGGAATTTGC
chr12,20769240,20769230,20769250,TCGGCCACAGGTCTACCCACC
chr6,10404745,10404735,10404755,CCTCACCTCCGGAGCACTCCG
chr1,209969822,209969812,209969832,AGAGCACAGCGCAGCTGGGCC
chr2,16085788,16085778,16085798,GATCCTCAAACGATGCCTTCC
chr17,48272803,48272793,48272813,ACATTGGCACCTTTAGCACCA
chr19,41848114,41848104,41848124,CTGCTGTCACAGGAGCAGTGG
chr18,48593485,48593475,48593495,TACAGAGTTACTACTTAGACA
chr22,17584408,17584398,17584418,GTTCCACCAGCGATCCAACGT
chr15,66729162,66729152,66729172,GTGCAACTCTCCGTACATCGT
chr17,66511541,66511531,66511551,GCAGAGAACCATGGAGTCTGG
chr22,25627584,25627574,25627594,GGTTGGCTACCAGTACCCCGG
chr20,2451408,2451398,2451418,TCCCACAGCCGATTTCCCGCC
chr17,54672195,54672185,54672205,ACGGTGCTGCGGTGGCGCTGT
chr5,14871543,14871533,14871553,CGTGAGCGCCGGGAATTTCAC
chr14,36986944,36986934,36986954,TCCTTGGCCTGGCGCTTCATT
chr1,247587677,247587667,247587687,CAAGGTGCCTTTGACGAGCAC
chr6,45405701,45405691,45405711,TTTCACCTTGACCATAACCGT
chr17,38793743,38793733,38793753,TAAGCACCTACCTTTCTGCTG
chr11,102094386,102094376,102094396,ACCAACACTGGAGCAGGATGG
chr10,102566276,102566266,102566286,CTTCACCCAGCAGCAGCTGGA
chr5,172662043,172662033,172662053,TAGGATGTCTTTGACTGAGAA
chr17,59560831,59560821,59560841,TCTTCCTTACAGTACCATTCA
chr17,41836049,41836039,41836059,TGGCCCTCCACTACACGGAAG
chr12,21998575,21998565,21998585,CTGTACTCCGATGTCCATGTG
chr22,24718206,24718196,24718216,AACCCTGCAAGAGCTAGCTGA
chr5,14713746,14713736,14713756,CAGTGTCATCAGCCACCCGGT
chr2,223096795,223096785,223096805,GGGCAACAGTACCTGTACTCG
chr8,38282208,38282198,38282218,GGGCCGGTGAGGGGACCGCTC
chr7,156802553,156802543,156802563,CGGAGTAGCCGTAGACCGGGT
chr10,123274768,123274758,123274778,AAGAAGACCCCTATGCAGTAA
chr1,207642544,207642534,207642554,TGCTGGACAGGGAGTTGCTTG
chr4,88532076,88532066,88532086,GATAATTACATATTTTTGCAT
chr4,95174823,95174813,95174833,ATAAGCACTGGTAAGTACACT
chr1,40735705,40735695,40735715,CAGTGTATTTTGTTGCCTGTG
chr17,8140791,8140781,8140801,GCACTCAATCGAACTAGACTC
chr2,239757211,239757201,239757221,CTTCCTCTACCAGGTCCTGCA
chr2,109522763,109522753,109522773,TTTCAGCTTACCTTCCACGAC
chr17,17720597,17720587,17720607,AGCACGTTGCGCCCAGGGCTA
chr12,48367875,48367865,48367885,CACTCACCGTGCAGCCATCCT
chr4,1808989,1808979,1808999,CGCGGACGTGAAGGGCCACTG
chr14,21794054,21794044,21794064,TGCTGTGGCCTCCGGAGTCGA
chr17,7918069,7918059,7918079,GCTGCTTACACAGATGCTGCC
chr12,65633750,65633740,65633760,CATGAAATATCGATGGACAAA
chr1,150525716,150525706,150525726,CCAGGAGATTCGAGCGGCCAG
chr3,189582168,189582158,189582178,GGTGGTGAAGCGGTGCCCCAA
chr17,48275866,48275856,48275876,GAGCAAAGTTCTAGAACAAAC
chr2,166894542,166894532,166894552,GATGATGGCCAAGACGAGGGT
chr11,792142,792132,792152,ACCTCCCCACCTGGCACAGTC
chr9,140058271,140058261,140058281,TTCATCGAGATTGCCTACAAG
chr8,133492665,133492655,133492675,TTCCGCTCCTCGTCGCCGGCC
chr6,80626534,80626524,80626544,CAGTGCATCCATTTGGGGAAG
chr22,39639966,39639956,39639976,AGCAGCGATTCATGCCGACTC
chr16,68847398,68847388,68847408,AAACAGCAAAGGTTTGTATGG
chr19,38976628,38976618,38976638,CATCATTTCTCGCCCCCCTGT
chr1,103379943,103379933,103379953,CCAGGATCTCCAGGAAAACCA
chr17,67249934,67249924,67249944,AATGAAAGTACCTTTCGTTTG
chr18,24081111,24081101,24081121,GTGGACAGGCGCATTGGATTT
chr16,30747937,30747927,30747947,GGAGCTCAAACAGGCAGAAGT
chr4,119659416,119659406,119659426,GGTAGCTCACCTGGCTTGCTG
chr17,10543521,10543511,10543531,CCAGTGCTTGACGTTCATGAA
chr15,48802322,48802312,48802332,TTGATGCAGCGTCCATTATTG
chr4,186329553,186329543,186329563,TCCTGCATATAATGATGATAG
chr8,38272129,38272119,38272139,GGTGCCATCCACTTCACAGGC
chr12,122284995,122284985,122285005,CGCTGGCTCATTGATGGGCAT
chr19,42474551,42474541,42474561,ATGTCAGTGCCCAGATCGATG
chr17,54926134,54926124,54926144,CATTGGGTTGGGGTACAGGTT
chr20,47649632,47649622,47649642,CCCTGAGCTCCGAGCAGTTCT
chr2,145157109,145157099,145157119,CTGATCTGTCTCCTTGAGTCA
chr17,74475090,74475080,74475100,CGGATCCACAATCTGGAAGGG
chr13,20763545,20763535,20763555,GTTCTTGCAGCCTGGCTGCAG
chr4,4864619,4864609,4864629,GATATGGTTCCAGAACCGCCG
chr10,8106000,8105990,8106010,GACCCCACTGTGGCGGCGAGA
chr6,10876726,10876716,10876736,TGGTTACGGGGTATCCGCTGT
chr16,15865425,15865415,15865435,GTGAGGCTTACATAGCTGCTC
chr11,31827945,31827935,31827955,ACCAGAGGCACTTACTGTTCT
chr18,19752192,19752182,19752202,GCACAGCCTGCAGAGCCGCGC
chr17,17720587,17720577,17720597,CTCGGTGCCCAGCACGTTGCG
chr19,7267529,7267519,7267539,GATACGGGACCAGTCGATAGT
chr17,39768570,39768560,39768580,GCGGTCATTGAGGTTCTGCAT
chr17,40469203,40469193,40469213,CACTTACGGTGTCACACAGAT
chr12,49436429,49436419,49436439,GGGAGTCCACCTACAAGACGG
chr16,89347299,89347289,89347309,TTGTAAACTTGAGAAGACGCC
chr11,31815103,31815093,31815113,AGGAGGAAACTGAGGGCAAGA
chr12,50355913,50355903,50355923,TGGCCGTCGGCGCTGCCTACC
chr17,41719379,41719369,41719389,TTCATCCTTCGGTTCTGGAAC
chr1,156084887,156084877,156084897,CGCAGGGCTGCGCCTTCGCAT
chr10,123247609,123247599,123247619,TTTCTGGCTGCTAAATCTCGA
chr12,48369835,48369825,48369845,CCAGAGGGACCGACGGGGCCA
chr9,130982480,130982470,130982490,AGTGGTGAACCGGAGCCAGAA
chr7,27239290,27239280,27239300,GGGACCTCCCGAGGACGACGC
chr3,189582138,189582128,189582148,TGTCTACAAAAAAGCTGAGCA
chr1,2160287,2160277,2160297,CCACCTGAGCTCCATGAGCTC
chr22,46345873,46345863,46345883,AGCGGAACTGGTACTGGCACT
chr12,112926896,112926886,112926906,AGGGATGGTCCAGACAGAAGC
chr10,94405160,94405150,94405170,TTTTCACAGTCAAAAATTTTG
chr7,99693073,99693063,99693083,CTGGTGCACATAGGTGATGTG
chr10,90699300,90699290,90699310,TCTGGGCAGCGGAAACGTTCA
chr18,19095468,19095458,19095478,TTGTCCACTATGCAATCTTGG
chr7,92762613,92762603,92762623,GCTTTTCATGATCATGAAGGA
chr18,48593559,48593549,48593569,TATATAAAGGTTAGTTACAAT
chr5,149505131,149505121,149505141,CGGATCTCGTAACGTGGCTTC
chr1,160160707,160160697,160160717,CAATGCAAAGAACTACAAGAA
chr1,201869033,201869023,201869043,TCATCGGCTCGCGTGTTGGCC
chr9,129455567,129455557,129455577,AGCCTTCAAGGCCTCCTTCGA
chr9,129377847,129377837,129377857,AGACTACCAACAGTAAGCGCT
chr12,110222184,110222174,110222194,TTCTTGCCCGGGTCCTCGTTG
chr8,38279407,38279397,38279417,AAAGGAGACATTTCTTAAGTG
chr4,1803564,1803554,1803574,CCCCACAGAGCGCTCCCCGCA
chr8,97316309,97316299,97316319,AGAGCTGTTCTGCAGTTCACT
chr17,29556042,29556032,29556052,TTTGTGTTTAGGCTGCTGAAA
chr19,852972,852962,852982,GGCCACTTCTGCGGCGCCACC
chr10,112724120,112724110,112724130,AGTCACCATGAGTAGTAGTTT
chr6,121768057,121768047,121768067,AACTGCTGGAGGGAAGGTGTG
chr20,39317283,39317273,39317293,AAGCTGGGCGACGAGGGCACG
chr19,15272192,15272182,15272202,AGCGTCAGCTTCTTGCCCCGC
chr11,68125270,68125260,68125280,TGGGCTGACGCCAAGCTCAGC
chr3,133654617,133654607,133654627,TGGGCCCTCACCTGTCTCGGA
chr2,241727535,241727525,241727545,GCCGGCACCCGTCTGCCCATA
chr3,130694231,130694221,130694241,ATTAAGTACTGTACTACATAC
chr19,1206931,1206921,1206941,GGTGGACCCGCAGCAGCTGGG
chr4,55603344,55603334,55603354,CTTGCAGGTATGACATAATGA
chr18,52927182,52927172,52927192,TACACTACCTGAGAGAGATGG
chr17,78156590,78156580,78156600,AACTTTAGCGGTGAGAGCTCC
chr17,75398380,75398370,75398390,GCCGGTGTCCCGGCGCACTGA
chr17,17118502,17118492,17118512,CACCCACCTCGGTCTGCAGCT
chr19,11559732,11559722,11559742,TCCACAGATACGTCTACCGCC
chr10,88651915,88651905,88651925,CATCATAGAAGAAGATGACCA
chr1,240071103,240071093,240071113,TCTGATTATCGGGGTCATTTC
chr17,79478408,79478398,79478418,CCGCTCGGCCGTGGTGGTGAA
chr2,48915312,48915302,48915322,CAAGCACAAATTATGAAGAAG
chr10,76788651,76788641,76788661,GGAAGAGGAGGAGGAGGAGGA
chr9,2081905,2081895,2081915,GAAATGGGGCTTGGAAAGACC
chr11,533553,533543,533563,CAGGTCACACTTGTTCCCCAC
chr14,29237130,29237120,29237140,TGAAGAACTTCCCTTACTACC
chr17,42636700,42636690,42636710,TGCACTCGTGGAGGAAGTTCT
chr12,115118683,115118673,115118693,ATGAAACTTACAAATCCATGT
chr3,57233812,57233802,57233822,AGGTGTCTGCCCAGGGCCTGT
chr5,67576835,67576825,67576845,CCTGCACCAGGTAATGCTTTT
chr9,36234030,36234020,36234040,ATGGGCAACCAACTGTATAAA
chr7,73474514,73474504,73474524,AGCCCAGCTCCGTGAGTGCCT
chr4,158074079,158074069,158074089,TAAGGCTGAGCAAGCAGATGG
chr16,88808480,88808470,88808490,CCTATGTGTCGCGAGAGGGTC
chr6,49585826,49585816,49585836,CAAAGAAAACAATTTCTAAAA
chr11,4095850,4095840,4095860,GAAGGAGCTGCGGGAGGGTAC
chr20,34021789,34021779,34021799,GAAGAGGATGCTGATGGGACT
chr6,91263297,91263287,91263307,TTTTCACTGTAATTACTACCT
chr20,34021742,34021732,34021752,ACCATGTCCTCATACTGCTTA
chr10,90773125,90773115,90773135,AATTTATCTGGTAAGGCTTTT
chr6,123837328,123837318,123837338,TTTTCTTTTCCTTTTTCTTTT
chr18,19751128,19751118,19751138,GACGGCGGCTGGTGCTTGCCG
chr12,57569429,57569419,57569439,TTCAGCGTGAAGTGCTCCTGC
chr3,70001038,70001028,70001048,CACAACCTGAGTAAGTTGGTT
chr7,148506428,148506418,148506438,TGGATTTACCGAATGATTTGC
chr19,8665913,8665903,8665923,TAGCGCTCTCGGCTGACCGAT
chr2,166237679,166237669,166237689,GGTTCAAAGAAACCACAAAAA
chr1,17380514,17380504,17380524,ACCGCCGCCATCTTGGCTCCT
chr16,29824937,29824927,29824947,GGTGCCCCTGCAGGCTGGTGA
chr12,6443299,6443289,6443309,TTTTGAGGGTGGATATATTTT
chr16,86601315,86601305,86601325,CACAACCTCTCGCTCAACGAG
chr2,166929883,166929873,166929893,TATTGATATAGTAGGGGTCCA
chr7,157160110,157160100,157160120,GCTTCACATTCCGTAACCCAG
chr17,31267917,31267907,31267927,GCTGAGGAGCATTTGGAAGTC
chr10,88820685,88820675,88820695,TTTGAAGTCTTCCAGTTCCTT
chr9,94809520,94809510,94809530,GGTAACGAAGCTGAAAAGCAG
chr2,166894413,166894403,166894423,AATCAGGAAGGAGTGGAAGAA
chr7,94257560,94257550,94257570,TGGGGACCCATATAGGACTCC
chr17,68172357,68172347,68172367,CAGTGAAAATGGAGTTCCAGA
chr12,5021519,5021509,5021529,GTATGAGAGAGCTAGGGCTGC
chr3,70005682,70005672,70005692,CAAATGATCCGTGAGTACAAT
chr1,17349214,17349204,17349224,AGTCAATCATCCAGCGATAGG
chr12,49578933,49578923,49578943,ACGTACCAGTGAACAAAGGCA
chr2,167085482,167085472,167085492,TTCACAACGACCTAGTATTCA
chr6,50805690,50805680,50805700,AATTTCAGAGCCAAATCGAAA
chr1,247588460,247588450,247588470,GAAAAGGGGTATTTGATTTTT
chr4,88533341,88533331,88533351,GTCAGTACAGGTATAGGATGT
chr2,219757649,219757639,219757659,CCGGCCGCACAACCGCAACGG
chr11,2594100,2594090,2594110,CCTGTACATCGGCTTCCTGGG
chr6,132172362,132172352,132172372,AGATGACTGCAAGGACAAGGG
chr2,136872471,136872461,136872481,GACTCAGACTCAGTGGAAACA
chr15,89761796,89761786,89761806,GCCACCTCACCTTCTGCAAGG
chr9,35065352,35065342,35065362,ACAGCACGCATCCCACCACGG
chr1,43395392,43395382,43395402,TGCCGACTCTCTTCCTTCATC
chr11,22283700,22283690,22283710,ACCAGGAGTATGAGAGCAGTC
chr13,48986559,48986549,48986569,ACGCTTACCATCGTAAAGGCA
chr3,58064506,58064496,58064516,ACGAGAAGCCATGCAGCAGGC
chr14,23885260,23885250,23885270,GCCTCGGCGGCCATGCGGTTG
chr22,33255338,33255328,33255348,CCCGGATAAAAGCATCATCAA
chr5,174156297,174156287,174156307,ATTGCAGAGCGTGCAGAGTTC
chr9,101908835,101908825,101908845,AAACGTGCTGACATCTATGCA
chr7,128494845,128494835,128494855,TCAGCATCTGGACCCGGGAGG
chr5,161524845,161524835,161524855,GAATGATGGTCGAGTGCTCTA
chr6,7580207,7580197,7580217,CAGCATCTTGCAGGCCACTGA
chr10,89692851,89692841,89692861,GACCAATGGCTAAGTGAAGAT
chr18,55321298,55321288,55321308,AACCAATCCTCGTATGCAGTC
chr19,46057035,46057025,46057045,CAGCCGCCGCCCACGATGAAG
chr11,119210211,119210201,119210221,AGCGAGGCTGGCTTGGGCCAC
chr16,31496235,31496225,31496245,TTGCTGGATTCGAGTGGAATG
chr17,39743068,39743058,39743078,GAGGTGAACTGGCGGCTGCAG
chr15,77324645,77324635,77324655,CCAGCTCTACGAGGAAGTGCG
chr7,87046627,87046617,87046637,ATTTGACCTACCTTTCCAGCA
chr20,62679962,62679952,62679972,GCGCAGTCCTCGGGCGCCGCG
chr1,43392825,43392815,43392835,GTCCGGCCTTTAGTCTCAGGA
chr3,168818706,168818696,168818716,GGTTCTCAAGTGCCGTGTTAG
chr19,42474620,42474610,42474630,AACAGCAGGAAGGGCGTGATC
chr1,19570175,19570165,19570185,CGCATGATTCGGCCTCCATTG
chr13,110844605,110844595,110844615,CCTCTGTCGCCCTTGGCCCCT
chr15,99434817,99434807,99434827,CCACGACGGCGAGTGCATGCA
chr7,128482957,128482947,128482967,CCGTCAAGTACACGCCACCAG
chr6,100046804,100046794,100046814,GAAGAACAGATATGTGACATC
chr1,196659255,196659245,196659265,AAAGTTTGTACAGGGTAAATC
chr6,42672347,42672337,42672357,GCTCTTGATTCGACTTAAAGG
chr12,7241317,7241307,7241327,TGGGCTGGGGGCACTTGATGA
chr6,75811720,75811710,75811730,CTCACTGTTCGGCCTGGAAGT
chr8,116599422,116599412,116599432,GTCTTTGTCTGCTCTTGGGTG
chr3,181430314,181430304,181430324,CCGCGGGCAGCGGCGCAAGAT
chr3,12422858,12422848,12422868,CACCTTATTATTCTGAGAAGA
chr1,155629714,155629704,155629724,GGAGATAGTTCCTGGGGCTCT
chr7,5568167,5568157,5568177,GTCAGGTCCCGGCCAGCCAGG
chr17,42945654,42945644,42945664,ACTCTACTTACGTCTTAGGGT
chr10,78850191,78850181,78850201,ATTGACGTCATCCCGGTCCTT
chr20,30804412,30804402,30804422,CTTTCTGCAGGAAGGAAACCC
chr12,110778795,110778785,110778805,GAGATTACAGCTATGGTGAGC
chr1,155288083,155288073,155288093,CTTCCTGCAGGTGTATTGCAG
chr3,98311871,98311861,98311881,ACCTGGGCCTGGGTCTCCAGA
chr11,118959926,118959916,118959936,CTGTCCGGCAGATTGGAGAGA
chr18,55218544,55218534,55218554,ACACTGTAGATACCTTAGAGA
chr7,44184766,44184756,44184776,CTTCTTACAGGCCACCGCCGA
chr12,52913540,52913530,52913550,TCGATGAAGGAGGCAAACTTA
chr17,39740131,39740121,39740141,TCCATCTCCACATTGACATCT
chr17,39739497,39739487,39739507,TGGGCGTCCTCGCCCTCCAGC
chr8,145004220,145004210,145004230,GCCTGGTGCTGGGCCTCCAGC
chr3,48618330,48618320,48618340,GGCCACGCTCGCCTGCTTTTC
chr3,48610374,48610364,48610384,CCCTGTCTCCCCCTGAGAGGG
chr20,57480512,57480502,57480522,CCAACGAGTACCAGCTGATTG
chr20,57466872,57466862,57466882,GAAGCAGCTGCAGAAGGACAA
chr20,57466815,57466805,57466825,GACCGAGGACCAGCGCAACGA
chr1,228345602,228345592,228345612,GCCATCTACTCGGACGAGCAG
chr1,161136672,161136662,161136682,GGCGGAGGCATCAGCGGCTTG
chr16,50821763,50821753,50821773,CTAAAAATAAGGTAACCTTTA
chr15,67546909,67546899,67546919,TGGACCAGCTGGTCTCCTGAG
chr1,92754709,92754699,92754719,TTCTGAATCACTAAAACAGAG
chr12,4409143,4409133,4409153,CCAAGCCAGCACCCCTACAGA
chr2,216241335,216241325,216241345,TTGGTTCTCCAGCTAATGGTG
chr4,1807803,1807793,1807813,CTGGCTGCCCGCAATGTGCTG
chr4,1803568,1803558,1803578,ACAGAGCGCTCCCCGCACCGG
chr12,110238457,110238447,110238467,CCTTGGGCTGGAAGAAGCGCC
chr11,2905349,2905339,2905359,TGATCTCTTGCGCTTGGCGAA
chr10,76788246,76788236,76788256,TCTTCACTAAGACAATATGAA
chr18,29172949,29172939,29172959,GCATGTGTTCAGAAAGGCTGC
chr9,124073097,124073087,124073107,CAACAATGGCGACTGCTTCAT
chr15,45007839,45007829,45007849,CACTGAAAAAGATGAGTATGC
chr1,205031637,205031627,205031647,GGGCATGTACCAGTGTGTGGC
chr12,48376675,48376665,48376685,CCACGGGGACCCTGGAGGCCC
chr6,133783617,133783607,133783627,CCACTTACGGTATTTCACATC
chr1,160165766,160165756,160165776,ACCATCCCAGACAAGCCCAAT
chr11,102495949,102495939,102495959,AGTTGTTCCTCCAGGTCCTGG
chr3,48621990,48621980,48622000,CGGGAGCCCCCTGTAAGGACA
chr12,4479738,4479728,4479748,CCGGGTGTGCCGCCGTGGTAT
chr12,111855950,111855940,111855960,GGTCTCCGCCATGAACGGGCC
chr2,220080749,220080739,220080759,GGATGTGCCCCGATCCGCGAT
chr3,100447603,100447593,100447613,GAAATATCTCCGTCGAGAACT
chr16,50744822,50744812,50744832,ATTCAGCTGCCGGCAGCTGCA
chr10,97380934,97380924,97380944,GCGATCTGTCGCAGACCGATG
chr12,52960899,52960889,52960909,GCCCCAAGGTCAACACCCGCA
chr17,15134268,15134258,15134278,ATAGATGACACCGCTGAGAAG
chr14,81558907,81558897,81558917,ATGACGTCAATCCCTGTGAAT
chr15,67477202,67477192,67477212,GATCCCACCAGGTAAACGAGC
chr10,69991289,69991279,69991299,GCGGCGGCGCTCGCGCGCGTT
chr17,36099518,36099508,36099528,TTGTTGAGATGCTGGGAGAGG
chr10,123276865,123276855,123276875,AGAGTGAAAGGATATCCCAAT
chr4,1806153,1806143,1806163,CTGGTGGTGGCGGCTGTGACG
chr17,48269248,48269238,48269258,CTCTCTCGCCCTAGAAGGGAA
chr2,20205913,20205903,20205923,ACAGTGCTAGCATAGTTCACC
chr12,110222190,110222180,110222200,CCCGGGTCCTCGTTGATGATG
chr2,216295437,216295427,216295447,GTAAAACATACTTCTAGAAGT
chr12,48373302,48373292,48373312,ACATTGGAGCCTGGGGGTCCA
chr16,29808289,29808279,29808299,GTGGCTGTGCGACTGCGGCCA
chr20,34025192,34025182,34025202,AGCGAGAGCATGTACTCGTGG
chr12,28116626,28116616,28116636,CAGATGGTGAAGGAAGAATCG
chr4,96051067,96051057,96051077,TGGAAAAGGTCGCTATGGGGA
chr4,96051026,96051016,96051036,CAAAGGACTATAGCTAAGCAG
chr6,121768420,121768410,121768430,TGAAGAGCATGGTAAGGTGAA
chr2,176959400,176959390,176959410,ATTTGGTTTCAGAACCGAAGA
chr22,30050645,30050635,30050655,CTTCTTTCCAGTATGGTGACT
chr12,48393736,48393726,48393746,GGCAGATGGGGCAGCACTCTC
chr20,57466921,57466911,57466931,CTGCTGCTGGGTAAGGGCGGG
chr3,87313450,87313440,87313460,AATTTAATTCGTCTCACTTTA
chr9,140353502,140353492,140353512,GGCCGCCACCGAGGACATGGC
chr17,44248468,44248458,44248478,TCAGCCTTTCGAGTCAGCATC
chr11,111958683,111958673,111958693,ATACACTTGTCACCGAGCCAC
chr20,31023304,31023294,31023314,GGAGAGGAGTGGGAGAAAGCT
chr3,193361414,193361404,193361424,CTGTGTATTCAAGGTAAATCA
chr19,13418598,13418588,13418608,GGCTGTACCTGAAACACCGTC
chr19,54401351,54401341,54401361,TCTAGGAAAAGGCAGTTTTGG
chr13,102379040,102379030,102379050,TGCCCTTCCTTATTTAATCCC
chr11,66481116,66481106,66481126,GGGATCCAGCAGCTTGGTAAG
chr19,50826866,50826856,50826876,TGAGCAGCAGGAACTCGTTGG
chr3,4856819,4856809,4856829,CTGATTTTTGGGGTTATCATT
chr1,112329682,112329672,112329692,GAGCAGATGGAGCCGAAGATC
chr1,1470772,1470762,1470782,GGCCATTGTGGTAGAGTTTCT
chr9,138670627,138670617,138670637,AGGACTACATGGCGGACGCCA
chr19,6495699,6495689,6495709,GTCAGGGGTGCGAAGCCGGGC
chr8,42698231,42698221,42698241,GAGCAGGACTGCACCATCCTT
chr14,55369075,55369065,55369085,GTGAAGAACTGCATGGCCGAG
chr16,29824910,29824900,29824920,AGGGGAAAAGCAAGAGAATGG
chr1,43424307,43424297,43424317,CGACTCACCTTGCTGCTGGGC
chr22,32241109,32241099,32241119,GCGACATCTATGGGGACAGGC
chr15,69738654,69738644,69738664,ACAGTAGCACCTGCCCAACCA
chr5,135392470,135392460,135392480,CCAAGAGAACGGAGCAGACTC
chr5,135382095,135382085,135382105,GTACACGGACCGCACGGAGAA
chr5,135382096,135382086,135382106,TACACGGACCGCACGGAGAAG
chr5,135382095,135382085,135382105,GTACACGGACCGCACGGAGAA
chr1,36563919,36563909,36563929,AGGCCAGGCTGCCCAGGGAGC
chr10,31810183,31810173,31810193,TTTCAGTGCAGTCTTCTGAAC
chr2,38298404,38298394,38298414,CGGTCCCTCCCCACGACCTGA
chr1,171605441,171605431,171605451,CACAGCCAAGTCAATGTCCGT
chr6,42672295,42672285,42672305,GATTGCAGCAGCTGAAAGGGA
chr16,89617015,89617005,89617025,GGCCGTGATGAAGGTGGGTCT
chr2,219754876,219754866,219754886,GGATGCACTGCAGCGTGGTAA
chr4,41750433,41750423,41750443,TGCCCAGGCTGCAGGATCCCG
chr14,81609917,81609907,81609927,TCTTTGCAAGCGAGTTATCGG
chr2,11913792,11913782,11913802,TATTCCTGAGGAAAACCTCTC
chr1,193111152,193111142,193111162,CAGCAGAGAGAGAGTATGGAG
chr11,17483321,17483311,17483331,CCCAGGTCTTGCAGGTCCTCG
chr6,29641145,29641135,29641155,GCGGCGGTGACGACTTAGTCC
chr8,24813976,24813966,24813986,GCGTCTCCACGTAGCGCCGCT
chr7,75933160,75933150,75933170,CTACATCTCCCGGTGCTTCAC
chr1,12058932,12058922,12058942,CCCTGATGCAGACGGTAACTC
chr21,27264168,27264158,27264178,CCCACATCTTCTGCAAAGAAC
chr20,23615967,23615957,23615977,GGTTCGGCCCAGCTCCACGTC
chr11,57381860,57381850,57381870,CCCAGATCTTCAGGTTTCTGC
chr14,51081140,51081130,51081150,AAACACATCCATTCCTGTTTC
chr2,32362002,32361992,32362012,TGCTAGTAGACGCCTAAAAAC
chr15,23086278,23086268,23086288,TAGCACGAACGTGGACCCGTT
chr8,126073434,126073424,126073444,GCTTGAAGGTTTTCTAGTAAT
chr12,57957994,57957984,57958004,TTCCACATCAAGGTGACCAGG
chr19,45998240,45998230,45998250,TGCAGCTCTCGAAAATCAGAG
chr2,198353050,198353040,198353060,CCAATTTTTTGATCTTCATTA
chr2,241737094,241737084,241737104,TGAATGATGCACTTGGAGTCA
chr2,86481939,86481929,86481949,AATGGAAACCTGGAGAGAGAG
chr2,47388990,47388980,47389000,AATATAGCCATTGCCATCCTA
chr7,103214540,103214530,103214550,ACTTGTTACCTGATATTCCTG
chr17,15142892,15142882,15142902,GAAGATGATCGACAGGATCAT
chr1,161276545,161276535,161276555,GCCCACTATGTCTGGAGGGTT
chr8,24814012,24814002,24814022,AGTACGGCTCGTAGCTGAAGG
chr20,1961091,1961081,1961101,AGCTTGGGACGAATGCGCCGC
chr18,12337504,12337494,12337514,GAGATTTGCCCAACCTTTTCA
chr2,55870290,55870280,55870300,TACTTGATATTACCTGATTTC
chr19,3978097,3978087,3978107,GTGCTTGTTGGGGGACTTGGA
chr1,45480475,45480465,45480485,GAGGTGGTTGGGCTTGACTGG
chr15,38641659,38641649,38641669,CATTCAGAGCAGAAGTATGGA
chr5,86674233,86674223,86674243,TACCCTATTTCGAGCCACAAC
chr6,12292700,12292690,12292710,AAAGAGTGTGTCTACTTCTGC
chr11,62469971,62469961,62469981,CAGCGAGACATTGGCAACAGG
chr17,54672083,54672073,54672093,CCTGGGCAGCCGCTTTTGGCC
chr2,166170242,166170232,166170252,TCTCATGACTCAAGACTTCTG
chr9,140127675,140127665,140127685,TTCAGCGGCTCGGCGGTGCAC
chr10,88679141,88679131,88679151,AATTGCTCATCGAGACCTAAA
chr17,56440943,56440933,56440953,CTGGCTCCTCGCTCACCCGCC
chr19,49468601,49468591,49468611,TCTCTTGCTTCAACAGTGTTT
chr20,4680464,4680454,4680474,GAACTTCACCGAGACCGACGT
chr1,156105894,156105884,156105904,CGCAAGCTCTTGGAGGGCGAG
chr22,38369962,38369952,38369972,GCCGGCTGCTGAGTAGCTGCT
chr6,33134513,33134503,33134523,ACCCTTCTGCCCAGGGGAGCC
chr15,74631102,74631092,74631112,GGCCACTTGCACCAGTGTCTG
chr1,43395556,43395546,43395566,CTCTTGGCCCGGTTCTCCTCG
chr1,156107433,156107423,156107443,CCTGGTTCCATGTCCCCACCA
chr1,154145447,154145437,154145457,CACCAACTTACGAGCCACCTA
chr14,35182668,35182658,35182678,AAGAGAACTGCTTTCTTTCTC
chr15,65370375,65370365,65370385,TACGGTCAACCGCATGTTCAC
chr7,128494177,128494167,128494187,GGAGTCCACCCAGGTCGGCGG
chr12,49578944,49578934,49578954,AACAAAGGCACGTTTGGCATA
chr3,155571448,155571438,155571458,AAAAGACAAAACTGAAGAAAG
chr20,3065266,3065256,3065276,AAGTAGCACGCGGAGGAGAAG
chr2,176983892,176983882,176983902,AACCGCCGAATGAAACTCAAG
chr2,179410777,179410767,179410787,CGGAAGGCTCCAGGCTAAAGT
chr2,74605185,74605175,74605195,CTTCCTGCCTTGAACAGTTCC
chr22,36678800,36678790,36678810,CGGGCCATTCGGCGGGGCACG
chr16,31473667,31473657,31473677,GGAACTCAGCCGAGGCTGCTC
chr15,40293425,40293415,40293435,ACATACTGAAGGTGGGCTTAA
chr3,4747877,4747867,4747887,TGCCATTCCCGTGGACCTGGA
chr20,56993374,56993364,56993384,CTGTGTGAGGCCCAACAGCGG
chr14,36987077,36987067,36987087,GCTCCAGCTCGTACACCTGCG
chr7,114270016,114270006,114270026,GCAGCAGCAACAGCAGCAGCA
chr8,37607311,37607301,37607321,TCTCTCTCCAGGCTGTGCGGG
chr5,36674182,36674172,36674192,GGTAGAAGCCTGCTTTAAACA
chr16,86546690,86546680,86546700,TGCGTGATGTGAGGCTGCCGC
chr10,89720676,89720666,89720686,TTTTGGGTAAATACATTCTTC
chr6,133703563,133703553,133703573,AGATGTTTCACAATCTCAGAA
chr16,2090035,2090025,2090045,CCATTGATCTCGTGCCACAGC
chr7,91852211,91852201,91852221,TCCATTATCTGCTGCACTGTG
chr5,76507054,76507044,76507064,CAGCAGCGCCGAGGCCGAGAC
chr3,128200113,128200103,128200123,GACATCTTCCGGTTCCGAGTC
chr11,5246890,5246880,5246900,TAGGCAGCCTGCACTGGTGGG
chr3,48612549,48612539,48612559,TCCAGGAGGGCCATCTCTGCC
chr2,109547419,109547409,109547429,AGACCACTTACCACCAGGACG
chr18,50866184,50866174,50866194,CATCGTGGTGCGAGGTTATAT
chr3,48508106,48508096,48508116,CATCTTTTTCGACATGGAGGC
chr1,22446952,22446942,22446962,CGTCTTTACCTCACAGGAGCC
chr11,31815287,31815277,31815297,TTGCTGGCCTGTCTTCTCTGA
chr11,128781619,128781609,128781629,AACAACCATTGGGTATGGCTT
chr12,6574054,6574044,6574064,AGCGATACTTACTTACAATAA
chr8,106813516,106813506,106813526,ACTCTCCAAGTGCAACTGAAG
chr9,140657125,140657115,140657135,GTGTGACGTTAGGGTTGGCCA
chr19,7120688,7120678,7120698,TGCCATCCACCGTACAGGGAG
chr3,87302622,87302612,87302632,TATTGTGAATCAAGTTCTTGA
chr17,42429455,42429445,42429465,GCAGTGTCAGCGAGGAAGCGA
chr10,43609070,43609060,43609080,TATGGCACCTGCAACTGCTTC
chr20,2384470,2384460,2384480,TATCCGGAAGGTAAGGGCCAC
chr14,95557626,95557616,95557636,ACCAGCAAGCGACTCAAAAAT
chr22,24109625,24109615,24109635,CAGGGCGCTGCCCATGACGTG
chr11,17428605,17428595,17428615,GCGCAGGCTCGCCATGGGATC
chr15,90209174,90209164,90209184,GCCTGGGGAGCTGAGGGCCCG
chr9,80919758,80919748,80919768,AGGTGTGCTGACTATGTGGTG
chr15,48779581,48779571,48779591,CCCTCTGTGTTATGGCAAACA
chr15,67473792,67473782,67473802,AGACACATCGGTATGGGGTGG
chr16,89187301,89187291,89187311,CCACGCAGAGGGAGACGAGAG
chr20,44676648,44676638,44676658,CGATGGGATACGAGGTCTGTC
chr10,105811911,105811901,105811921,CACTGGACTTACCTTTGGGAC
chr19,40762959,40762949,40762969,TTGATGTATTCACCTGAAATG
chr16,90010472,90010462,90010482,ATGGAGGATAGGGTTACTGTC
chr6,3225607,3225597,3225617,GAAGCGCAGGCAGGTGGTGAC
chr1,156084712,156084702,156084722,TGCCGGCCATGGAGACCCCGT
chr10,123274746,123274736,123274756,TGTTACCACCATACAGGCGAT
chr19,10265385,10265375,10265395,CACAAACTGCGCGTGTCGCAG
chr1,7796479,7796469,7796489,GATGATGAGCCGAGCCTGCTG
chr3,172166198,172166188,172166208,GCGTCGCGTTCCACATGCTGC
chr11,118353135,118353125,118353145,TGAATTTTTTAGGTCCAGAGC
chr16,85942659,85942649,85942669,CACTTGGAAGACGAGGTTACG
chr12,121432080,121432070,121432090,AAAGAAGAAGCCTTCCGGCAC
chr3,123044168,123044158,123044178,CAGCCACTCACCATCCGCTTC
chr21,27264168,27264158,27264178,CCCACATCTTCTGCAAAGAAC
chr21,27264167,27264157,27264177,ACCCACATCTTCTGCAAAGAA
chr11,65998359,65998349,65998369,CTAAGTGAGAGGACCAACAGT
chr2,3596658,3596648,3596668,ATGAATTTCCGCTCTTTGGTT
chr18,11824986,11824976,11824996,GAGATCCAACGAATACCAGCT
chr10,88672049,88672039,88672059,TGATTTGGAACAGGATGAAGC
chr12,32884052,32884042,32884062,ATTTTGACTGCCATTAGAAAT
chr10,70218901,70218891,70218911,GAAGTGTTTTTATGCATGAAA
chr7,70231114,70231104,70231124,AGACATCTTGCGACAGGAACT
chr18,31320408,31320398,31320418,CCCTCTCAAGGTATGGTATTA
chr9,135221705,135221695,135221715,AGAGGAACTCGAAGCTTATTT
chr16,67654616,67654606,67654626,AAATTAAAACGTCACATTCGC
chr1,153785734,153785724,153785744,ACCTGTTCCTGCTGTAGGGCT
chr12,116413346,116413336,116413356,TATTTACAACGCAGGTCTCTA
chr2,191859919,191859909,191859929,CCGAACTTGCTGCAGACTCTC
chr19,11221395,11221385,11221405,AGATCGGCTACGAGTGCCTGT
chr5,67589536,67589526,67589546,AATCTTTCTAGGATCAAGTTG
chr5,35070276,35070266,35070286,CCAGTATCCATGGTCTGGTTT
chr19,50771512,50771502,50771522,CTGGCAGCCCGCAAGCAGGAG
chr17,4925567,4925557,4925577,GATCCCCCAGCGACGCAGGCT
chr6,160225031,160225021,160225041,CTATCTCTTCCCTACAACGTT
chr5,92920732,92920722,92920742,CCAAAGATATGGCAATGGTAG
chr5,137777087,137777077,137777097,AAATGGATGATGTACTGGATC
chr3,9516191,9516181,9516201,CAAGGTCCTCCGAAGCAGCGT
chr2,25457182,25457172,25457192,CAGCGGAGCGAAGAGGTGGCG
chr4,6303947,6303937,6303957,GGCCAGCAGCGAGTTCAAGAG
chr12,40692927,40692917,40692937,AATATCAGGGATATGCTCCCC
chr4,79396656,79396646,79396666,GAACCTGAACCAATATGCCAT
chr1,27875004,27874994,27875014,TGCCTCGTTCCAGTCCATCAT
chr19,13136153,13136143,13136163,CAAGATCCGGCGGATTGACTG
chr11,26619934,26619924,26619944,TGGAGTTTTGGAAAAGGAGAA
chr1,211192506,211192496,211192516,CCCACGTGGTCTTAAAAACAC
chr6,53135458,53135448,53135468,ATACAACCAACCAAGAGGGAA
chr18,42530893,42530883,42530903,TGCTGCAAAACGAAGGTGGAC
chr2,204736215,204736205,204736225,AAAATGGTGAGTGTGGTGCTG
chr5,139494382,139494372,139494392,GGCCAAGCTCATCGACGACTA
chr20,62076082,62076072,62076092,GCGGATCATCCGCAGAATCTG
chr13,48835358,48835348,48835368,AATTTGTTCTTGAACAGTCAA
chr20,47991415,47991405,47991425,TGGGCCAGCTGGGGGTTGTCT
chr5,132269997,132269987,132270007,ACATAGGCAGTGGGTTTCTGT
chr19,50209219,50209209,50209229,CCACCGGGGCCGATTCTTCCG
chr22,24109778,24109768,24109788,CGCGGCTGGGCGGCTGCGGGG
chr8,41795056,41795046,41795066,TTGCGCTTTCGGACTCTCCTC
chr6,42975013,42975003,42975023,GAAGATGAGCCCACCCTGGAA
chr19,52715971,52715961,52715981,GATGACACCCCCATGGTGCGG
chr1,11174420,11174410,11174430,ACAAAGGCTTCCAGCACGGCC
chr17,48694921,48694911,48694931,AGGGTGCTGCGCATTGCCCGA
chr21,38865381,38865371,38865391,GAATGCCTTATGACCTTGCCA
chr22,31337537,31337527,31337547,CGAGCGCCGCTCTGGCTTCCT
chr12,49578885,49578875,49578895,ATGTCCTCACGGGCCTCTGAA
chr2,121746928,121746918,121746938,CTGTGCAGTGGAATGAGGTGA
chr5,14388735,14388725,14388745,CATAATGGCTGAGCTCATTCA
chr1,23395059,23395049,23395069,TGAAATGGTAGAGCAAGAGTT
chr1,22405039,22405029,22405049,CTGATATCCTACACAACAAAC
chr5,140056343,140056333,140056353,ACTAGCCCATCATAGCGTCCT
chr3,8775678,8775668,8775688,ATAGTCAAGGTAGGCTCTGCA
chr1,8416219,8416209,8416229,CAGAGGGTTGGGGAGAGTGCC
chr3,154834337,154834327,154834347,TACAGGTCTTGTATAAATGAA
chr21,34927559,34927549,34927569,GGTAAGAAGACGAAGCTTCAG
chr7,6431631,6431621,6431641,AGCTGGACAAGAAGATTATGA
chr15,75692425,75692415,75692435,TCTTCATATTGAGTCTTCTTG
chr2,8873577,8873567,8873587,TAAATACCTGCCAACTTAGAT
chr5,98229258,98229248,98229268,ATTCTTTAATCGGTGTGCTTC
chr12,53073912,53073902,53073922,GGAGATGCTTTTACTGCCACC
chr6,75812371,75812361,75812381,ACCCTGGGGGCCTGGAGGACC
chr13,101742055,101742045,101742065,CCAACAAAAAGGGTCAGTCCA
chr1,39826485,39826475,39826495,CAGCCACTTCCAAAGCCTCTC
chr19,36224662,36224652,36224672,CTCTTCTCGCAGGCCCCTCCA
chr6,79672902,79672892,79672912,CAAGAGGTTTATAGATTAGTG
chr1,24151875,24151865,24151885,CCCACCAGTCGCCGCGGAAGC
chr3,182751809,182751799,182751819,GTCATGTTTCTGGTATACGAG
chr8,126044481,126044471,126044491,GGTCTTCTGTACCTTGTACAC
chr11,112097169,112097159,112097179,CCGGGAAGATGAGCACGGAAG
chr4,100543913,100543903,100543923,CGTATTAGCAGGATGTGAATT
chr2,84658643,84658633,84658653,GAATTATGTTGCTTCAAAAAT
chr1,24147011,24147001,24147021,TTTTCATTTTGTAGTCCATCT
chr6,24503660,24503650,24503670,GTCATCACCCCGGTAGGTGAC
chr7,65557771,65557761,65557781,GTTCTCGGGCGACGTGATCTG
chr19,13004373,13004363,13004383,ACAGTGGCTACAGGTCGGCGA
chr1,45974704,45974694,45974714,AGAAGGCCTACTTCTCCACTC
chr6,49416574,49416564,49416584,TCTTCAATTCGAAGTTTAGGT
chr4,146576317,146576307,146576327,TATTTCTGCCCGAAGTGGAGA
chr12,110012685,110012675,110012695,TCATGGAGAACATGCCGTGGT
chr3,124456430,124456420,124456440,AAGCGTCTTGTAGAAGGAACT
chr7,44714800,44714790,44714810,GTGCTTGCAAATGTCATCAGG
chr20,33529536,33529526,33529546,CGTAGAGCTCCCAGGCTTTGG
chr15,40700137,40700127,40700147,TCTGTTGGCAGGAATTTTGGA
chr3,136047701,136047691,136047711,CAGTGCGAGGTAGGGGACTGT
chr15,90172729,90172719,90172739,ACCAGCCTCTGCTGCTCCTCC
chr8,145638672,145638662,145638682,GTGGCCAGCCCGGTCTTCCAG
chr9,35794071,35794061,35794081,CACCCGGGAACAGGCCCAGGC
chr1,76211597,76211587,76211607,GATTGGGAGAAAGGTAAAGTA
chr1,2343940,2343930,2343950,GGCCGGGGCCATGGCCGCGGG
chr22,40757286,40757276,40757296,GATTTGCACCGACATACGCCT
chr3,120363303,120363293,120363313,AGAAAACAGTAACCCAAAAGT
chr16,30080145,30080135,30080155,TTAGGGTTGGATGGGCTGTCT
chr14,94849232,94849222,94849242,TCATGGATCTGAGCCTCCGGA
chr19,12775674,12775664,12775684,ACACGGGGTCGCCCATCATTG
chr17,48245751,48245741,48245761,TGCTGCCATACCAAGCCGAGT
chr2,73678931,73678921,73678941,CCTCTTTCTATTCACATACAG
chr5,70247783,70247773,70247793,CAGACAAAATCAAAAAGAAGG
chr5,133944194,133944184,133944204,TCATTAGTGACTGAAAAAAAC
chr17,1657583,1657573,1657593,CTCCTTCAGCGTGAACCGCCC
chr16,89866047,89866037,89866057,CAACCGTGACCTGTCAAAATA
chr6,131902424,131902414,131902434,ATCTGGGTGGATGCTCACACT
chr15,51503207,51503197,51503217,CTTTCCTGCACAGCCACGGGG
chr4,178361582,178361572,178361592,CCCTCCACGCTGTTAATCAAA
chr9,71668109,71668099,71668119,CTGGACTCTTTAGCAGAGTTT
chr8,63985648,63985638,63985658,TTTTTAGTAACTGAAAAATAA
chr13,23908273,23908263,23908283,ATAAAATGCCATGCATTCTTA
chr11,108115609,108115599,108115619,TCGAGTGTGTGAATTAGGAGA
chr7,33192463,33192453,33192473,AAGTTTGTTTCGTAAGTAAGC
chr4,103592499,103592489,103592509,TCCTCCTCCCCAAACCCGAAG
chr4,52894204,52894194,52894214,ACCTTCATTTCCACGCACAAT
chr2,219527617,219527607,219527627,CCCAGTAAAGTACCAAGGCCT
chr15,91304206,91304196,91304216,AGATCAGAATAAACATACTGC
chr3,165547645,165547635,165547655,GATTCCTTTCCAAACTCACTC
chr11,108005970,108005960,108005980,TGGACATCAGGTAAGAAACAC
chr1,45347394,45347384,45347404,CAGTTCACTCCGGATAGAAGT
chr17,3379487,3379477,3379497,AGAACATATACAAAAGGTTGC
chr2,211512752,211512742,211512762,GAAGGTGGCTCAGGCACCTTG
chr11,68549252,68549242,68549262,TCGTAACATCGGCCGTGTAGT
chr1,53676067,53676057,53676077,TGACAAGGCCAGACACCTCCT
chr5,131729504,131729494,131729514,GAGTCAAAGGGTAAGAAGACC
chr3,48899978,48899968,48899988,AGGTTACCTCGCATAAGGGTA
chr1,235938328,235938318,235938338,TTTAATTAATGAGAGTATAAC
chr18,55355624,55355614,55355634,TGGATCTGCCCGAGCTGTTCA
chr9,35657869,35657859,35657879,CGCTTCTTGGCGGACTTTGGA
chr6,137147551,137147541,137147561,GCTGCAGCTCTGGGACACTGC
chr16,14014170,14014160,14014180,CCACTTTCTCCAGCTGCACTG
chr8,100587947,100587937,100587957,TTTTTCTGTCCGAATAACTGG
chr2,234669155,234669145,234669165,GAGCATTTTACACCTTGAAGA
chr1,70896071,70896061,70896081,TCGTTTCTTGCAAAACTGTAA
chr17,3543501,3543491,3543511,ATCGAGAAACATGATAAGGAA
chr2,44547695,44547685,44547705,CCTTCATCGCCAAACAGCTTT
chr5,156022025,156022015,156022035,AGACAATAATGAAGTGGTAGT
chr4,17513637,17513627,17513647,GCCGTACACCAGCACCCGGCG
chr9,136509420,136509410,136509430,AAGTTCACTACCACAACCCAC
chr11,5246958,5246948,5246968,GCCCAGGAGCTGTGGGAGGAA
chr10,101604086,101604076,101604096,CAGGCACCCTGGGTGACTGAT
chr18,46623771,46623761,46623781,AGCCTTCTTACCTTCAGTCTG
chr16,72055100,72055090,72055110,AGAAGGGGTGCGCGTACTGGG
chr2,109545744,109545734,109545754,GTCTTTGTGACGCCTGCATAT
chr8,144998009,144997999,144998019,GCCGACTCCTGCTCCGCTCGC
chr6,129371200,129371190,129371210,CCCGCAGTGTCGAATCTGCAA
chr15,42652006,42651996,42652016,CACTTGCCATGCCGACCGTCA
chr2,71740998,71740988,71741008,CAAAAGAAAGCGAAGTGCGCC
chr9,108363606,108363596,108363616,ATTTGCACTGCAGTATCACCT
chr10,14970131,14970121,14970141,GTAATTTGCTCCACTGAAAAT
chr20,43249764,43249754,43249774,TGTTGAGCGAGTAGTTAGCCT
chr4,5692990,5692980,5693000,GTGGAAACTTACCAGTGCACA
chr22,50965004,50964994,50965014,GTCCCCCTCACCGAGCGTGGT
chr17,76120262,76120252,76120272,GAAGCAACCCTGCCACAGGGA
chr17,45012488,45012478,45012498,CATTTTAGATGGGCACAATAT
chr16,67470018,67470008,67470028,CTCAAGGGGCCGCATCGTGAC
chr11,46760891,46760881,46760901,GGGAAATATGGCTTCTACACA
chr1,169512100,169512090,169512110,CTGATTCAATGATGAGTTTCG
chr13,113803580,113803570,113803590,GTTCTGTGCCGGCTACGACAC
chr1,197024850,197024840,197024860,CTTACCCAAGCAAACAGGTGG
chr8,17921996,17921986,17922006,ATTGAAGTACAAATGGTAAAT
chr12,110032947,110032937,110032957,GCTGACTGGCGCAGGCGGTGG
chr9,97372240,97372230,97372250,ACAGTCCATGGCAAGGACCAG
chr1,24189638,24189628,24189648,TAACAAGGTCGTACAGCTCTG
chr20,44523747,44523737,44523757,CATCCCGGAGCAGCTGCCACA
chr13,23898591,23898581,23898601,GAGCCTCTACGAAATCTGTGT
chr3,33055554,33055544,33055564,GTACCTTGGTCCATCCAGGAA
chr1,155208388,155208378,155208398,GTGTAGGTGCGGATGGAGAAG
chr16,56899348,56899338,56899358,TGCCCACATATGAGCACTATG
chr21,33671389,33671379,33671399,GCCCACAAACGTAAGTCTGAA
chr17,41055955,41055945,41055965,TAGGATTCTCTTTGGACAGCG
chr17,78081447,78081437,78081457,AGGCCTCGCCGAGCACCTCAG
chr1,100342154,100342144,100342164,GCTGAACCGGGTATGTAATTT
chr3,81698005,81697995,81698015,GTTATTACTTACCAAGGCCTT
chr11,64525263,64525253,64525273,GTGTGTCCACCCACTTGGCAC
chr14,51398389,51398379,51398399,TGGCTCACACACCTGCCATCC
chr12,48535536,48535526,48535546,TCTACCCAAGAAGAGCTTTGA
chr16,88717405,88717395,88717415,CCACATGGCCCACTCGATCTG
chr2,238402139,238402129,238402149,AGTTGTTCAACGAGATTTTGA
chr19,1397492,1397482,1397502,GCGGGCACCTGCGTCTCCTGG
chr21,44485322,44485312,44485332,CCATCACACTGCTGCAGGATC
chr1,11851268,11851258,11851278,CTTTACCTTCCAGAACATGAA
chr9,6645410,6645400,6645420,TCCGCGGCGCCCAGCACGGCC
chr10,126097456,126097446,126097466,CTTGGGGTGACAATGCCCTTG
chr13,41382734,41382724,41382744,AAAATGAAGGTGAGTAAATAC
chr9,37430535,37430525,37430545,GCTGCCCAATCTGATTTCATC
chr3,122002810,122002800,122002820,TTCTTCATCGGGGAGCCCCAG
chr22,18901005,18900995,18901015,AAGTACACCCGGTGGTCAGCA
chr8,143993962,143993952,143993972,CAGCAGCAGCAGCATCTCTGC
chr2,215802332,215802322,215802342,GTAAATCCTCGTCCAAACCTA
chr9,104190799,104190789,104190809,GCACCTCCTTGGTCTAACTGT
chr14,23244747,23244737,23244757,CACAAAGAAAAGCCTATGTTA
chr3,159995413,159995403,159995423,GTCATATCTCGATTAGCAACT
chr17,56285941,56285931,56285951,TGGGCTTGACCAGTCTGAAAG
chr14,88414071,88414061,88414081,AAAATACTCACCAACATTGAA
chr6,145948827,145948817,145948837,ATCTGTACTCGGCCTGCGGTG
chr5,52899281,52899271,52899291,TTGCACTGCAGGTCGTTGAGG
chr19,7132241,7132231,7132251,GCCCGGATTCGCACGCTGTAG
chr6,80881023,80881013,80881033,AAGCCCTTTCCAGGCCAAAGG
chr22,51065189,51065179,51065199,AGTGGGTGTGCTGGGGGCAAA
chr9,139569205,139569195,139569215,AAGAACTTCTTCTTGGTGTTG
chr1,150485712,150485702,150485722,TCATTCATCAGAAATTAACCT
chr17,73839249,73839239,73839259,CCTCCTGCAGGTATCGCAGCA
chr5,138282822,138282812,138282832,CAGCTCCTTCAGCAAGCTGTT
chr17,56296590,56296580,56296600,GGTCTCCGCCATGACAGCTGC
chr19,19309965,19309955,19309975,CTTTGCAGCCCGAGGCGCTGA
chr12,102190516,102190506,102190526,ACATGGTATTGATCTCGGCTC
chr19,7593098,7593088,7593108,CCTGGAGACCCAGGCCCACAT
chr5,76645262,76645252,76645272,CCCAGCCTTCGAAAGGATGAT
chr12,65141538,65141528,65141548,ACCACACATTGATCTGAGAAT
chr16,88891246,88891236,88891256,GTGGCCGCCATCAGCGTGTCG
chr5,78181406,78181396,78181416,GGTGTAGGTACCTGATGGTTT
chr7,65439512,65439502,65439522,CAGAGACTCACGGCAGCGCCA
chr3,4452595,4452585,4452605,CCACCAGTCTGAAGTCCATTC
chr7,117170981,117170971,117170991,CAGCCTCTCTTACTGGGAAGA
chr9,134387456,134387446,134387466,CAGCTCCCACCAGCAACAGGT
chr22,43027382,43027372,43027392,GGCGTGACTCACCGACAGGGA
chr2,150432957,150432947,150432967,ATACCTTTTCGCAGCAATTCT
chr5,149360517,149360507,149360527,TGCCATACTCAGCTTTCTGGT
chr5,42700080,42700070,42700090,AATACAAAGAAGTAAATGAAA
chr5,147499626,147499616,147499636,CATCTGCACTCGAGAAAGTGA
chr1,156836766,156836756,156836776,CTCCTTACAGGAACTGTGAGT
chr16,81385235,81385225,81385245,TCAACTTATAAGATTGAACTT
chr18,21153516,21153506,21153526,CTCTCCATACCAAACACAGGA
chr8,90965734,90965724,90965744,AATAGATTTTAAATCTGTATC
chr16,67977904,67977894,67977914,CGTGGTGTGCGGGGGGAAGAG
chr1,6007208,6007198,6007218,TACTCCAGCTGGAAGATGACC
chr11,67816547,67816537,67816557,TTGCCCGCCAGGCACTTTGGC
chr11,88027677,88027667,88027687,CCTTCACAGCCTGAAGATGAA
chr8,21976740,21976730,21976750,CTGACCAGGTCGGCCACCTCC
chr7,107303857,107303847,107303867,GGAGTTAGTACTGGGCTAGTG
chr13,31891816,31891806,31891826,ATCACGGGAGGAGGAGGGTAA
chr12,103288666,103288656,103288676,GAAGGTCTAGATTCAATGTGG
chr6,161152261,161152251,161152271,TCCTTCCGAAGAAGGTAAGAA
chr15,89876911,89876901,89876921,AGCTGGAGACCCAGCGCCCCG
chr6,51503685,51503675,51503695,GTGCCAGTTTGACCCAGAGAT
chr19,34012665,34012655,34012675,GGCCGCCGCCATGTTCGCCCG
chr3,93617381,93617371,93617391,ACACAAAGCTGAGCACACATG
chr2,26461825,26461815,26461835,GAGTTAATTCGAACAACTGCC
chr9,99006675,99006665,99006685,GCACACAAACGCCTGGAGCAA
chr2,31754489,31754479,31754499,ATGATCTCACCGAGGAAATTG
chr16,16259598,16259588,16259608,CAGGGACCGGAGTTTGTCTGG
chr14,20940627,20940617,20940637,CAACTTTCCCCGAAGTACAGG
chr1,150769371,150769361,150769381,AGTTTTCTCCCCAGCTGTAAG
chr11,111899269,111899259,111899279,TGTTGGATTTGAGAGCCTGGA
chr1,155264430,155264420,155264440,CGCAGGTCTCGGACGTCCTGC
chr19,7172447,7172437,7172457,CCAGATTGTCTAAGGAAAGGA
chr10,13337607,13337597,13337617,CAGAGTATACCTAAAGGAGAA
chr6,152332819,152332809,152332829,TCCATGATCAGGTCCACCTTC
chr5,74014758,74014748,74014768,GGACAAGATTGGAGGAAATAC
chr15,49089857,49089847,49089867,CAGATACTTACATTTACACTT
chr6,31829856,31829846,31829866,AGCAAAGGCGAGAAGAGTGCC
chr17,19552387,19552377,19552397,GAGGATGGTGCAGGAGCGCGA
chr11,71153346,71153336,71153356,TGCCTCCTACGTAGCCGGGTA
chr12,56397639,56397629,56397649,GGCTCAGTACAAGATTGGGGA
chr19,36330426,36330416,36330436,GGCAGGCCCCCATCAAAGCCA
chr15,72647932,72647922,72647942,CTCAGAGAGGAGTAAACACTG
chr16,222984,222974,222994,CGCTGGCGAGTATGGTGCGGA
chr17,45331307,45331297,45331317,GGCGTAGGAGGTGAGTGAGGC
chr22,31011771,31011761,31011781,TCTGGCACCACGAGGTAGCCC
chr12,6979518,6979508,6979528,CAAGCCCGAATTCGTGGACAT
chr12,53708083,53708073,53708093,AGGACTTACCGGGTAGACAAG
chr15,80445457,80445447,80445467,GCCCTACGGCGTCTTCTCGAC
chr1,215853685,215853675,215853695,GTGAATGGTTCTAACCCGTAC
chr19,47259960,47259950,47259970,GTGGACCTGTGGCCCTTCTAC
chr8,30945322,30945312,30945332,TGGCACGGTAGAACCAACTCA
chr13,52548635,52548625,52548645,TTAAAATTCTGGTTAGCAGAA
chr2,219679156,219679146,219679166,GAAATTGAAGTTGATGGCTTC
chr3,14190313,14190303,14190323,GCTGCCCTTACCTTCCCGTCC
chr2,98354291,98354281,98354301,AGTTCTCCAGCCGCAGCGATG
chr8,77895940,77895930,77895950,TTTCCCCTCTGAAGGAAAATC
chr17,42084079,42084069,42084089,GCAACAAGGGTGAGGGCGGTG
chr12,977639,977629,977649,AATCTAAGATTAGATTCTGGA
chr16,88876221,88876211,88876231,CAGGCGGCCCAGCAGCTCACA
chr12,125460034,125460024,125460044,GCGGGGCTCCGTGACACCGAT
chr11,47469537,47469527,47469547,CCTCCGAGCTGGGCACCTGCC
chr17,59543237,59543227,59543247,AGACCAAGTATATCCTGCTGA
chr17,66538952,66538942,66538962,TCCAGAATCCTGCAAGAGAGG
chr16,15761168,15761158,15761178,AGAGGAACTCCGAGAATTCCA
chr14,70477524,70477514,70477534,AGAGGCCCAGCAGAATCCCCG
chr19,35625583,35625573,35625593,TGCCCCTCCCATGCCCCCACC
chr17,39969410,39969400,39969420,GGGCCCCCTGGAAGATGTGGT
chr6,112382294,112382284,112382304,TTTTGTCACTGGCCCTGCAAA
chr9,32974493,32974483,32974503,TGAAAGAATTCCAATGTTTTT
chr9,139313299,139313289,139313309,GATGTATAACGCGACCTCCTA
chr7,5780662,5780652,5780672,TTCTTGCCCCCAAATGTTTTC
chr19,7601333,7601323,7601343,TCATTCTCCCAGGTGTCACAA
chr10,102748919,102748909,102748929,CTGGGAAGCCGCCAAGTTGTT
chr8,74891018,74891008,74891028,AGGATATGTTCGATTCTTAAA
chr3,133485220,133485210,133485230,TGGCAGAACCGCTGGCTGGAA
chr18,77748356,77748346,77748366,TGGTCCACCTGCCAGCCGTTG
chr8,145737702,145737692,145737712,GTCCCACGCCGCACACCTGCC
chr9,100616366,100616356,100616376,CCGCCCTACAGCTACATCGCG
chr5,68805573,68805563,68805583,TGCAACCAATTTTATACACCT
chr21,43164110,43164100,43164120,GGAGTCCACCGAGGACACCCC
chr12,7083589,7083579,7083599,GCGCGGCCAGATATCACCCAC
chr16,65022059,65022049,65022069,CCCTAACTCACCTTTTTCAGC
chr9,136379871,136379861,136379881,GCCAGGGCACAGTGGTAGAAG
chr4,186064638,186064628,186064648,GCTGCTGCAGGTGAGGACCGC
chr1,220379267,220379257,220379277,ACCTGATTTCGACAAGCACGA
chr2,143790838,143790828,143790848,TGTGGATTCCGAATTTCAAAT
chr1,165728783,165728773,165728793,TTCTGTTGTCGACCAGCTGAC
chr1,17609392,17609382,17609402,GCCCTTTGGGCCCATCATCAA
chr15,91478457,91478447,91478467,CACCTCCGACGCAAGAGTGGG
chr1,210637852,210637842,210637862,CTTTCAGGAGGACTGGCGTTA
chr17,76993330,76993320,76993340,GGTAACTGAACCAGGTGTTTT
chr1,225591105,225591095,225591115,ACGAGCTTCTCGGTGGACAAG
chr6,33141825,33141815,33141835,TGACTTCCCCGACAGGCCCTG
chr8,94807731,94807721,94807741,CTTATTTTCTTCAAAGTGAGT
chr19,5693748,5693738,5693758,TGTGGCCGTCTCAGGGATGTC
chr20,3208945,3208935,3208955,GGAAAGATCATCTTCATGTAG
chr18,43447562,43447552,43447572,CTTTGCCAATAAAATCATCAT
chr15,34527381,34527371,34527391,GGAAAGGATACAGTTTTCATC
chr9,94499682,94499672,94499692,CCTGTGATTCGGTTTTCAATC
chr4,39246173,39246163,39246183,CTAAGAATTGGTAAGAGCTGC
chr4,175414300,175414290,175414310,AGTTTTACTTACTCCAAAATT
chr19,18709408,18709398,18709418,CCTGGCCATACCACCTGCGGG
chr21,46825292,46825282,46825302,TGTCCCGCGCAGGTGCCCCTG
chr16,68721640,68721630,68721650,AACGAGGAAGGTACCTGAGTG
chr2,88890344,88890334,88890354,ACCTGGTACTCCCATTCCAGA
chr9,111643988,111643978,111643998,CCCTCACCTTCTAAAATGGAA
chr9,2645603,2645593,2645613,CTTCACTAATCGAAGAGACAT
chr12,7053740,7053730,7053750,TAAGATGCTGCAATTCGTGCT
chr7,139575393,139575383,139575403,GGGTTTTTGGGAAAGCCAAAT
chr2,122288501,122288491,122288511,TGAGCGCATAGTGAGGGCAGT
chr2,217300218,217300208,217300228,GTTGTCATCATTGTAAGAAAC
chr7,195685,195675,195695,AACCCGGCCATCGAGGCCCTG
chr19,11687060,11687050,11687070,GCCCTCACCTGCAGATTGTGA
chr1,22160044,22160034,22160054,TCCTGGGGTCGGACTGAGGGC
chr2,97427707,97427697,97427717,AGCAAGCTCCTGGACTTTTTT
chr9,119461222,119461212,119461232,CTTTACCCGCAAAGGCTTTTT
chr16,68714968,68714958,68714978,CTTGATGCCAATGACAATGCT
chr1,12008042,12008032,12008052,GACAACCTTTTAGTCCTCACG
chr5,178549645,178549635,178549655,GGTGGCTTACGGGGACAGGGG
chr16,4848104,4848094,4848114,GCATGCAGCTGGTACACCGTG
chr8,1719290,1719280,1719300,CTGGGGGATCCGCTCCACGCT
chr4,80899214,80899204,80899224,GGTTTGGGTCGAGGTGGTCTA
chr4,79322023,79322013,79322033,CAAGATTACACAAGACTACCC
chr2,27315234,27315224,27315244,CGGAGGCAACGCGTCCAACTC
chr14,20915433,20915423,20915443,TTCATCTGTCCGATACCTGTG
chr2,69271911,69271901,69271921,TTTCTCCACCCGAGGAACAAC
chr1,155208006,155207996,155208016,CACCGCTCCATTGGTCTTGAG
chr1,170513982,170513972,170513992,CTATTCATACGCTCGGTGAGT
chr3,170723895,170723885,170723905,GACCAATAATCTGAAAATGCA
chr12,21713333,21713323,21713343,AGCTGTTTTCGCACTGCTTGT
chr1,108700103,108700093,108700113,GATTTTCAGACGGTCCAAAGG
chr5,1217062,1217052,1217072,CTCTCAGAGGTAGGTCCATTC
chr11,5248173,5248163,5248183,CCCAGGGCCTCACCACCAACT
chr18,57105351,57105341,57105361,ACTGGAGACCCTCTGGGCCCA
chr2,170058137,170058127,170058147,GATAAACTTACGGCAATTTTT
chr7,155604554,155604544,155604564,GTTTTCTTCATCCTTAAATAT
chr5,7878122,7878112,7878132,CATTTTAGGTCAAGCAGAGGA
chr11,125769895,125769885,125769905,GGCAAGACAGACCGGGTAGCC
chr1,43205554,43205544,43205564,CACTGCACTTGCCCAGTGCTC
chr7,121726150,121726140,121726160,CTCTGTTAGGATAGCCTTCCA
chr1,156084878,156084868,156084888,AACGGAGAACGCAGGGCTGCG
chr9,37785041,37785031,37785051,GGTTCGGCCATCGCGGGCTCC
chr20,31387086,31387076,31387096,TCCCGCAGCCCGAAGGCGGCC
chr18,47373609,47373599,47373619,ACCGTGACCTGCCTGTTGAGC
chr2,47249058,47249048,47249068,GGAAGCCGGGGAGTTCCTCCC
chr15,90320288,90320278,90320298,AGCCGCACCCGAGCGCCTGGG
chr15,43324764,43324754,43324774,TTTTAATCTTACCCACAATAT
chr11,61131956,61131946,61131966,AGAACTGCTCCAAAAGACTCC
chr1,235600786,235600776,235600796,TGAACAAATGTGAGGTGAGCA
chr14,67783612,67783602,67783622,AAGGAGCCAGAAAAATCAGGT
chr19,7615958,7615948,7615968,GCTTCCCGAGGGCACCTTGGG
chr9,79996923,79996913,79996933,GGAGAGTCTGCGACCTCCTCG
chr7,107545896,107545886,107545906,TATTGATACAAAGAACATTCT
chr1,156107000,156106990,156107010,CCTGCGTACGGCTCTCATCAA
chr18,10787184,10787174,10787194,ATAGTGCACCTGCAAATCAGA
chr20,10388262,10388252,10388272,TATCTTACATACCTTGTGTCT
chr11,102822846,102822836,102822856,TCCTTGGAGTGGTCAAGACCT
chr2,135890538,135890528,135890548,AATCCTCCATCAGAGAGTGAA
chr8,6289088,6289078,6289098,GAACACTTATCAAGCCTAATT
chr3,12558134,12558124,12558144,CTATGCTCTGGGATGTTTAAG
chr12,133250250,133250240,133250260,GCCGCCTTGAGATTATGACTG
chr17,57165752,57165742,57165762,ACTAGTTCTCGTAGCTGGAGT
chr8,17917112,17917102,17917122,TTTCTGTCTCGTGTAATCACA
chr12,132426414,132426404,132426424,AGCACATCTACCCCACCATCA
chr6,97344666,97344656,97344676,CACATCTTTTAGAAACGACAG
chr6,43006723,43006713,43006733,GGGTGGCTCTGACCTGGACCA
chr2,122288566,122288556,122288576,GCTTTATTTTGGTGCAATTTT
chr21,47810624,47810614,47810634,TTTTGAAAAAGAATTTAGTTT
chr20,34022080,34022070,34022090,CCGCCGTTTTCGCCGCTGGCT
chr1,120279800,120279790,120279810,CCACCTGGGTGCCAGCACCAA
chr10,100219482,100219472,100219492,GGGCTGGCCATTCAGTTGCAC
chr12,109959327,109959317,109959337,CGAGTTTGTGGGGAAGATGCT
chr9,14740216,14740206,14740226,AATACAGTTACAAGGTTGCCC
chr11,71944142,71944132,71944152,CTCCTTCCCACCCACCTACCG
chr4,170510598,170510588,170510608,TTCATGTTACCTATTAAGAAC
chr10,97453655,97453645,97453665,TGGGGTGCGCATGGGGCATTC
chr5,37180972,37180962,37180982,AAGATATTTTGACAAGATTTA
chr6,41130781,41130771,41130791,GGGATCCTACCTGTGACAAAG
chr3,145789194,145789184,145789204,TTCATAACCACCAGATATACG
chr8,86376331,86376321,86376341,ACTGGGGGTACGGCAAACACA
chr11,68157389,68157379,68157399,CCCTAAAATCGAGTGTGCCAA
chr8,119936822,119936812,119936832,TTTTTTATTCGCCACAAACTG
chr15,44876408,44876398,44876418,GAGATCTGTCGAGAAAATCTG
chr15,62170888,62170878,62170898,GCAAACATTTCCTGTTTTTCT
chr2,233028170,233028160,233028180,TATCCATAGGCAGCTGGCTAA
chr12,53823981,53823971,53823991,CTGGGCAATACCCCTACCTCT
chr3,13860827,13860817,13860837,CCCAGCTCCCGAAACTGTGGC
chr20,6096515,6096505,6096525,AAGCTGACTCGCAACCTCACC
chr10,70221206,70221196,70221216,TCTCATCTTATCTCAGAAGCT
chr1,200613383,200613373,200613393,CAGAGAAAATCATTTCTGAGA
chr6,116752249,116752239,116752259,ACCACTAGATCACTCTTCCAA
chr10,97392770,97392760,97392780,ACAGCCAGTCGGGCAGCCAGG
chr21,46309948,46309938,46309958,TGTCACACTCGCAGTACTGCC
chr17,73945297,73945287,73945307,AAAATACTGACCTGAAGGAAA
chr2,233404517,233404507,233404527,GCCTGGGTGGGACACAAAGGA
chr5,125885678,125885668,125885688,ACAATGCCACAGTCTGATCCT
chr11,66618620,66618610,66618630,GCCCGTGTATGAGATGGCAGC
chr3,132423185,132423175,132423195,TCCTTAGTCTCCAAGTCTGTG
chr17,61561725,61561715,61561735,CAGGCCCTGGCAGGAGGTGCT
chr8,27660821,27660811,27660831,CTTCTCTTTTAGGAATTGCTT
chr12,21030871,21030861,21030881,TTTTTGTTGGGTAAGACATAT
chr22,42461846,42461836,42461856,CAGGAGTCCTGGATGTCATCA
chr1,67512947,67512937,67512957,TTGCTACTTACTTTTGAATCT
chr11,46908040,46908030,46908050,AAGCTGATTCGACGGATGTCC
chr4,39226507,39226497,39226517,TTTTTAGACTGGTGTCGTTCA
chr5,54543581,54543571,54543591,CCTGTTCCAAATGTAAAGCAA
chr5,251219,251209,251229,TTCGACCGGGGTGAGCAGACA
chr6,42946593,42946583,42946603,CGCCGGGGGCCGCCGCACCGC
chr11,119548444,119548434,119548454,CCGAGTTTCCCAGGATACCAC
chr2,113522174,113522164,113522184,GGGCCCCACCATGACTCTTCA
chr11,46921812,46921802,46921822,CCAACACTCACGACAGTCCTG
chr17,44851109,44851099,44851119,CCCCGGAACTGGTGCTGGCAC
chr1,43814674,43814664,43814684,ACCGAGACCGGTGAGGCAAGC
chr1,145507648,145507638,145507658,GCACAGACGAGATCTCGATCG
chr20,45358004,45357994,45358014,ACCATCGGCTTGTCCTGGACC
chr21,45712234,45712224,45712244,CCAGGAGGTGCAGCCCCGGGC
chr10,79784728,79784718,79784738,ATTCCACTCACCATTAAAAGC
chr4,103806378,103806368,103806388,TTTAGTTTCAGAATGGCTTCG
chr2,172330432,172330422,172330442,ACTGGATCTATTTCCATCCTG
chr2,31620584,31620574,31620594,CCTGTGCAGCGGCACAGATTT
chr16,70815795,70815785,70815805,ATCGTAGGCCAAGCAGGGCAA
chr1,211093389,211093379,211093399,AACTTTTAGAGAGCTGAACAG
chr17,16220000,16219990,16220010,TCCAGGGCCCTGCACTCAGAA
chr7,117174334,117174324,117174344,TTTTAGACTTTAAAGCTGTCA
chr12,121177001,121176991,121177011,AGCCACCAGGTGAGTGTCCAC
chr17,7127550,7127540,7127560,GAGGCAGGCAAACAGCTGAGG
chr16,71602163,71602153,71602173,ATGACCACTCGGATGAAATTC
chr9,107549221,107549211,107549231,CACAAGAACCGCCGGGCTTTG
chr1,33487063,33487053,33487073,GGTCATCGAGCTGTAAAAGAA
chr19,45854980,45854970,45854990,GCTGATCCTCCTGCAGAGAAC
chr6,53371799,53371789,53371809,ATGAGCAACATGCTGGGCCAG
chr17,39921002,39920992,39921012,GCGCAGGGTCCACAGGCAGTT
chr19,47259471,47259461,47259481,CACGCGCGCTGGAAGGCTGAG
chr22,38516842,38516832,38516852,GGCCCCGACTCGTAGGGCCTG
chr19,17941429,17941419,17941439,CGGGGGCATACCTGGAGAGGG
chr1,55349371,55349361,55349381,TTCCCGACACGTAGTGAGACA
chr3,164739042,164739032,164739052,CTTCTCCGTCGAATCTGGATG
chr1,120306794,120306784,120306804,GCCGTACATACCATCCCAGGA
chr7,40277263,40277253,40277273,AATTTCTCAGCGAGCTGGTTA
chr7,50607624,50607614,50607634,CAGGAGAAGCCGATGCAGCCA
chr22,32439350,32439340,32439360,CAATGCAGCCGATATCTCCAT
chr14,103395782,103395772,103395792,CGTGGATCTGCGCGGCCCTGC
chr18,57005990,57005980,57006000,CTGCAAGCCCACCTGCCCATG
chr10,14978547,14978537,14978557,ATAACTGATCCCGGACAGTGA
chr4,187115767,187115757,187115777,AAATGTGGAGGTGGGTACATG
chr5,1212468,1212458,1212478,CTTCTGGTACCGAGAGACGCT
chr2,71909684,71909674,71909694,CCTTCCTGTGGTTTACCTCCC
chr11,121177951,121177941,121177961,CCATTCATGACGGTGATTTTC
chr3,148919931,148919921,148919941,CTCTCCTTTCGATTTGTGAAG
chr1,110152730,110152720,110152740,AGGATGGACTGCAGCACATTT
chr1,169446450,169446440,169446460,CAATGTCCTCCCAGCCAGGAA
chr14,39536460,39536450,39536470,GTTTGTTTGAATAAGGAAGTA
chr3,46937356,46937346,46937366,CAGCAGGTACCGAGGTACGTC
chr19,44031327,44031317,44031337,CAGCCTCCGCCATCGCGCCCA
chr21,47571884,47571874,47571894,CTGCCTCGCCGTACAGGTAAA
chr11,30255162,30255152,30255172,CCAGAAAACATGTACCTTCAA
chr2,219525942,219525932,219525952,TCAGCACCTCAGTGTCGAGAC
chr2,166611525,166611515,166611535,TTTTTACACTGAAGGCGGTGT
chr9,136305465,136305455,136305475,TCCCCGACAGCGGTGAGGATC
chr5,149360691,149360681,149360701,AGAATGGATACAGTTATCTGG
chr3,190039855,190039845,190039865,ACAGCCCCTCGTACATGGCCT
chr4,25664440,25664430,25664450,ACCCACTCTTCAGGACTCGGG
chr2,219922163,219922153,219922173,ACCGGACTTGACGGAGCAATG
chr1,115829176,115829166,115829186,GAACGGAGTCGCCGCTTTTTA
chr9,135203738,135203728,135203748,GAACTTTCAAACTCAAAACAC
chr10,23482734,23482724,23482744,AAATATTATCCGAACAGCCAA
chr19,42879689,42879679,42879699,ATTTCACGGGAGTCCGCTGGG
chr7,127894487,127894477,127894497,GAAAGTCACCGGTTTGGACTT
chr10,70748856,70748846,70748866,CGTCGCCCAGCGAGCGGTGAG
chr22,21213400,21213390,21213410,GCCGGCACCATGTCAGCTTAC
chr3,180703744,180703734,180703754,AGCATAATTCGTCGATGAGCA
chr7,34125597,34125587,34125607,CTGAACTGTGTCAAGGGACAG
chr3,50339730,50339720,50339740,GATGGGCACTGGCCGGTGTAG
chr9,94118439,94118429,94118449,CCACAATTCCTAGTTAAAGGG
chr19,46087920,46087910,46087930,TTGAAGAACTCGCTTCGGCGG
chr3,154862172,154862162,154862182,TGCACAGATCCGAGAAGTTTT
chr2,44123772,44123762,44123782,AAGCACAGTACCTTTCCTTGT
chr12,44177474,44177464,44177484,GGTTTTACTAGAAATAATAAC
chr2,73115493,73115483,73115503,TGACTCCACTCAAGTGAACAA
chr15,89860620,89860610,89860630,GGGGAATCCCGTATCTCCTTT
chr4,108954395,108954385,108954405,CCCATGGGCCCATTTGAGCTT
chr6,49578736,49578726,49578746,CTTTTACTCACGTGTTGGAGG
chr2,25384441,25384431,25384451,GAGACGTCCTCGCGCTTCTGC
chr5,95764964,95764954,95764974,GCACTCCTTCGAGACCTTCTG
chr10,90984868,90984858,90984878,ATGATCTGGTAATCGTCCTAA
chr10,90983467,90983457,90983477,TCATTAAATCCACACAGAAGA
chr17,63156986,63156976,63156996,TCTGGCCAAGCGAAATATCAA
chr2,234238138,234238128,234238148,GACTTTTCTAGATCTATTTCC
chr5,177034506,177034496,177034516,ATCCTGCTGCTCTCCAAGCAG
chr9,139324183,139324173,139324193,TGCTGCCTCTGAATCTCCTTC
chr1,155206119,155206109,155206129,GAGCCCACACAGGCCTCTGAG
chr11,6414899,6414889,6414909,AGCTGGAGCTGGAATTATTAC
chr18,2951174,2951164,2951184,TTTCTCCTTCGTTTTTTCTTT
chr5,34005932,34005922,34005942,AAATCCACTCAGCCTGGCATA
chr17,46019139,46019129,46019149,GCTGCCATGGACCTGGGACCC
chr3,46944817,46944807,46944827,GGACTTCAAGCGAAAGGCACG
chr2,231077623,231077613,231077633,CAGCTTGGTTGAGGGGGTTGT
chr2,143718202,143718192,143718212,GGGGGAAGAAACCTTAAGAAT
chr11,134131785,134131775,134131795,ATGCTTTGCCGTAAGTGATTC
chr1,145416618,145416608,145416628,TTGGGGGGTGCCCTCCAAGTC
chr2,234676864,234676854,234676874,TTTGCATCTCAGGTCACCCGA
chr16,47622888,47622878,47622898,TCTTTTTAGCCAGACACTTGA
chr3,15677196,15677186,15677206,AGCCCAAAAGGCAAGAATGCT
chr21,38132130,38132120,38132140,CACTTCACTCGTAAGTTGATA
chr8,94934564,94934554,94934574,TAAAGCTAATGAATACAGTTT
chr10,127483547,127483537,127483557,GCTGGAACCCCCTGTGGGGAA
chr6,70500205,70500195,70500215,GTACCATTTTGATTTTTCATG
chr16,30997526,30997516,30997536,AACGTGCAGGGTGAGGAGCTC
chr8,65517310,65517300,65517320,TCTCCCTTTCGCACACAGTAG
chr7,137773401,137773391,137773411,CACAGGGTACCGACATATTGA
chr14,50768734,50768724,50768744,AAATGCCATACCTTGCCACAC
chr16,8900172,8900162,8900182,TCTTCATCTAGAATATTCAAA
chr15,75190004,75189994,75190014,GGGGCCAATGAGAGTGTCTCA
chr1,63862273,63862263,63862283,ACAATGGTATGATAATTTTAA
chr3,183960356,183960346,183960366,GCGGGCCCAGCCAGAGCTGCA
chr20,49558653,49558643,49558663,AAATTACCCTCCTTTTGCTTC
chr17,7487182,7487172,7487192,CTTTGCAATATGGCGGCCGAG
chr22,50297711,50297701,50297721,CCCTCTTGTCGTACCTGTGGG
chr11,77838484,77838474,77838494,GTGGAATGGCTACTCAAAACA
chr9,101981074,101981064,101981084,ATAGGATCTTCTTCCGCCGTC
chr16,5122955,5122945,5122965,TTTTCAGACTCCAAACCCCAT
chr12,124235715,124235705,124235725,GTCCTCTTCTTGGGAAAGCCA
chr14,50088855,50088845,50088865,GATGTTCTCTCCCTGGGGACC
chr2,74692088,74692078,74692098,GTAGGTTCCCCAGAAGAGGTC
chr9,33135256,33135246,33135266,AATATAGCCAGTACTTGAGGT
chr16,23464143,23464133,23464153,CCCGAGCGGCTCACCCTCCAC
chr7,56088803,56088793,56088813,CAGATTTTGGCTAGCTCATCG
chr1,120254713,120254703,120254723,CGGAAGATCTTGCAAGATGGA
chr6,36260887,36260877,36260897,CTCATCCCCCCGACTTACCGC
chr17,73747193,73747183,73747203,GATGACAACCGTAAGAACCAG
chr1,209804081,209804071,209804091,CATCGTGGACCTGGGAGGGGG
chr3,48621917,48621907,48621927,CCTGCACTTACCGATGGTCCA
chr10,100184125,100184115,100184135,AACTCCAGCCAGGTGCTCTGG
chr15,28234746,28234736,28234756,GCTGTAATTACCATGCCAAAC
chr9,12695626,12695616,12695636,ACCAGGAGATCAGAAGAAATA
chr5,33964122,33964112,33964132,CCTCCAAAACCTGGAAAGCAA
chr1,47882278,47882268,47882288,TGGCCGCCATCTACCGCTTCA
chr10,71332429,71332419,71332439,GAAGCGCAGCGTCTCGATCTT
chr6,31929382,31929372,31929392,CAGGAGCAGTGGGCCATCCCT
chr8,94777845,94777835,94777855,TCCTCTACGTAGAATTTCAGC
chr7,23030679,23030669,23030689,GTAAATATTACCTTAAACTCT
chr3,195968956,195968946,195968966,GTTGGAGCAAACATGCCTAAC
chr16,70530270,70530260,70530280,CTTGTCACCCCGCGCTGGATG
chr6,108370452,108370442,108370462,TTGTAAAAAACTTACGCAGAA
chr22,43011402,43011392,43011412,TCTGCCCGACCTTATTCACGC
chr12,15037181,15037171,15037191,CATGTGATTCTGAAATTAAAA
chr11,118968750,118968740,118968760,CCCGTGATGGGTACCTGTGTG
chr9,134381547,134381537,134381557,TTACATGAAACAAATCTTCTT
chr4,74277711,74277701,74277721,TTTTCTTTTTAGGGCAGTAGC
chr14,94955959,94955949,94955969,AGGCTTACCTCGCCCACTTTC
chr8,143823803,143823793,143823813,CGAGAGGCCATTGCTCCGTGC
chr20,32880273,32880263,32880283,GCTCAATGCACCACAGGTACT
chr9,131112590,131112580,131112600,GTTTTCTTTAGATAAACTGTT
chr1,213062551,213062541,213062561,TCCTAAGGCAGGGAACATTTT
chr6,43487543,43487533,43487553,TCCCATTCATGCTGATCCCCG
chr2,191161682,191161672,191161692,GACATTCTCTGTATAAACAAA
chr6,152545688,152545678,152545698,AGACGGAATCGGGAAAGAGAG
chr17,39740662,39740652,39740672,ACTCTGTCTCATACCTGGAAT
chr7,103155710,103155700,103155720,CGCTCATGCTGGGGTACTGGG
chr11,69631095,69631085,69631105,CACCGAAGCATAGAGTCGTCC
chr17,26732378,26732368,26732388,AGCGGGCGGCGGCCCACACTG
chr6,43568829,43568819,43568839,TTCGCAAAATGTAAGTATTCA
chr11,65636028,65636018,65636038,TGGGCAGTGGCAGGAGAAACG
chr16,88497185,88497175,88497195,GGAGGACGAGCAGCCTCCGCC
chr11,2608846,2608836,2608856,TCCTCCACCTGGAAGATCTAC
chr1,115576150,115576140,115576160,ACACGGGTATGTAGTTCATGT
chr1,119965127,119965117,119965137,GAAGGCTCAGCGAGATCTGGC
chr10,104595073,104595063,104595083,CGCCAGCCTTCGATGCAGCTG
chr6,32007983,32007973,32007993,CCACCCTGAGGTGCGTCCTGG
chr8,143958157,143958147,143958167,GGGGCTGGTCCAGCGAGACAG
chr12,98992436,98992426,98992446,GCCAACACTTTGAGGGATGCA
chr9,131708241,131708231,131708251,TCACCCACACCCACAGCCAGG
chr11,130029877,130029867,130029887,CGGGGACCATGGGGAGCGATC
chr2,85780390,85780380,85780400,AGGAATAGCTGCTCCAGGAGG
chr2,47604151,47604141,47604161,AATTCTTTACAGTGCACTTCA
chr12,48240462,48240452,48240472,CACTGACGCGGTACTTGTAGT
chr7,158711530,158711520,158711540,CAGCTCATCTCAGCTGAACAC
chr5,149360721,149360711,149360731,ATGCTGTCCTCTGCACTGCTA
chr19,1105455,1105445,1105465,ACGCCCGATACGCTGAGTGTG
chr8,145667498,145667488,145667508,TTCAGGGCTCGCTTGGCAGCC
chr4,994486,994476,994496,CTCCTCCCAGGTGAGCTGTGG
chr4,995460,995450,995470,GTGCTCCCCCGGCCCAGGCTT
chr4,994668,994658,994678,CCTGTGTTCCAGGGTTTGAGC
chr15,43900289,43900279,43900299,AGGCTCCCTCGAACTCTAGTG
chr11,64359297,64359287,64359307,CAGTGCCGCCGCTTCCGCCAG
chr14,90459764,90459754,90459774,GCCATGCCACATATTAAGACA
chr1,45478859,45478849,45478869,TGTCGCTCTCCTGAGGCCTGC
chr16,69364970,69364960,69364980,CTAGGTTACCGTACTTGGAGA
chr1,12336961,12336951,12336971,GATTTCCCTACAGGTGAATAA
chr7,75611554,75611544,75611564,TTCGCCAGTACGAGCTTGTGG
chr8,134024282,134024272,134024292,GTTTGTCGGGTAAGGGGAGTT
chr5,43292710,43292700,43292720,TCAAAGAGTGAATCTATTGAA
chr19,55645558,55645548,55645568,TGGAGGCAGCCAGGCAGACCG
chr3,43759278,43759268,43759288,CTTTGGCGCCCGATCCTGCAT
chr11,819763,819753,819773,TCGCGGGCTGCGGCTTCCTCG
chr1,59042272,59042262,59042282,CTTGGGGTGCAGCCGATAGCG
chr16,75513118,75513108,75513128,CGGCCCGCGGGTCGCGCACCA
chr1,33354724,33354714,33354734,TTGACACCAACAGCGATGGCA
chr17,73274346,73274336,73274356,GGGAGCCAAGCCTTTGTAGAA
chr13,108860927,108860917,108860937,CTTGTCTATTGAATCAGTTAC
chr8,110100133,110100123,110100143,TGTCACCCCATCAAAGCCCAG
chr3,128628987,128628977,128628997,CAACCACGACCACGAGGTGAG
chr8,75272387,75272377,75272397,ACACCCAGGTTAATGCCTGAT
chr5,148431798,148431788,148431808,GAAGGAGTTTCTTTACCTGGA
chr8,134271474,134271464,134271484,GTACATGTACCTGGGGATGAC
chr11,9868562,9868552,9868572,AGCTGGTTCTGCATTGTAATC
chr9,116153914,116153904,116153924,CTGTGTGGGTGTGGGTAGAGG
chr8,65509312,65509302,65509322,TCTAAATCAAAATAAGTTAAA
chr14,68265008,68264998,68265018,GAGGCCCTGGGTAACTGTCTT
chr13,36888478,36888468,36888488,ATCCGCTCTCGGAGTTTAGAA
chr15,65257735,65257725,65257745,TGAGCTCTTCGGGCATTAGGA
chr12,58025008,58024998,58025018,TGGAACTCCTGCTCTCTTGTG
chr14,53619307,53619297,53619317,CCTTGTAGAACCAGCGTACCT
chr11,763824,763814,763834,CGCCTCCTTCCGCAACACGGG
chr8,75272528,75272518,75272538,CCGGCTTATGCAACTACAAGG
chr11,2189796,2189786,2189806,AGGTCCCCTCGGCGCACCTCG
chr3,52021009,52020999,52021019,CCCAGGGGTGCGGGTTACCAG
chr1,173795830,173795820,173795840,TAAAGAATTCAGTAGCTTTGT
chr10,73579470,73579460,73579480,CCAGCGCTCACCGGTCAGTGC
chr1,22448042,22448032,22448052,CGAAGAGATGGCGTACACGAA
chr19,7605911,7605901,7605921,CACCAAGTACCCGGAGAGCTT
chr1,227170697,227170687,227170707,GCACTTGGCCCGAATGAAGGG
chr16,1840801,1840791,1840811,GGGCAGCCACAGTCCCAGGGG
chr18,61471522,61471512,61471532,CAATCCAAGGCGAATGACCTC
chr8,94828599,94828589,94828609,TAATTTTCCAGATTTTTAGAT
chr2,20202928,20202918,20202938,TCACCTGAACACGTTTTCTTG
chr17,1174068,1174058,1174078,CATGGCCGCCAACGTGCGGGA
chr20,3897602,3897592,3897612,CAAGGAGAAGCGAGAGGCTGT
chr7,127970949,127970939,127970959,AAGCTCCCCAAGTTCTTCTTC
chr1,201286763,201286753,201286773,CCAGAACGTCCAGCAGGCCGC
chr8,145004554,145004544,145004564,GCGCTCACCTCCACCTGCTTA
chr6,7558373,7558363,7558383,AGATGGAATACAACTGACTCG
chr7,146805370,146805360,146805380,AATCCTGCACGGAGAAGGACA
chr15,90196095,90196085,90196105,AGCAGTGGTCGAACTCGCAGG
chr17,73518189,73518179,73518199,GAAGCTGAACCAGCGCAAGGA
chr21,45750704,45750694,45750714,CCCGCCACTCACCCTGCCCCT
chr12,49484922,49484912,49484932,AGCTTTGACCGACACGTGGAC
chr10,73122025,73122015,73122035,CTATGTGGCCGGCAGCTCACC
chr12,57638387,57638377,57638397,TGAGACTGCTGGAAGCCAGGC
chr2,220022991,220022981,220023001,GCATAGCCCTGCTTGGTGATA
chr11,3988863,3988853,3988873,ATCCACAAACTGATGGACGAT
chr17,26851051,26851041,26851061,ACTGGAGGGCGAGCGCCAAGG
chr5,35873660,35873650,35873670,GATTAAAGTTCGATCCATCCC
chr2,127834262,127834252,127834272,TCTCATCTGCCTTCCCCAGCT
chr3,42732355,42732345,42732365,CCCCAGGTGGGCACCCTTCGA
chr16,74752886,74752876,74752896,CCCCGCTCACCTTGTGGTGCT
chr22,32887126,32887116,32887136,TCGCCTCTTTAAAGACCAGCT
chr19,45981868,45981858,45981878,CCGCCCGAAAGGTGGAATTGA
chr7,100800656,100800646,100800666,TCCTCTCCGCAGATATGCCAG
chr15,89399954,89399944,89399964,TTCTGGAGAAGTTCTAGAGAC
chr12,6458573,6458563,6458583,AGCAGTACCCTGTGGGTACAG
chr1,66038102,66038092,66038112,TTCAGGAATTATAACTATAAG
chr3,38180469,38180459,38180479,CTCGAGCTGCTTACCAAGCTG
chr1,168266985,168266975,168266995,AAATCAAGTACAATCCTTTTG
chr1,160012087,160012077,160012097,AAAGAGGAACCATGTGCCTGC
chr22,38522451,38522441,38522461,ATGAGATCCTGTAGTTCTGTG
chr10,124248979,124248969,124248989,GCTAGTGGGTCTGGGTTTATT
chr11,22271893,22271883,22271903,TATGGCTTATTATCAATGGAA
chr14,77743729,77743719,77743739,TCAAAAGTCCCATGAGTCCAG
chr6,110059618,110059608,110059628,CATCGTGACTGGCTTTTGTAT
chr22,37494466,37494456,37494476,CATCTTCTGGGCTTTGGCGGT
chr17,43555265,43555255,43555275,CTAAATCTCACTTGTGGGTGA
chr3,126216984,126216974,126216994,CACACCCAGCGGAAAGGCCCA
chr2,179300991,179300981,179301001,CTTTTCACCAGGAGAATTCCT
chr9,14868974,14868964,14868984,CAGAGAGTTCATGCTGACAGG
chr9,328076,328066,328086,AGGATTTCTGCGAGCTCACAC
chr2,85888659,85888649,85888669,CCCCGAGGGCCTGTCACAGGG
chr6,135778668,135778658,135778678,AGTATGCTCATCAACCACATG
chr16,53679916,53679906,53679926,GCTGACTTAACTGGAAAAACA
chr2,112552394,112552384,112552404,ACATCACTTACGACAAAGTTT
chr8,145739097,145739087,145739107,TCAACAGTGCCTGATGAGGAG
chr1,53666440,53666430,53666450,CCTCAGTGCACAGAAGCCTCT
chr1,53667994,53667984,53668004,GAATGTTTTAGGAAAACAGAA
chr11,44297002,44296992,44297012,TCCTCCAGCTGGTAGCTGGTG
chr20,33067440,33067430,33067450,TTCAGAGAATGGTTCTTTCTT
chr6,32010130,32010120,32010140,TCCATGCGGCGCTGGAACACC
chr7,94025130,94025120,94025140,GAAAAGTAATATAAGTGTCTC
chr11,36597543,36597533,36597553,ACCAGTATGGCGATCATCATG
chr10,73406215,73406205,73406225,TGCACCCCCAGCTCTTTGCCA
chr1,216420126,216420116,216420136,CCCCTAATTTGCAAGGACATT
chr3,150690431,150690421,150690441,CACAACTCCGAGGGCACATGC
chr11,5248155,5248145,5248165,AACCTTGATACCAACCTGCCC
chr11,5248393,5248383,5248403,CCTAGGGTGTGGCTCCACAGG
chr11,5255781,5255771,5255791,GAGCAGGTTGGTTTAAGATAA
chr9,139091646,139091636,139091656,GTGCAGGTGGTACACGAAGTC
chr5,1411357,1411347,1411367,GGGTTACTCACGGCGCTGTCG
chr3,53145846,53145836,53145856,GTCTACTTACCTTCTGTCAAA
chr17,34893128,34893118,34893138,ATTCCTCACTGACTTTGTTGT
chr2,113819769,113819759,113819779,CCTGGGTGTCCAGGGTGGAAG
chr9,133339504,133339494,133339514,GCAGGGGAACGATCAGGTCCG
chr7,95822471,95822461,95822481,ACAAAGGCTTGCTTTGCGTGC
chr7,95926205,95926195,95926215,TTCCTTTATACTGACCTTCAA
chr2,202591591,202591581,202591601,CCACTTTGTCTAGGAGCAAAA
chr2,216213967,216213957,216213977,AGACAGAGCTAAAAGGGTAAG
chr6,71012614,71012604,71012624,ATTGTCTTACCAGCAGGTCTT
chr11,94180442,94180432,94180452,CCACCTCTTCGACCTCTTCCT
chr1,183212404,183212394,183212414,GAGGGCACGTCAGCAGAGGGG
chr10,30602855,30602845,30602865,TCAAATGGATTCTGAATGTAC
chr8,144994985,144994975,144994995,CGCTCACCTCGCTGCAGCTGC
chr16,66547641,66547631,66547651,TACCAGAACAGGGGCTGCCAT
chr15,89876978,89876968,89876988,CCAGAGCAGGCGGCTCATGGT
chr18,43667165,43667155,43667175,GGGGGTCGGCGGAGCAACAGA
chr12,123741486,123741476,123741496,AGCGGCGAAGAAAAAACAAGA
chr3,58413811,58413801,58413821,TTGACCTGAGGTATAGAGTTG
chr11,35013910,35013900,35013920,TGAAGAATACCAAGGAGGATC
chr3,148711931,148711921,148711941,GTATTAAGATCAGGCCTTTGT
chr10,73767280,73767270,73767290,CTCTTCGAGCCGCTGTGGCAC
chr7,106938708,106938698,106938718,TGACTGTATTGTTGAAGACGC
chr1,155112473,155112463,155112483,AAGTCGGCTCGGGCCTCCTGT
chr16,70531899,70531889,70531909,CCAATTAGCTCCTGCATGGTA
chr17,71202913,71202903,71202923,GTTCAACTCCCAAGAACCCCA
chr7,66098322,66098312,66098332,CCTGTCCACACTGCGGTGCTA
chr15,43545056,43545046,43545066,CTGCCCGTCCACTCCGCAGGG
chr16,30768009,30767999,30768019,GCCAACCCTGGAACCTCACCC
chr16,2354135,2354125,2354145,GGAGGTCTCGCCACTGGATGC
chr10,90987966,90987956,90987976,CCTGAAAGCCCAGAATTCATC
chr13,52599058,52599048,52599068,CATGTGGAACGAGCATTTTGG
chr3,49568274,49568264,49568284,GGCTGCACTGGGACTCACAGA
chr18,59751784,59751774,59751794,ATCAGGGCTCCCATCATAAAA
chr7,99703901,99703891,99703911,CCCCCTGCCTCGAGGGGTGGT
chr17,7976135,7976125,7976145,CAGGTAGTAGTAGGGGATGGG
chr1,210329217,210329207,210329227,GTGATAAAAGGCAGCCACTTC
chr16,79245562,79245552,79245572,GGAGGGTCTGGGAGGGATGTA
chr3,43591342,43591332,43591352,AAAAGCCAACTAAAAGAAAAA
chr11,6640426,6640416,6640436,AGTCAACTCACGTCCTCCGCT
chr1,45808798,45808788,45808808,CTCAGTCTCACGATATTGACC
chr11,18424473,18424463,18424483,GGATTCAGCCCGATTCCGTTA
chr11,14907321,14907311,14907331,AATAAACATACCTCCCATTTT
chr6,132211575,132211565,132211585,CTCAGCTTCTATCAACAAAGA
chr19,30193683,30193673,30193693,CATGGCCAGCAGCTGCTGCTG
chr6,86197176,86197166,86197186,TTTAGAGAATGCAACATGGGC
chr2,202626257,202626247,202626267,CACGCCAACTGTAAAATCCTG
chr20,3208905,3208895,3208915,CCGCCTGTACCGGATGGGGAT
chr2,3691502,3691492,3691512,TGTCTTCATCGGCATCAACGA
chr2,9633918,9633908,9633928,TCCCAAAATCGTTCAATTACA
chr7,30062366,30062356,30062376,AGCCCTGGTCCCAACCTTTGA
chr1,20981153,20981143,20981163,GGTGGAAGAGCCCGTCAGGAT
chr2,202574661,202574651,202574671,AGCCTCCTGCAATAACCTGCG
chr7,4828468,4828458,4828478,ACTGTGTCCTCAGGTTGGCGC
chr12,85694932,85694922,85694942,ATATATTCCAGATTCAGAACA
chr11,70052267,70052257,70052277,ACGTCATATGTGATAATGTGG
chr1,220101517,220101507,220101527,GAGCGCGGTGAGGAAGACCGC
chr18,12358779,12358769,12358789,TCTTTGAACTTCACATCAATT
chr11,6662682,6662672,6662692,CCCGCTGGCTGCTCCTCATCA
chr17,3386886,3386876,3386896,GTATCCTGTGGGTAAGTCATA
chr8,17143888,17143878,17143898,AGGAAGAGAAACTTCAGCAGG
chr19,18170790,18170780,18170800,TCTGTCTTCTCGAGAGGCTCA
chr12,123741471,123741461,123741481,CAAAGAAAAACGAGAAGCGGC
chr8,38109717,38109707,38109727,TCTCCCATTGGAATGTTCCTT
chr14,102901247,102901237,102901257,ACAAATCTCTGGCATGCTGTC
chr9,35739074,35739064,35739084,AGGTACCGTCGCCGTGTCAGG
chr10,104852894,104852884,104852904,TGAATGGCTTACAACTCTTGT
chr1,228345567,228345557,228345577,TCTTCCGCATCGTGCTGACGG
chr4,108866548,108866538,108866558,CATCAAAGACCATCAAGAGTC
chr6,146673559,146673549,146673569,GCTGGACTTCCTCATCAAGTC
chr4,81123397,81123387,81123407,ATCCACAGACTTCCACAACCT
chr5,130495271,130495261,130495281,TCAGCAGCACATTTCTTGCCA
chr9,130698855,130698845,130698865,CAGCAGGAGGCCTGCAGCCAG
chr20,44592140,44592130,44592150,GCGGGAACGATAGCTGCACTG
chr2,74166080,74166070,74166090,CGAAAACTTACCCAGAATGGC
chr16,2035977,2035967,2035987,TTCGACTGCTCAAAAGTGGAT
chr11,36596382,36596372,36596392,TCGGAATGCTGAGAAGGTACT
chr11,66455710,66455700,66455720,GCTGTGGGTTCGGGAGCAGGC
chr20,17956513,17956503,17956523,ACCTTAAACTATATAGGTCTG
chr7,16460787,16460777,16460797,CCCGCACCCCCCGGCAGGCAA
chr8,140998935,140998925,140998945,GACACTTACCGCTGGCACTCG
chr16,2546900,2546890,2546910,CCTCAAGTTCTTCCACAAGGT
chr7,107601650,107601640,107601660,CTCGCACTTACAGAATCGATC
chr11,88911386,88911376,88911396,TAATAGGACCTGCCAGTGCTC
chr9,101983974,101983964,101983984,GGCACAGCGCACCGGTAGCTC
chr10,61898801,61898791,61898811,TTAAGGTCCTGTGGCCCAAGA
chr12,124206996,124206986,124207006,AGAAATGCAGGTAACTTGCTT
chr11,62458772,62458762,62458782,AAGCGGTGTCGGGGCCAGATG
chr15,101791457,101791447,101791467,GGCCAGAGCTGCGCCCCGCGC
chr4,94031937,94031927,94031947,CAAAGTCTCTCAGCAGGGAAT
chr16,3075808,3075798,3075818,CAATTACGGGCAGATTGCCAT
chr3,49761096,49761086,49761106,AGTGGCTTCGGGGTGCTCAGC
chr1,94495104,94495094,94495114,GACCTGTGTCCATTTCTGCTT
chr20,44049037,44049027,44049047,TTCAGAGAGCCGAGTCTATGT
chr4,184606496,184606486,184606506,GTGGGCAGACCGAATTTCTCT
chr18,6985384,6985374,6985394,AGCTTATCCTGGTGATCCTCT
chr15,48428880,48428870,48428890,TCTTTTGTAGGTATGAAGGGG
chr3,31574528,31574518,31574538,AAGCACAAGTCGTCCCTCAAC
chr1,100472670,100472660,100472680,TATACCAGTGGCTGTCCCTAG
chr2,210801631,210801621,210801641,TATGGATAAACGATGGAACCT
chr8,33369557,33369547,33369567,TTCTCCATGTAGGAATCCTGC
chr1,204375390,204375380,204375400,GGTCCTTTGCGATCCTCATCA
chr1,65831790,65831780,65831800,TGATGACATTCGAAGCTTTTT
chr1,110604187,110604177,110604197,GAACCAGACCTGGGGGCAGGT
chr19,47983131,47983121,47983141,CTTGGCGGCCGAGAGGCTGAA
chr6,86246509,86246499,86246519,ATTTTACTTACAAAATCATCT
chr14,58923419,58923409,58923429,CCTTCTCAAAGATTTCCTTCC
chr17,40715063,40715053,40715073,CCAGCTGTTACAGCTGTTGTC
chr9,139990707,139990697,139990717,AAGACACATCCAGCGGGGACC
chr8,120795788,120795778,120795798,TGATACTGCCACATAAAATCA
chr10,74326500,74326490,74326510,TGGTACCATCGAGAACCCACA
chr16,18806848,18806838,18806858,GCTCTGCGTCGAGTTTTTACT
chr10,101943559,101943549,101943569,GATATGATAGCCTGGTCCACT
chr1,110168380,110168370,110168390,GGAGCGGCGGCAGCGGCTGGA
chr10,97604339,97604329,97604349,TGGCCAAGAGGAAGGTGCCTA
chr14,96001623,96001613,96001633,GAGCAGCCCCAGTGCGGCTTC
chr4,156632404,156632394,156632414,ATCTTCAAGGGTAAGGAAAAC
chr3,25775392,25775382,25775402,ATAGTGTCTCGAAGTAATGCT
chr6,24658788,24658778,24658798,ATAATACTTACAAAGCTAAGT
chr3,197402388,197402378,197402398,TTGGCAGAGCTGGGGAGGAAA
chr1,62979259,62979249,62979269,CTATTCATTCGTTCAAACACT
chr16,732232,732222,732242,CCGTGCATCACGCCCAGTGGC
chr12,102155066,102155056,102155076,AAGGCAAACTGCATATCCTCA
chr5,36207266,36207256,36207276,ATCCCAAGTTACTCACCAGGC
chr11,73879530,73879520,73879540,CATCTCACTCGGACAAGTACA
chr3,9908979,9908969,9908989,CGGAAAGCTTCCCTGGGTGGA
chr19,42906092,42906082,42906102,TGGCGCGTCTCGCGGCACAGC
chr1,230825865,230825855,230825875,AATTCAGCAGTGGCTAGAAGG
chr1,220312456,220312446,220312466,TACATGCTACACTTACTGCAG
chr5,82554426,82554416,82554436,AAGGAGACAGCGAATGCAAAG
chr14,68159305,68159295,68159315,AAATATACTCGAGCTCCTGTC
chr2,47221495,47221485,47221505,CTCTCTGCCAGATGGCGGCCA
chr5,167913504,167913494,167913514,TGATGGGAGGATGGACGTACT
chr11,13736194,13736184,13736204,TTCCTGTATGATATCTACCTC
chr17,79768793,79768783,79768803,CTGGTACCTGCCTTGGCACCA
chr6,83881669,83881659,83881679,AACTTTAAGTTGTCTGTTTGG
chr19,17448950,17448940,17448960,CCACGCCCTCCGAATTCTCAC
chr14,105693011,105693001,105693021,TGTGTACGAGGGGGGGTCGCA
chr8,144297182,144297172,144297192,GACAGCTGCCAGCCCATCACC
chr11,72013356,72013346,72013366,ACCTCGTGTCGCTCCTGGAAC
chr13,96416168,96416158,96416178,CCTGAAAGATCGAGCAGAGGC
chr10,97373512,97373502,97373522,TTCCACTCTCAGCATATCAAT
chr2,65216779,65216769,65216789,TGTAGCGCCATGGAGAAGAGC
chr10,102013281,102013271,102013291,CCACATTTTTTGGTATCCACT
chr17,57775086,57775076,57775096,ATGAGAGCACTGGGCAGCCAC
chr1,110740780,110740770,110740790,CTGCCCATCCCTGTGGTGTTC
chr4,123949509,123949499,123949519,GATAGCAAAGGCTTTGGCCAA
chr15,63907989,63907979,63907999,CTCATGAAGTCGATATTCAAT
chr16,57265124,57265114,57265134,ATCAACAATGTGAGTTCAATT
chr19,50365445,50365435,50365455,CACTTACCCCCAGGGAATCCC
chr19,35800833,35800823,35800843,CACGGTGCAGTGCCTGTGCGT
chr6,105280997,105280987,105281007,CTGACATGCTGCACAAGGTCA
chr16,68349977,68349967,68349987,GAGATTGCAAGGTACTGGGTT
chr2,238243533,238243523,238243543,GACATCTTAACTGAAAGATAG
chr19,50321714,50321704,50321724,CGCAAGCACTACCTGCTCCCG
chr6,5369227,5369217,5369237,GAAGAAGGGGGACAACTATTA
chr11,65303790,65303780,65303800,GGACCCGACCCAGCTGGAGGA
chr11,684953,684943,684963,GTGAGGGTTTAAGATCCCATC
chr18,67697350,67697340,67697360,GATTGGCTGAAAGACAAAATC
chr1,228353824,228353814,228353834,CCTGAACGTGCAGGGCCGGAC
chr4,103184301,103184291,103184311,GGTGAAATCGGTTTTTCTTCC
chr16,46943831,46943821,46943841,AACCCTGGGAACCCCACAGGT
chr5,140903709,140903699,140903719,TGCTTACTTACCTTGACGGGG
chr22,36876814,36876804,36876824,GAGGGGTGGCCACTGACCCTG
chr5,80037359,80037349,80037369,GGAAATCCTACAGAATCAGGT
chr16,1552986,1552976,1552996,CCTCCGGCAGCGCATGGACAT
chr17,80763806,80763796,80763816,CACTCAGGGTCAGAGTGAGCA
chr2,3392373,3392363,3392383,GGCCACCCAGCAGCGCGGCGC
chr17,61781765,61781755,61781775,GAGAAGGTTCGGTGGTAGGGG
chr4,39318576,39318566,39318586,GGACCTTCTCGATTTAAGTAG
chr19,39971519,39971509,39971529,GCGGTGTTCTCGCGCTTGCGA
chr1,29527086,29527076,29527096,AGAGCAAGCCGTGGCTGGGGC
chr1,17322757,17322747,17322767,ACCCGGTTTCGGTAGAGGATG
chr8,22277068,22277058,22277078,TTCCCAGTTCCCTGAGATGAA
chr10,134599332,134599322,134599342,GCGGGCGCCTTGAAGCCGGCC
chr8,145140489,145140479,145140499,GGTAAGCACACAGGCCCCAGA
chr1,1167659,1167649,1167669,CGCGGGCGCCATGAAGCTGCT
chr7,44153236,44153226,44153246,CGGGTGAGTACCGCGTGACAG
chr9,95032219,95032209,95032229,TTCTCCACTCGCACAAACCAG
chr15,52425575,52425565,52425585,ACTCACTGACCGGACACTGTT
chr17,8076848,8076838,8076858,ATCTCCAATCATCATGTTCTA
chr1,150990382,150990372,150990392,CTAGCAAAGGTGGGTAAAAAA
chr11,17167409,17167399,17167419,AGATGATATACCTCGTCATGG
chr5,74055190,74055180,74055200,ATGATAGTACTTACTTAGCTA
