CHROM,POS,ID,REF,ALT,GENEINFO,GENE
1,949523,183381,C,T,ISG15,CYLD
1,1737942,224715,A,T,GNB1,GNB5
1,9777666,578525,C,G,PIK3CD,PIK3CA
1,9777666,578525,C,G,PIK3CD,IGF1R
1,10003561,978238,C,T,NMNAT1,KYNU
1,11174395,417723,A,G,MTOR,FLCN
1,11174395,417723,A,G,MTOR,FGF10
1,12008042,2849163,T,A,PLOD1,PLOD2
1,17349102,1072115,C,T,SDHB,SDHA
1,17349102,1072115,C,T,SDHB,SLC6A3
1,24130889,930617,C,G,HMGCL,AUH
1,43201702,1687613,C,G,CLDN19,CDH3
1,44201971,30587,C,A,ST3GAL3,CHST6
1,45478578,915319,G,C,UROD,ALAD
1,45478578,915319,G,C,UROD,HMBS
1,45478578,915319,G,C,UROD,PPOX
1,53480591,1033966,C,T,SCP2,ACOX1
1,55318045,4367,T,G,DHCR24,LBR
1,63836660,2861045,G,A,ALG6,ALG8
1,63836660,2861045,G,A,ALG6,ALG12
1,63836660,2861045,G,A,ALG6,ALG3
1,64059271,133287,A,T,PGM1,AGL
1,64059271,133287,A,T,PGM1,PYGM
1,70896071,2940,C,G,CTH,PSPH
1,76190473,1428164,A,T,ACADM,MCCC1
1,76190473,1428164,A,T,ACADM,HIBCH
1,92712657,549853,C,A,GLMN,NLRP3
1,100327265,497124,C,T,AGL,PYGL
1,103355079,560981,C,A,COL11A1,COL1A2
1,110091460,31636,G,C,GNAI3,PROK2
1,115256529,280409,T,G,NRAS,TPM3
1,115256529,280409,T,G,NRAS,EPB41
1,119958051,946461,G,A,HSD3B2,HSD17B3
1,120254646,2169478,A,C,PHGDH,PSAT1
1,120293472,827683,G,A,HMGCS2,ACAT1
1,120293472,827683,G,A,HMGCS2,FDPS
1,145507648,1686124,G,A,RBM8A,SNRPE
1,151373804,548958,C,A,PSMB4,VCP
1,154960953,801554,C,T,FLAD1,ENPP1
1,154960953,801554,C,T,FLAD1,TYR
1,155204794,242383,G,A,GBA1,SPTLC1
1,155261571,983093,G,A,PKLR,KCNJ11
1,155287787,217746,G,A,FDPS,HMGCS2
1,155287787,217746,G,A,FDPS,DHDDS
1,160001799,1288,G,C,PIGM,GPAA1
1,160001799,1288,G,C,PIGM,PIGN
1,160001799,1288,G,C,PIGM,PIGT
1,161275734,637791,T,A,MPZ,CNTN2
1,161284196,2055039,A,C,SDHC,PARK7
1,183532585,1377437,C,A,NCF2,CAV3
1,183532585,1377437,C,A,NCF2,PRKCD
1,186863296,9079,T,C,PLA2G4A,PLA2G6
1,186863296,9079,T,C,PLA2G4A,ALOX12B
1,201009500,1451963,G,T,CACNA1S,LMNA
1,207930436,17048,C,T,CD46,CFH
1,207930436,17048,C,T,CD46,VWF
1,220275600,638569,T,C,IARS2,IARS1
1,220275600,638569,T,C,IARS2,HARS1
1,231398517,2675939,C,T,GNPAT,PTDSS1
1,235616401,1007494,C,G,B3GALNT2,POMGNT2
1,237494248,201190,A,G,RYR2,CASQ2
1,240071103,974798,G,A,CHRM3,GCGR
1,240071103,974798,G,A,CHRM3,NR3C1
1,243716231,995385,A,C,AKT3,CTLA4
1,243716231,995385,A,C,AKT3,RET
1,243716231,995385,A,C,AKT3,FGFR2
1,243716231,995385,A,C,AKT3,GSN
1,243716231,995385,A,C,AKT3,CTSK
1,247582131,2691257,G,T,NLRP3,GLMN
2,3691397,30968,T,C,COLEC11,F2
2,16082403,13896,G,T,MYCN,NTRK1
2,25457182,139619,A,G,DNMT3A,AHCY
2,27445462,801658,C,T,CAD,GPT2
2,31147092,190462,G,A,GALNT14,GALNT3
2,32475605,161413,T,G,NLRC4,MEFV
2,49190243,16245,G,A,FSHR,FSHB
2,55867773,587377,C,A,PNPT1,DHODH
2,61244940,1372243,C,T,PEX13,PEX7
2,65561813,1209658,A,G,SPRED2,SPRED1
2,73114865,31917,G,T,SPR,PTS
2,74605125,2499593,A,G,DCTN1,NDE1
2,86276114,626284,G,A,POLR1A,POLR1C
2,88870391,5876,C,T,EIF2AK3,PRNP
2,88999526,928791,G,A,RPIA,FBP1
2,113999247,988652,G,A,PAX8,PPARG
2,128044321,1805744,C,A,ERCC3,ERCC8
2,130912668,691969,C,T,SMPD4,ASAH1
2,136564701,6586,A,T,LCT,GAA
2,136872471,14022,C,A,CXCR4,PAK2
2,138727776,219125,G,A,HNMT,UROC1
2,148705759,1299638,G,C,ORC4,ORC1
2,149216403,2744900,C,T,MBD5,ASXL3
2,158617532,29596,C,G,ACVR1,TNFRSF11B
2,169781229,1410817,G,A,ABCB11,ABCA4
2,169781229,1410817,G,A,ABCB11,ABCB4
2,175614763,18382,C,T,CHRNA1,GABRG2
2,178364389,6647,T,C,AGPS,PEX6
2,189901522,2584502,G,C,COL5A2,COL11A1
2,191073618,208532,C,T,HIBCH,ACADS
2,191746051,618997,C,T,GLS,CA2
2,191746051,618997,C,T,GLS,GLUD1
2,197712670,101081,C,A,PGAP1,GPLD1
2,198570679,193027,C,T,MARS2,RARS1
2,203242213,264650,C,T,BMPR2,BMPR1B
2,203242213,264650,C,T,BMPR2,HJV
2,204801554,2002817,G,A,ICOS,MPZ
2,211438025,2420,C,T,CPS1,ASS1
2,215593694,2583280,C,T,BARD1,BRCA1
2,215593694,2583280,C,T,BARD1,BRCA2
2,215802332,419453,G,A,ABCA12,ABCC6
2,216213967,666360,A,T,ATIC,AMT
2,216240408,16324,A,C,FN1,ITGB4
2,219647020,2772668,A,T,CYP27A1,AKR1D1
2,219647020,2772668,A,T,CYP27A1,SLC27A4
2,219942874,536739,G,A,NHEJ1,LIG4
2,220366625,88691,C,T,GMPPA,DPM2
2,220366625,88691,C,T,GMPPA,PGM3
2,223478611,545642,T,G,FARSB,DARS2
2,225368366,100526,T,C,CUL3,LZTR1
2,227872191,17408,G,T,COL4A4,COL5A2
2,227872191,17408,G,T,COL4A4,COL6A3
2,241808285,204066,G,T,AGXT,FAR1
3,4703764,617623,A,T,ITPR1,GRM1
3,4703764,617623,A,T,ITPR1,ZAP70
3,4703764,617623,A,T,ITPR1,RYR1
3,14190232,190213,C,G,XPC,ERCC3
3,31574528,1686968,C,G,STT3B,ALG6
3,33038803,194596,G,A,GLB1,FUCA1
3,33038803,194596,G,A,GLB1,MANBA
3,38180348,1323304,G,T,MYD88,IRAK4
3,39449169,64671,C,T,RPSA,RPL11
3,41266097,376228,G,A,CTNNB1,CDH1
3,43121591,37207,G,A,POMGNT2,POMT1
3,43121591,37207,G,A,POMGNT2,POMT2
3,49159615,660396,G,A,LAMB2,LAMA1
3,49455083,2765422,C,A,AMT,CA8
3,49455083,2765422,C,A,AMT,DLD
3,49759198,581597,C,T,GMPPB,DPM1
3,49759198,581597,C,T,GMPPB,MPI
3,50293694,15905,C,G,GNAI2,GNAI3
3,50338472,1452834,G,A,HYAL1,IDUA
3,50338472,1452834,G,A,HYAL1,CTNS
3,50402387,1453151,G,A,CACNA2D2,TNNT2
3,55508505,29819,A,G,WNT5A,RAB23
3,58413811,13189,G,A,PDHB,IARS2
3,81586091,2786,C,A,GBE1,GYS2
3,98304477,126445,T,C,CPOX,UROS
3,120347296,1458490,G,T,HGD,TAT
3,123010201,162092,A,T,ADCY5,GNAS
3,123010201,162092,A,T,ADCY5,PTH1R
3,123010201,162092,A,T,ADCY5,LHCGR
3,123010201,162092,A,T,ADCY5,KCNMA1
3,123010201,162092,A,T,ADCY5,PRUNE1
3,126216984,407,G,A,UROC1,ASPA
3,135969219,1067629,T,C,PCCB,DBT
3,136287610,995415,G,A,STAG1,CTCF
3,142215958,41901,C,A,ATR,ATRIP
3,142215958,41901,C,A,ATR,ATM
3,148459198,50207,C,T,AGTR1,GLRB
3,154802027,265743,G,A,MME,CTSA
3,155547693,684759,C,T,SLC33A1,B4GALNT1
3,178916854,376478,G,A,PIK3CA,PIK3CD
3,178916854,376478,G,A,PIK3CA,KIT
3,178916854,376478,G,A,PIK3CA,IGF2
3,178916854,376478,G,A,PIK3CA,NCF2
3,178916854,376478,G,A,PIK3CA,INSR
3,186438006,2578035,T,A,KNG1,SERPINA1
3,186953600,30077,C,T,MASP1,FGB
3,186953600,30077,C,T,MASP1,F5
3,190106120,5929,T,G,CLDN16,OCLN
3,190106120,5929,T,G,CLDN16,NECTIN1
3,195792313,587621,C,A,TFRC,CHMP2B
3,195966465,1032965,C,A,PCYT1A,GNPAT
4,980873,550458,A,C,IDUA,ARSB
4,980873,550458,A,C,IDUA,HYAL1
4,5564697,102432,C,A,EVC2,KIF7
4,15987579,813203,C,T,PROM1,RUNX2
4,26407886,37053,A,G,RBPJ,CR2
4,26407886,37053,A,G,RBPJ,NOTCH1
4,56212532,18408,C,A,SRD5A3,SRD5A2
4,57793760,694373,C,G,REST,SIN3A
4,89442804,222024,A,G,PIGY,PIGV
4,96046133,223155,G,A,BMPR1B,AMHR2
4,96046133,223155,G,A,BMPR1B,PITX2
4,99996194,995827,C,G,ADH5,DBH
4,99996194,995827,C,G,ADH5,TYRP1
4,101947171,1064703,C,A,PPP3CA,CALM2
4,103488145,827719,T,G,NFKB1,NOD2
4,103488145,827719,T,G,NFKB1,LAMB3
4,103556116,2833150,G,T,MANBA,MAN2B1
4,153249385,376414,G,A,FBXW7,UBE3B
4,155488859,16395,T,A,FGB,F7
4,155506947,16410,T,A,FGA,F10
4,155526147,2572634,G,A,FGG,FGA
4,156632362,127095,C,T,GUCY1A1,ACTG2
4,156830059,440855,G,C,TDO2,NMNAT1
4,166259918,222974,T,A,MSMO1,DHCR7
4,175414300,2499675,A,T,HPGD,EYA1
4,175414300,2499675,A,T,HPGD,KMT2A
4,186064638,66011,G,A,SLC25A4,PSEN2
5,218471,8744,A,C,SDHA,SDHC
5,218471,8744,A,C,SDHA,SUCLG1
5,34005932,5524,A,G,AMACR,CYP27A1
5,34005932,5524,A,G,AMACR,CYP7B1
5,34005932,5524,A,G,AMACR,HSD3B7
5,67569789,1452339,C,G,PIK3R1,LAMB1
5,70883352,2676474,C,T,MCCC2,IVD
5,73981179,800874,C,T,HEXB,HEXA
5,74869615,218232,G,A,POLK,POLH
5,79929723,29674,T,A,DHFR,GCH1
5,94803569,31237,C,G,SKIC3,EXOSC3
5,125880712,374140,C,A,ALDH7A1,ALDH3A2
5,125880712,374140,C,A,ALDH7A1,DLAT
5,125880712,374140,C,A,ALDH7A1,GCDH
5,145509705,1048520,T,C,LARS1,PDHB
5,149922489,161410,G,T,NDST1,EXT1
5,176562311,575024,C,A,NSD1,AASS
5,177031251,225691,T,C,B4GALT7,B3GALT6
5,177576716,4282,A,T,NHP2,POT1
6,3105987,598789,C,A,RIPK1,TNFRSF1A
6,3154694,127100,G,C,TUBB2A,TUBA4A
6,3154694,127100,G,C,TUBB2A,TUBB1
6,3154694,127100,G,C,TUBB2A,TUBB2B
6,3225074,39720,C,T,TUBB2B,CLASP1
6,3225074,39720,C,T,TUBB2B,DCTN1
6,6145941,16538,G,A,F13A1,PROC
6,24495542,1070800,C,G,ALDH5A1,L2HGDH
6,26091203,1073981,C,T,HFE,ACVR1
6,32006258,3254748,G,A,CYP21A2,HSD11B2
6,32797242,2734845,G,A,TAP2,ABCA1
6,32815380,2848869,G,A,TAP1,ABCC2
6,32815380,2848869,G,A,TAP1,ABCC8
6,32815380,2848869,G,A,TAP1,ADA
6,42974252,217455,C,T,PPP2R5D,PPP2R1A
6,43484917,635139,G,A,POLR1C,ENTPD1
6,44270127,1685483,C,G,AARS2,YARS2
6,53371799,3958,T,A,GCLC,GSS
6,86181054,29687,C,A,NT5E,NT5C2
6,91261905,974910,T,C,MAP3K7,PSTPIP1
6,129371200,1180611,C,T,LAMA2,MYH3
6,129371200,1180611,C,T,LAMA2,COL4A1
6,129371200,1180611,C,T,LAMA2,LAMC2
6,131894480,2102477,G,T,ARG1,ASL
6,131894480,2102477,G,T,ARG1,NAGS
6,132129383,1699972,A,T,ENPP1,NNT
6,145948687,2734962,C,T,EPM2A,NHLRC1
6,149700405,1454884,C,T,TAB2,PTPN11
6,152163748,16592,C,T,ESR1,FGF9
6,161771237,50354,C,A,PRKN,TRIM37
7,766565,843828,C,T,PRKAR1B,PRKAR1A
7,5567390,495295,T,A,ACTB,ACTG1
7,6426860,445280,G,A,RAC1,CFL2
7,6426860,445280,G,A,RAC1,FLNC
7,25163594,180656,A,G,CYCS,SLC25A4
7,25163594,180656,A,G,CYCS,DLG4
7,25163594,180656,A,G,CYCS,PRPH2
7,25163594,180656,A,G,CYCS,LAMA2
7,25163594,180656,A,G,CYCS,SGCA
7,44104488,2136502,G,A,PGAM2,PFKM
7,45753346,139587,C,T,ADCY1,PDE3A
7,50530987,2136536,C,G,DDC,FTCD
7,55225431,157499,G,A,EGFR,PRKCG
7,65425960,936585,C,T,GUSB,HGSNAT
7,65425960,936585,C,T,GUSB,TYMP
7,65425960,936585,C,T,GUSB,HPSE2
7,65546881,2772590,G,A,ASL,ARG1
7,65546881,2772590,G,A,ASL,CPS1
7,65546881,2772590,G,A,ASL,ACY1
7,94025130,17276,A,G,COL1A2,HSPG2
7,100224453,5384,T,G,TFR2,BMPR1A
7,100410476,1700049,A,G,EPHB4,DCC
7,100850059,1686083,C,T,PLOD3,PLOD1
7,117120149,53423,A,G,CFTR,ATP6V0A2
7,127251731,13794,C,T,PAX4,HNF1B
7,128470793,1361957,G,A,FLNC,FLNB
7,138391446,1344704,T,C,ATP6V0A4,ATP6V1B1
7,141443388,977502,G,A,SSBP1,MSH2
7,146536995,1371355,G,A,CNTNAP2,MAG
7,151188049,376516,T,C,RHEB,RELN
7,151188049,376516,T,C,RHEB,PHKB
7,155595713,8888,G,C,SHH,DHH
7,155595713,8888,G,C,SHH,HHAT
7,155595713,8888,G,C,SHH,PTCH1
7,155595713,8888,G,C,SHH,EVC2
7,156798557,1699254,C,T,MNX1,SLC2A2
8,15605974,449114,G,C,TUSC3,STT3B
8,17916933,94,T,C,ASAH1,SMPD1
8,22265844,242924,T,G,SLC39A14,CP
8,42995725,2942731,C,A,HGSNAT,GUSB
8,48701749,154323,G,A,PRKDC,DCLRE1C
8,48701749,154323,G,A,PRKDC,NHEJ1
8,48874074,37234,A,G,MCM4,TRAIP
8,62415992,137615,G,A,ASPH,CASQ1
8,72123390,1069048,C,A,EYA1,HPGD
8,90949300,530714,G,A,NBN,MRE11
8,90949300,530714,G,A,NBN,BLM
8,110099790,12682,C,T,TRHR,EDNRB
8,120118124,417735,C,G,COLEC10,COLEC11
8,128750625,12576,G,C,MYC,APC
8,128750625,12576,G,C,MYC,MECOM
8,133879293,915466,G,A,TG,TSHR
8,143956413,857403,C,T,CYP11B1,CYP17A1
8,143956413,857403,C,T,CYP11B1,CYP21A2
8,143993962,16879,A,G,CYP11B2,CYP19A1
9,5073742,14663,G,C,JAK2,PRLR
9,6533094,575166,G,A,GLDC,AGXT
9,6533094,575166,G,A,GLDC,PHGDH
9,32488037,189344,T,G,RIGI,ADAR
9,33135256,998093,G,C,B4GALT1,ST3GAL3
9,33135256,998093,G,C,B4GALT1,ALG9
9,34657328,30139,C,T,IL11RA,LIFR
9,35090065,2732848,G,A,PIGO,PIGL
9,71628787,162394,G,C,PRKACG,AQP2
9,71628787,162394,G,C,PRKACG,FSHR
9,71628787,162394,G,C,PRKACG,ATP6V0A4
9,71628787,162394,G,C,PRKACG,SMARCA2
9,86585076,2573160,C,T,HNRNPK,RBM8A
9,86585076,2573160,C,T,HNRNPK,SF3B4
9,93978389,9057,C,T,AUH,ACADM
9,97365799,1803969,C,T,FBP1,KHK
9,98212121,844500,A,C,PTCH1,LRP2
9,99003059,4881,C,T,HSD17B3,HSD3B2
9,101891269,520223,T,G,TGFBR1,TGFBR2
9,101980715,1676197,C,A,ALG2,DPAGT1
9,107549221,9494,G,A,ABCA1,ABCA12
9,116151368,16866,C,T,ALAD,FECH
9,116151368,16866,C,T,ALAD,UROD
9,123812470,17050,G,A,C5,SNRPB
9,124073097,16180,G,A,GSN,DNM1L
9,133748270,12628,T,C,ABL1,SGCG
9,139399475,1279937,C,T,NOTCH1,NOTCH3
9,139568358,6627,A,G,AGPAT2,PCYT1A
9,139981623,816942,G,T,MAN1B1,MOGS
10,5034053,30066,T,G,AKR1C2,CYP1B1
10,14950841,2506241,G,A,DCLRE1C,XRCC4
10,14950841,2506241,G,A,DCLRE1C,RAG1
10,15686209,126500,C,T,ITGA8,COL2A1
10,43595944,599630,G,A,RET,TFG
10,73765683,2083760,T,A,CHST3,CHSY1
10,73765683,2083760,T,A,CHST3,DSE
10,79741938,1030186,G,A,POLR3A,POLR1B
10,88813149,1072420,T,C,GLUD1,ADSL
10,89468953,3012764,G,T,PAPSS2,AK2
10,90762865,580709,T,A,FAS,FASLG
10,90762865,580709,T,A,FAS,SH3BP2
10,90974718,1070183,A,C,LIPA,CYP27B1
10,104590605,2681104,G,A,CYP17A1,CYP11B1
10,104850414,1685994,A,G,NT5C2,NT5E
10,104850414,1685994,A,G,NT5C2,PNP
10,104850414,1685994,A,G,NT5C2,APRT
10,112335102,217799,T,C,SMC3,ESCO2
10,112335102,217799,T,C,SMC3,NIPBL
10,135179546,1691714,A,G,ECHS1,HADH
10,135179546,1691714,A,G,ECHS1,OGDH
11,532740,1327492,A,G,HRAS,NRAS
11,1774823,17574,C,G,CTSD,ESR1
11,1774823,17574,C,G,CTSD,SUMF1
11,2182047,931331,G,A,INS,HSPD1
11,33731793,64690,C,T,CD59,GP9
11,36595278,626157,C,T,RAG1,AIRE
11,46334170,982569,C,T,CREB3L1,CREBBP
11,46334170,982569,C,T,CREB3L1,CYP11B2
11,46889658,5688,G,C,LRP4,LRP5
11,47290147,226296,G,A,NR1H3,APOA1
11,47442253,1804031,G,A,PSMC3,APP
11,57365055,3956,C,T,SERPING1,F11
11,61727034,1804163,T,G,FTH1,FTL
11,62383998,978467,G,A,B3GAT3,XYLT1
11,62396665,590350,C,G,GANAB,MGAT2
11,64031564,1686865,G,T,PLCB3,KISS1
11,64031564,1686865,G,T,PLCB3,TSHB
11,64031564,1686865,G,T,PLCB3,CHRM3
11,66113561,1252009,C,A,B4GAT1,FKRP
11,67047337,1184830,C,T,GRK2,LDLRAP1
11,67809303,938825,G,A,TCIRG1,GNPTAB
11,68527709,9069,C,T,CPT1A,CPT1C
11,68527709,9069,C,T,CPT1A,CPT2
11,71146445,1999612,G,C,DHCR7,DHCR24
11,71146445,1999612,G,C,DHCR7,SC5D
11,77784181,813295,T,A,NDUFC2,TARDBP
11,86662548,5486,C,T,FZD4,WNT5A
11,88911182,3793,C,T,TYR,FLAD1
11,94163150,1800260,C,T,MRE11,HERC2
11,94163150,1800260,C,T,MRE11,NBN
11,95569314,623390,G,A,MTMR2,ACP5
11,107992334,2867418,A,C,ACAT1,MVK
11,111957632,6911,A,G,SDHD,SDHB
11,111957632,6911,A,G,SDHD,FH
11,112097167,1067348,A,G,PTS,SPR
11,118967880,3233256,T,A,DPAGT1,ALG1
11,118967880,3233256,T,A,DPAGT1,ALG11
12,6442542,267318,G,A,TNFRSF1A,NEFL
12,7173830,267349,T,C,C1S,C1R
12,7173830,267349,T,C,C1S,SERPING1
12,7173830,267349,T,C,C1S,F13B
12,7189381,375582,A,G,C1R,C1S
12,7343049,2034747,C,T,PEX5,PEX10
12,9070373,1332797,C,T,PHC1,ASXL1
12,12279844,2572177,C,A,LRP6,LRP4
12,13717417,956942,G,A,GRIN2B,PDYN
12,13717417,956942,G,A,GRIN2B,ALS2
12,21699380,16055,A,G,GYS2,GBE1
12,21699380,16055,A,G,GYS2,GYG1
12,25362828,12595,G,C,KRAS,HRAS
12,25362828,12595,G,C,KRAS,RASA1
12,25362828,12595,G,C,KRAS,CUL3
12,25362828,12595,G,C,KRAS,FGFR3
12,26553099,189316,C,T,ITPR2,ITPR1
12,26553099,189316,C,T,ITPR2,SPTBN2
12,44162002,533523,G,T,IRAK4,MYD88
12,48524176,1157,G,T,PFKM,ALDOA
12,48524176,1157,G,T,PFKM,PKLR
12,48524176,1157,G,T,PFKM,TALDO1
12,49360054,7630,G,A,WNT10B,WNT7A
12,49483829,1685695,A,G,DHH,IHH
12,49483829,1685695,A,G,DHH,SHH
12,49483829,1685695,A,G,DHH,CDON
12,49483829,1685695,A,G,DHH,GLI3
12,50344616,998050,G,T,AQP2,AVP
12,51386074,9076,G,A,SLC11A2,SLC39A14
12,51386074,9076,G,A,SLC11A2,TF
12,52377883,1174607,G,A,ACVR1B,SMAD4
12,56086923,9050,A,G,ITGA7,FN1
12,56740271,578415,G,A,STAT2,STAT1
12,57905819,68464,T,C,MARS1,CBS
12,58145430,16929,C,T,CDK4,RB1
12,58159871,380287,C,T,CYP27B1,LIPA
12,65113923,1360836,G,A,GNS,GALNS
12,106763369,1184080,G,T,POLR3B,POLR1A
12,109541300,578381,C,T,UNG,MUTYH
12,110011199,1173989,A,T,MVK,HMGCS1
12,110719662,17789,G,A,ATP2A2,ELN
12,110719662,17789,G,A,ATP2A2,TPM2
12,112884189,40482,A,G,PTPN11,MAP3K7
12,121163691,2709405,G,A,ACADS,ACAD8
12,122064924,1283,C,T,ORAI1,STIM1
12,122284825,1574,A,C,HPD,HGD
12,122717464,374985,G,A,VPS33A,TECPR2
12,124106388,217278,G,C,EIF2B1,EIF2B3
12,133218232,1049789,C,T,POLE,RFC1
13,22246235,444874,A,G,FGF9,FGF3
13,28197137,31051,T,G,POLR1D,POLR3A
13,28498518,8865,G,A,PDX1,NEUROG3
13,28592637,375969,G,C,FLT3,JUP
13,37393817,208152,T,A,RFXAP,RFX5
13,43180696,6974,T,A,TNFSF11,WNT4
13,48877851,13086,G,A,RB1,RAF1
13,52586581,2898658,C,A,ALG11,ALG14
13,96205009,438638,T,C,CLDN10,CLDN19
13,111077299,560985,G,C,COL4A2,COL1A1
13,111077299,560985,G,C,COL4A2,COL3A1
14,23863473,14150,G,A,MYH6,MYH7
14,23883056,14117,T,A,MYH7,MYH9
14,23883056,14117,T,A,MYH7,SGCB
14,35182668,8160,C,T,CFL2,DIAPH1
14,39536460,1228,A,G,SEC23A,SAR1B
14,39536460,1228,A,G,SEC23A,SEC24D
14,54417385,29616,G,A,BMP4,GDF5
14,54417385,29616,G,A,BMP4,NOG
14,55310737,2925514,A,G,GCH1,ALPL
14,55310737,2925514,A,G,GCH1,DHFR
14,55310737,2925514,A,G,GCH1,QDPR
14,65543357,232919,G,T,MAX,TP53
14,65543357,232919,G,T,MAX,COL4A4
14,73637653,18157,C,T,PSEN1,APOE
14,74754543,2728334,G,A,ABCD4,ABCC9
14,77743729,3230,C,G,POMT2,B3GALNT2
14,90459764,3424,A,G,TDP1,PNKP
14,90870723,2100843,G,T,CALM1,PHKG2
14,90870723,2100843,G,T,CALM1,KCNJ5
14,90870723,2100843,G,T,CALM1,CNGA3
14,102843092,1071213,G,T,TECPR2,EPG5
14,105237142,40163,T,G,AKT1,AKT3
14,105237142,40163,T,G,AKT1,PTEN
14,105237142,40163,T,G,AKT1,ERBB4
15,26806172,2947142,G,C,GABRB3,GABRA1
15,28386993,931703,C,T,HERC2,ITCH
15,38545389,854050,G,A,SPRED1,NF1
15,40698173,2837791,G,C,IVD,HMGCL
15,40939223,39707,G,A,KNL1,MAD1L1
15,45660314,2446450,C,T,GATM,GAMT
15,45660314,2446450,C,T,GATM,PRODH
15,50782640,161992,T,C,USP8,POMC
15,65295576,39830,G,A,MTFMT,MTHFR
15,66727442,13350,T,C,MAP2K1,PDE3B
15,72636471,2137728,G,A,HEXA,HEXB
15,72636471,2137728,G,A,HEXA,NAGA
15,72636471,2137728,G,A,HEXA,AGA
15,72636471,2137728,G,A,HEXA,GBA1
15,72636471,2137728,G,A,HEXA,GNE
15,74967305,372218,A,G,EDC3,SKIC3
15,75182894,2769293,C,T,MPI,PMM2
15,75182894,2769293,C,T,MPI,CYB5R3
15,80445397,372766,A,G,FAH,HPD
15,101425470,1803003,A,G,ALDH1A3,TH
15,101718386,30714,G,C,CHSY1,CHST3
16,1552986,1686256,C,T,TELO2,MTOR
16,1552986,1686256,C,T,TELO2,DEPDC5
16,2098642,65313,C,G,TSC2,STK11
16,2098642,65313,C,G,TSC2,STRADA
16,5121861,2816535,C,A,ALG1,ALG2
16,8891573,656718,G,T,PMM2,GMPPB
16,14576520,2936222,G,A,PARN,TERC
16,17211598,1977942,C,T,XYLT1,B4GALT7
16,23364349,1341532,C,A,SCNN1B,CACNA1A
16,28488958,1076288,T,G,CLN3,SCARB2
16,28890835,1323806,G,A,ATP2A1,ATP2A2
16,30080145,18177,A,G,ALDOA,TPI1
16,30097546,100633,T,A,TBX6,LFNG
16,66547641,1686261,G,A,TK2,XDH
16,67470018,12094,C,T,HSD11B2,CYP11A1
16,68771319,532457,A,G,CDH1,MITF
16,69353434,996555,G,A,VPS4A,DNAJC6
16,71602163,404,G,A,TAT,FAH
16,71602163,404,G,A,TAT,DDC
16,71602163,404,G,A,TAT,PAH
16,81953154,39696,C,A,PLCG2,EGFR
16,83932751,2705148,T,C,MLYCD,PCCB
16,88876106,988026,T,A,APRT,PDE6D
16,88880928,2989688,C,T,GALNS,GLB1
16,88880928,2989688,C,T,GALNS,CTSC
16,90001436,975630,G,A,TUBB3,TUBB4A
17,4859870,1285634,G,A,ENO3,LDHA
17,7357618,1435639,G,T,CHRNB1,GABBR2
17,7573976,2431091,T,A,TP53,MYCN
17,7573976,2431091,T,A,TP53,RARB
17,10310241,14136,C,T,MYH8,SGCD
17,19552334,816625,C,A,ALDH3A2,ALDH7A1
17,19552334,816625,C,A,ALDH3A2,NSD1
17,19552334,816625,C,A,ALDH3A2,MMUT
17,30267506,1686240,G,A,SUZ12,EZH2
17,30267506,1686240,G,A,SUZ12,EHMT1
17,33428320,410552,C,T,RAD51D,RAD51
17,36047397,635574,T,A,HNF1B,MNX1
17,36047397,635574,T,A,HNF1B,PAX6
17,38450640,30271,C,G,CDC6,RECQL4
17,38450640,30271,C,G,CDC6,CDKN1C
17,38787122,957528,G,A,SMARCE1,ARID1A
17,39913674,1363212,C,T,JUP,GJA1
17,40359588,1394582,C,A,STAT5B,JAK3
17,40359588,1394582,C,A,STAT5B,GHR
17,40359588,1394582,C,A,STAT5B,LEP
17,40359588,1394582,C,A,STAT5B,LEPR
17,40468917,224848,G,A,STAT3,CHRNB2
17,40468917,224848,G,A,STAT3,IL12RB1
17,40688291,488848,A,G,NAGLU,NPC2
17,41052947,1682476,C,A,G6PC1,GCK
17,41197728,55630,G,C,BRCA1,RHOBTB2
17,41197728,55630,G,C,BRCA1,STUB1
17,42636700,617609,G,A,FZD2,ROR2
17,45000574,1410870,C,T,GOSR2,STX11
17,45331258,953028,T,C,ITGB3,ITGA2B
17,45331258,953028,T,C,ITGB3,AGRN
17,48262867,17332,A,G,COL1A1,COL11A2
17,56350118,995959,C,T,MPO,ELANE
17,57105977,56567,G,A,TRIM37,HERC1
17,61781765,536756,G,A,STRADA,TSC1
17,61994697,15983,C,T,GH1,MPL
17,63526160,1199175,C,T,AXIN2,APPL1
17,67249934,139604,C,G,ABCA5,ABCB11
17,73748303,3256594,G,C,GALK1,GFPT1
17,73945297,2501787,C,T,ACOX1,HADHA
17,78078351,371622,C,A,GAA,SI
17,78078351,371622,C,A,GAA,AP4B1
17,79477735,18320,A,G,ACTG1,WIPF1
17,79477735,18320,A,G,ACTG1,DAG1
17,79477735,18320,A,G,ACTG1,CDC42
17,79477735,18320,A,G,ACTG1,TTN
17,79862941,3024149,C,T,PCYT2,LCAT
17,79892202,13190,C,T,PYCR1,ALDH18A1
17,79990663,425149,G,A,RAC3,HSPB1
18,20581745,30408,T,G,RBBP8,WRN
18,29104430,3256533,T,A,DSG2,DSP
18,48573537,2840181,G,T,SMAD4,SMAD3
19,1397492,2503890,G,A,GAMT,OAT
19,2324172,996070,C,T,LSM7,PNPT1
19,3110171,1285379,C,T,GNA11,TRHR
19,3653452,4615,C,T,PIP5K1C,INPPL1
19,4110556,177868,T,C,MAP2K2,BRAF
19,6495346,267792,C,T,TUBB4A,TUBB3
19,10463761,1703748,A,G,TYK2,STAT3
19,10904505,7282,G,A,DNM2,DNM1
19,11096069,1422718,C,T,SMARCA4,ARID1B
19,12758083,962313,C,A,MAN2B1,NEU1
19,14675653,30810,C,T,TECR,ELOVL5
19,15271707,224882,G,T,NOTCH3,NOTCH2
19,15271707,224882,G,T,NOTCH3,ADAM17
19,18273784,39808,G,A,PIK3R2,PIK3R1
19,34856185,13647,C,T,GPI,DPM3
19,34856185,13647,C,T,GPI,GMPPA
19,34856185,13647,C,T,GPI,ALDOB
19,40762959,29804,C,T,AKT2,FGFR1
19,40762959,29804,C,T,AKT2,FGF23
19,40762959,29804,C,T,AKT2,KIDINS220
19,41105307,1323255,G,A,LTBP4,FBN1
19,41848114,12528,A,G,TGFB1,SLC2A1
19,41848114,12528,A,G,TGFB1,TGFB2
19,41848114,12528,A,G,TGFB1,PLG
19,42471400,1059801,C,T,ATP1A3,ATP1A2
19,47111841,409871,A,C,CALM3,MCOLN1
19,47111841,409871,A,C,CALM3,GNAL
19,47258708,1072163,A,C,FKRP,FKTN
19,47349359,39425,C,A,AP2S1,LDLR
19,50195618,189198,C,T,CPT1C,CPT1A
19,50411893,4752,T,G,NUP62,RANBP2
19,52715971,190313,C,T,PPP2R1A,PPP2R5D
19,54385855,1298291,A,G,PRKCG,TACR3
19,54385855,1298291,A,G,PRKCG,GRID2
19,54621659,3235232,A,G,PRPF31,EFTUD2
20,3870181,2634258,C,A,PANK2,COASY
20,4680171,13395,C,T,PRNP,KIF5A
20,4680171,13395,C,T,PRNP,CACNA1S
20,4680171,13395,C,T,PRNP,C5
20,8770867,433139,C,T,PLCB1,CASR
20,9364980,209128,A,C,PLCB4,NPR2
20,23028933,29903,C,A,THBD,PROS1
20,23028933,29903,C,A,THBD,SERPINC1
20,32878654,2692385,C,T,AHCY,DNMT3A
20,42984264,1299750,G,A,HNF4A,NEUROD1
20,44520206,1456631,A,G,CTSA,REN
20,44640376,1030865,C,A,MMP9,ZEB1
20,44750988,17749,T,C,CD40,CXCR4
20,44750988,17749,T,C,CD40,TPO
20,45003874,1705510,C,A,ELMO2,RAC1
20,47990569,828102,C,A,KCNB1,SCNN1A
20,47990569,828102,C,A,KCNB1,SCNN1B
20,56137919,2502278,T,C,PCK1,PC
20,56137919,2502278,T,C,PCK1,ATP1A3
20,57466784,1332852,G,T,GNAS,ADCY5
20,57466784,1332852,G,T,GNAS,CFTR
20,57598800,586965,C,G,TUBB1,TUBA1A
20,61981912,17500,G,A,CHRNA4,CHRNG
21,33032092,2138372,A,G,SOD1,EIF2AK3
21,44478325,1073191,G,T,CBS,GLDC
21,46309189,100748,A,G,ITGB2,CNTNAP2
22,22123608,917749,G,C,MAPK1,CAV1
22,22123608,917749,G,C,MAPK1,COMP
22,24898187,1702976,T,G,UPB1,PANK2
22,24898187,1702976,T,G,UPB1,TK2
22,37535259,545515,G,A,IL2RB,WT1
22,38508510,2709169,C,G,PLA2G6,CYP2U1
22,38508510,2709169,C,G,PLA2G6,GUCY1A1
22,39621728,75241,C,G,PDGFB,TGFB1
22,39621728,75241,C,G,PDGFB,VHL
22,39621728,75241,C,G,PDGFB,PDGFRB
22,41513680,861851,C,A,EP300,AUTS2
22,42456982,2725305,A,C,NAGA,PSAP
22,42482309,487478,C,A,NDUFA6,ATP5F1A
22,42482309,487478,C,A,NDUFA6,ATP5ME
22,46326986,1299462,C,T,WNT7B,WNT10A
22,50297711,3438,G,C,ALG12,RFT1
