CHROM,POS,ID,REF,ALT,GENEINFO,ORPHACODE,INHERITANCE
4,1806104,16330,G,T,FGFR3,15,AD
4,1805658,2664079,C,G,FGFR3,15,AD
15,66727442,13350,T,C,MAP2K1,15,AD
7,138391446,1344704,T,C,ATP6V0A4,18,AD
2,71185243,12228,T,C,ATP6V1B1,18,AD
7,117120149,53423,A,G,CFTR,18,AD
1,154557469,14820,A,G,ADAR,41,AD
1,154557734,2023208,A,T,ADAR,41,AD
8,42146209,1357742,C,T,IKBKB,41,AD
1,154571033,126560,G,A,ADAR,51,AD
1,154558656,1184494,C,T,ADAR,51,AD
8,42146209,1357742,C,T,IKBKB,51,AD
2,227872823,1342006,G,A,COL4A4,63,AD
2,227872191,17408,G,T,COL4A4,63,AD
10,89624227,484600,A,G,PTEN,63,AD
1,10003561,978238,C,T,NMNAT1,65,AD
1,10032132,978252,A,G,NMNAT1,65,AD
2,143685263,978270,G,C,KYNU,65,AD
1,173873056,2202883,C,G,SERPINC1,82,AD
1,173873040,18031,G,A,SERPINC1,82,AD
4,155526147,2572634,G,A,FGG,82,AD
10,123276856,1066784,G,A,FGFR2,87,AD
10,123276979,1685821,T,G,FGFR2,87,AD
3,178916854,376478,G,A,PIK3CA,87,AD
19,13323018,583270,G,A,CACNA1A,97,AD
19,13320281,1075147,G,T,CACNA1A,97,AD
20,57466784,1332852,G,T,GNAS,97,AD
8,72123405,459253,G,A,EYA1,107,AD
8,72123390,1069048,C,A,EYA1,107,AD
4,175414300,2499675,A,T,HPGD,107,AD
5,176637216,454044,A,T,NSD1,116,AD
5,176562311,575024,C,A,NSD1,116,AD
17,19552334,816625,C,A,ALDH3A2,116,AD
17,17117156,2578475,A,G,FLCN,122,AD
17,17118298,2578474,C,A,FLCN,122,AD
16,1552986,1686256,C,T,TELO2,122,AD
1,24019213,1069986,G,T,RPL11,124,AD
1,24018321,1751021,T,C,RPL11,124,AD
8,56985758,981187,A,C,RPS20,124,AD
19,15290969,975941,A,G,NOTCH3,136,AD
19,15291038,1807354,C,A,NOTCH3,136,AD
9,139399475,1279937,C,T,NOTCH1,136,AD
2,47630362,2673384,T,A,MSH2,144,AD
2,47630358,91055,C,T,MSH2,144,AD
7,6013143,1791841,C,A,PMS2,144,AD
1,201334426,43627,G,A,TNNT2,145,AD
2,55895068,3233882,A,C,PNPT1,145,AD
9,133577618,446203,G,A,EXOSC2,145,AD
19,49468601,96691,C,T,FTL,163,AD
19,49468604,1321316,C,G,FTL,163,AD
11,61727034,1804163,T,G,FTH1,163,AD
4,2833300,7550,G,C,SH3BP2,184,AD
4,2833300,7551,G,A,SH3BP2,184,AD
3,12626123,13960,G,C,RAF1,184,AD
5,36953801,159103,G,T,NIPBL,199,AD
5,36953863,159191,G,A,NIPBL,199,AD
3,136287610,995415,G,A,STAG1,199,AD
3,178917478,156446,G,A,PIK3CA,201,AD
3,178917528,156447,G,A,PIK3CA,201,AD
1,9777666,578525,C,G,PIK3CD,201,AD
10,123276891,13275,G,C,FGFR2,207,AD
10,123276856,13265,G,C,FGFR2,207,AD
3,178916854,376478,G,A,PIK3CA,207,AD
16,50811826,267232,C,A,CYLD,211,AD
16,50813764,267233,C,T,CYLD,211,AD
1,949523,183381,C,T,ISG15,211,AD
3,50230572,15926,G,A,GNAT1,215,AD
1,94508386,438093,C,A,ABCA4,215,AD
10,101567988,8414,T,A,ABCC2,215,AD
12,110729927,17790,C,T,ATP2A2,218,AD
12,110719662,17789,G,A,ATP2A2,218,AD
7,73442518,2735031,A,G,ELN,218,AD
12,50344616,998050,G,T,AQP2,223,AD
12,50344677,17838,C,G,AQP2,223,AD
20,57466784,1332852,G,T,GNAS,223,AD
12,49483829,1685695,A,G,DHH,242,AD
12,49484948,561189,G,C,DHH,242,AD
2,219922163,8871,A,G,IHH,242,AD
2,49190405,16251,G,T,FSHR,243,AD
2,49190243,16245,G,A,FSHR,243,AD
7,45753346,139587,C,T,ADCY1,243,AD
1,149895814,65407,G,A,SF3B4,245,AD
1,149897727,31653,C,T,SF3B4,245,AD
2,96953697,39746,C,A,SNRNP200,245,AD
1,156084725,14477,C,T,LMNA,261,AD
1,156104620,14492,C,T,LMNA,261,AD
12,110719662,17789,G,A,ATP2A2,261,AD
3,128780652,13533,T,C,GP9,274,AD
3,128780794,13531,T,C,GP9,274,AD
3,154802027,265743,G,A,MME,274,AD
2,189839245,101435,G,A,COL3A1,286,AD
2,189849523,1810751,T,G,COL3A1,286,AD
3,128780652,13533,T,C,GP9,286,AD
2,189912990,518427,T,C,COL5A2,287,AD
2,189901522,2584502,G,C,COL5A2,287,AD
17,48262867,17332,A,G,COL1A1,287,AD
1,29320002,16715,T,C,EPB41,288,AD
1,29320002,16714,T,G,EPB41,288,AD
7,5567390,495295,T,A,ACTB,288,AD
2,215845332,2858,C,T,ABCA12,313,AD
1,43232411,635408,G,A,P3H1,313,AD
6,32815380,2848869,G,A,TAP1,313,AD
8,118816963,946511,G,A,EXT1,321,AD
8,118812088,526307,G,A,EXT1,321,AD
5,149922489,161410,G,T,NDST1,321,AD
13,113765165,1691295,G,C,F7,327,AD
13,113771142,1322860,C,T,F7,327,AD
4,110667659,2577424,C,T,CFI,327,AD
4,187195347,11891,G,T,F11,329,AD
4,187195269,371555,G,A,F11,329,AD
1,169483622,3339457,G,A,F5,329,AD
4,155488933,800648,T,C,FGB,335,AD
4,155488859,16395,T,A,FGB,335,AD
8,120118124,417735,C,G,COLEC10,335,AD
2,158617532,29596,C,G,ACVR1,337,AD
2,158617589,18310,C,T,ACVR1,337,AD
7,100224453,5384,T,G,TFR2,337,AD
16,3293447,2550,C,T,MEFV,342,AD
16,3293447,36507,C,G,MEFV,342,AD
17,5487048,50316,A,G,NLRP1,342,AD
11,32413512,3486,A,T,WT1,347,AD
11,32413513,3493,C,T,WT1,347,AD
22,37535259,545515,G,A,IL2RB,347,AD
20,4680171,13395,C,T,PRNP,356,AD
20,4680180,13404,C,T,PRNP,356,AD
2,88870391,5876,C,T,EIF2AK3,356,AD
9,98212205,948335,A,C,PTCH1,377,AD
9,98212121,844500,A,C,PTCH1,377,AD
2,170034511,9455,G,A,LRP2,377,AD
7,42004164,1381542,G,A,GLI3,380,AD
7,42004317,2060428,G,A,GLI3,380,AD
15,90172318,2157762,G,A,KIF7,380,AD
10,43597990,13925,C,T,RET,388,AD
10,43595944,599630,G,A,RET,388,AD
1,243716231,995385,A,C,AKT3,388,AD
3,121973038,2203412,T,G,CASR,405,AD
3,121973106,2171040,C,T,CASR,405,AD
20,9364980,209128,A,C,PLCB4,405,AD
19,45411788,17852,A,G,APOE,412,AD
19,11238682,972903,A,G,LDLR,412,AD
10,90762865,580709,T,A,FAS,412,AD
1,201009500,1451963,G,T,CACNA1S,423,AD
1,201009753,2162033,G,T,CACNA1S,423,AD
20,4680171,13395,C,T,PRNP,423,AD
14,81609693,6457,G,A,TSHR,424,AD
14,81606172,6452,G,A,TSHR,424,AD
1,115576077,12685,G,T,TSHB,424,AD
9,107550750,9502,A,G,ABCA1,425,AD
11,116706762,17916,G,C,APOA1,425,AD
2,169781229,1410817,G,A,ABCB11,425,AD
3,121980543,3068868,C,T,CASR,428,AD
3,122002611,8350,G,A,CASR,428,AD
20,9364980,209128,A,C,PLCB4,428,AD
4,1803657,16356,A,T,FGFR3,429,AD
4,1803655,16357,A,G,FGFR3,429,AD
15,66727442,13350,T,C,MAP2K1,429,AD
1,204159690,30349,G,C,KISS1,432,AD
2,5833104,3251954,G,A,SOX11,432,AD
19,54385855,1298291,A,G,PRKCG,432,AD
1,21890573,2202713,A,G,ALPL,436,AD
1,21890619,1073912,G,A,ALPL,436,AD
14,55310737,2925514,A,G,GCH1,436,AD
4,104512672,14026,G,A,TACR3,478,AD
3,71830739,156561,C,T,PROK2,478,AD
3,50293694,15905,C,G,GNAI2,478,AD
12,48380228,17369,T,C,COL2A1,485,AD
12,48379690,17376,C,T,COL2A1,485,AD
2,160982927,180685,G,A,ITGB6,485,AD
3,12627244,21342,G,A,RAF1,500,AD
3,12645693,44633,G,T,RAF1,500,AD
13,48877851,13086,G,A,RB1,500,AD
3,58083639,432006,G,A,FLNB,503,AD
3,58067395,6405,G,A,FLNB,503,AD
3,50681853,254177,T,C,MAPKAPK3,503,AD
1,241667387,393577,C,A,FH,523,AD
1,241665769,208375,C,A,FH,523,AD
1,161284196,2055039,A,C,SDHC,523,AD
17,7573987,43587,G,T,TP53,524,AD
17,7573976,2431091,T,A,TP53,524,AD
2,16082403,13896,G,T,MYCN,524,AD
16,23391895,8830,C,T,SCNN1B,526,AD
16,23392046,8837,C,G,SCNN1B,526,AD
12,6458573,992425,T,C,SCNN1A,526,AD
2,182543279,218145,G,C,NEUROD1,552,AD
3,57272139,208075,G,A,APPL1,552,AD
15,66727442,13350,T,C,MAP2K1,552,AD
3,30713598,12505,T,C,TGFBR2,558,AD
3,30713506,263412,G,T,TGFBR2,558,AD
18,48573537,2840181,G,T,SMAD4,558,AD
1,160097494,12922,G,A,ATP1A2,569,AD
1,160094161,222078,G,A,ATP1A2,569,AD
5,482805,986310,T,C,SLC9A3,569,AD
1,247588456,4375,G,C,NLRP3,575,AD
1,247587682,97987,G,A,NLRP3,575,AD
1,92712657,549853,C,A,GLMN,575,AD
1,957748,3255595,C,A,AGRN,590,AD
1,976962,126556,C,T,AGRN,590,AD
17,48152962,35571,G,A,ITGA3,590,AD
19,38948794,242414,C,T,RYR1,597,AD
19,38939032,620584,C,T,RYR1,597,AD
20,4680171,13395,C,T,PRNP,597,AD
2,179425041,870629,A,T,TTN,598,AD
19,38985234,936942,C,T,RYR1,598,AD
20,4680171,13395,C,T,PRNP,598,AD
9,36218221,6035,G,A,GNE,602,AD
9,36218225,3241709,C,T,GNE,602,AD
5,73981179,800874,C,T,HEXB,602,AD
2,238234312,1452162,C,T,COL6A3,610,AD
2,238249278,938749,G,A,COL6A3,610,AD
21,47401822,649269,C,T,COL6A1,610,AD
7,124467339,1395307,G,A,POT1,618,AD
7,124464052,139526,C,G,POT1,618,AD
15,34634264,4279,G,A,NOP10,618,AD
17,29422055,1404731,A,G,NF1,636,AD
17,29422056,1379698,G,C,NF1,636,AD
1,115256529,280409,T,G,NRAS,636,AD
17,29541604,503701,G,A,NF1,638,AD
17,29528489,404597,C,T,NF1,638,AD
1,115256529,280409,T,G,NRAS,638,AD
1,115256532,13903,C,T,NRAS,648,AD
1,115258681,39647,G,A,NRAS,648,AD
5,86564633,952905,C,A,RASA1,648,AD
10,43596088,2698901,G,A,RET,653,AD
10,43596062,1069381,C,T,RET,653,AD
1,243716231,995385,A,C,AKT3,653,AD
7,42004590,2953926,C,A,GLI3,672,AD
7,42004173,566915,C,A,GLI3,672,AD
15,90172318,2157762,G,A,KIF7,672,AD
1,201019586,2174972,C,T,CACNA1S,681,AD
1,201020200,641633,G,T,CACNA1S,681,AD
20,4680171,13395,C,T,PRNP,681,AD
11,31814985,1434660,C,G,PAX6,708,AD
11,31812410,3468,T,C,PAX6,708,AD
11,2182047,931331,G,A,INS,708,AD
8,38275745,463529,C,T,FGFR1,710,AD
8,38273417,16296,G,A,FGFR1,710,AD
10,123246937,2735492,C,T,FGFR2,710,AD
5,112102953,181831,T,A,APC,733,AD
5,112102954,1697514,G,A,APC,733,AD
3,41266097,376228,G,A,CTNNB1,733,AD
15,28386993,931703,C,T,HERC2,739,AD
15,23889996,1685934,C,T,MAGEL2,739,AD
11,94163150,1800260,C,T,MRE11,739,AD
1,156107455,66858,T,C,LMNA,740,AD
1,156100484,14502,G,A,LMNA,740,AD
12,110719662,17789,G,A,ATP2A2,740,AD
2,128177524,2700349,G,A,PROC,745,AD
2,128176001,678,T,C,PROC,745,AD
1,169483622,3339457,G,A,F5,745,AD
19,18895866,40994,G,C,COMP,750,AD
19,18895866,40995,G,A,COMP,750,AD
8,128750625,12576,G,C,MYC,750,AD
2,225368368,100525,C,G,CUL3,757,AD
2,225368366,100526,T,C,CUL3,757,AD
22,21336663,3238279,G,A,LZTR1,757,AD
4,111539698,8088,C,T,PITX2,782,AD
4,111539449,375442,A,T,PITX2,782,AD
15,67358646,213797,G,T,SMAD3,782,AD
16,3778821,2850263,G,T,CREBBP,783,AD
16,3778741,2819259,G,A,CREBBP,783,AD
11,46334170,982569,C,T,CREB3L1,783,AD
5,142661470,16155,A,G,NR3C1,786,AD
5,142661547,16152,A,C,NR3C1,786,AD
8,27321071,522582,T,A,CHRNA2,786,AD
13,48878103,1748565,G,T,RB1,790,AD
13,48878136,3237021,G,T,RB1,790,AD
12,58145430,16929,C,T,CDK4,790,AD
1,26764704,1214981,C,T,DHDDS,791,AD
1,26764719,30709,A,G,DHDDS,791,AD
5,43292710,2580362,A,G,HMGCS1,791,AD
7,155596390,931342,C,T,SHH,799,AD
2,45169628,30380,G,T,SIX3,799,AD
12,49483829,1685695,A,G,DHH,799,AD
2,212288966,64625,C,T,ERBB4,803,AD
2,220115201,180184,C,T,TUBA4A,803,AD
3,178916854,376478,G,A,PIK3CA,803,AD
9,135772695,2092880,G,A,TSC1,805,AD
9,135772847,64842,G,A,TSC1,805,AD
19,1206931,1378041,C,T,STK11,805,AD
11,2156676,253036,G,C,IGF2,813,AD
11,2905349,192361,C,A,CDKN1C,813,AD
15,67358646,213797,G,T,SMAD3,813,AD
5,176631220,1452878,G,T,NSD1,821,AD
5,176618940,524691,G,A,NSD1,821,AD
17,19552334,816625,C,A,ALDH3A2,821,AD
1,94466393,635991,T,C,ABCA4,827,AD
1,94463583,99468,A,G,ABCA4,827,AD
10,101567988,8414,T,A,ABCC2,827,AD
1,103355079,560981,C,A,COL11A1,828,AD
1,103381186,39776,C,T,COL11A1,828,AD
17,48262867,17332,A,G,COL1A1,828,AD
2,113326451,932311,T,A,POLR1B,861,AD
2,113332905,932313,C,A,POLR1B,861,AD
13,28197137,31051,T,G,POLR1D,861,AD
3,10183722,2226,G,C,VHL,892,AD
3,10183724,547829,T,C,VHL,892,AD
1,218610764,1300138,C,A,TGFB2,892,AD
13,78477678,16634,G,C,EDNRB,897,AD
13,78477491,16640,G,A,EDNRB,897,AD
3,4703764,617623,A,T,ITPR1,897,AD
12,6078503,299,G,A,VWF,903,AD
12,6085277,100473,C,T,VWF,903,AD
3,186953600,30077,C,T,MASP1,903,AD
2,175436824,976496,G,A,WIPF1,906,AD
2,175432630,30266,G,C,WIPF1,906,AD
17,79477735,18320,A,G,ACTG1,906,AD
4,5564697,102432,C,A,EVC2,952,AD
4,5564705,102430,A,C,EVC2,952,AD
9,98212121,844500,A,C,PTCH1,952,AD
1,120458180,30061,G,A,NOTCH2,955,AD
1,120458226,30058,A,C,NOTCH2,955,AD
9,139399475,1279937,C,T,NOTCH1,955,AD
15,48752489,29700,A,C,FBN1,969,AD
15,48737664,547334,G,T,FBN1,969,AD
6,161137712,13577,G,A,PLG,969,AD
6,121768016,203467,G,T,GJA1,1010,AD
6,121768112,435323,C,T,GJA1,1010,AD
1,156084710,1076704,A,T,LMNA,1010,AD
1,227073247,8851,C,G,PSEN2,1020,AD
1,227071518,8853,C,T,PSEN2,1020,AD
7,25163594,180656,A,G,CYCS,1020,AD
3,4703764,617623,A,T,ITPR1,1065,AD
3,4712588,235916,C,T,ITPR1,1065,AD
12,26553099,189316,C,T,ITPR2,1065,AD
9,35685747,12460,G,C,TPM2,1146,AD
9,35685526,12463,G,A,TPM2,1146,AD
14,23863473,14150,G,A,MYH6,1146,AD
19,42474427,156238,C,T,ATP1A3,1171,AD
19,42474646,976730,G,A,ATP1A3,1171,AD
5,482805,986310,T,C,SLC9A3,1171,AD
3,58062997,126375,G,A,FLNB,1190,AD
3,58062998,6400,C,T,FLNB,1190,AD
3,50681853,254177,T,C,MAPKAPK3,1190,AD
12,20769228,193020,C,A,PDE3A,1276,AD
12,20769227,193021,A,G,PDE3A,1276,AD
19,18273784,39808,G,A,PIK3R2,1276,AD
2,16082417,13895,G,A,MYCN,1305,AD
2,16082403,13896,G,T,MYCN,1305,AD
14,65543357,232919,G,T,MAX,1305,AD
17,48272803,1685647,C,G,COL1A1,1310,AD
17,48266815,3256564,G,A,COL1A1,1310,AD
17,42449792,1879037,C,T,ITGA2B,1310,AD
19,41848120,12530,A,C,TGFB1,1328,AD
19,41848114,12528,A,G,TGFB1,1328,AD
1,43392737,871442,G,A,SLC2A1,1328,AD
13,32937506,52515,G,C,BRCA2,1333,AD
17,41226500,186016,C,T,BRCA1,1333,AD
6,119149088,156587,A,G,MCM9,1333,AD
7,140453146,13969,G,C,BRAF,1340,AD
7,140453139,280033,G,C,BRAF,1340,AD
15,66727442,13350,T,C,MAP2K1,1340,AD
17,66511541,12669,A,G,PRKAR1A,1359,AD
17,66511586,279877,C,T,PRKAR1A,1359,AD
9,71628787,162394,G,C,PRKACG,1359,AD
20,2447951,183433,C,A,SNRPB,1393,AD
20,2447847,183434,G,T,SNRPB,1393,AD
12,7189381,375582,A,G,C1R,1393,AD
1,247587677,4378,T,C,NLRP3,1451,AD
1,247588469,4376,T,C,NLRP3,1451,AD
1,92712657,549853,C,A,GLMN,1451,AD
6,45390631,1708145,C,A,RUNX2,1452,AD
6,45390642,802220,C,A,RUNX2,1452,AD
4,15987579,813203,C,T,PROM1,1452,AD
1,27056352,560946,C,T,ARID1A,1465,AD
1,27023855,3255192,C,T,ARID1A,1465,AD
3,123010201,162092,A,T,ADCY5,1465,AD
12,21997818,31948,C,T,ABCC9,1517,AD
12,21998575,35535,A,G,ABCC9,1517,AD
2,169781229,1410817,G,A,ABCB11,1517,AD
8,38282208,16279,G,C,FGFR1,1540,AD
10,123276886,13269,G,C,FGFR2,1540,AD
10,123246937,2735492,C,T,FGFR2,1540,AD
7,156798569,14855,T,C,MNX1,1552,AD
7,156798557,1699254,C,T,MNX1,1552,AD
1,155261571,983093,G,A,PKLR,1552,AD
10,123274803,13278,G,C,FGFR2,1555,AD
10,123274768,478046,C,T,FGFR2,1555,AD
3,178916854,376478,G,A,PIK3CA,1555,AD
1,207641888,638326,T,A,CR2,1572,AD
1,207640236,540314,C,T,CR2,1572,AD
4,26407886,37053,A,G,RBPJ,1572,AD
3,169482645,7322,G,C,TERC,1775,AD
3,169482441,7320,G,C,TERC,1775,AD
16,14576520,2936222,G,A,PARN,1775,AD
12,48370323,1708151,C,T,COL2A1,1856,AD
12,48367875,17392,G,T,COL2A1,1856,AD
2,160982927,180685,G,A,ITGB6,1856,AD
4,1806092,16333,A,T,FGFR3,1860,AD
4,1806089,16359,G,T,FGFR3,1860,AD
15,66727442,13350,T,C,MAP2K1,1860,AD
2,99008385,813040,T,C,CNGA3,1871,AD
2,99012600,284032,G,C,CNGA3,1871,AD
19,47111841,409871,A,C,CALM3,1871,AD
1,94476951,2429001,A,C,ABCA4,1872,AD
1,94473297,522459,C,A,ABCA4,1872,AD
10,101567988,8414,T,A,ABCC2,1872,AD
1,44386112,1452219,C,T,ST3GAL3,1934,AD
1,44364907,1371937,C,T,ST3GAL3,1934,AD
11,66113561,1252009,C,A,B4GAT1,1934,AD
1,43868925,433086,C,G,SZT2,1945,AD
1,43394667,433085,T,A,SLC2A1,1945,AD
19,41848114,12528,A,G,TGFB1,1945,AD
16,68845757,136055,C,T,CDH1,1997,AD
16,68844172,438813,G,T,CDH1,1997,AD
8,128750625,12576,G,C,MYC,1997,AD
1,154148670,12452,G,T,TPM3,2020,AD
1,154142893,462142,G,T,TPM3,2020,AD
7,140449165,162797,A,C,BRAF,2020,AD
1,103455118,29648,C,G,COL11A1,2021,AD
1,103379943,29649,C,A,COL11A1,2021,AD
17,48262867,17332,A,G,COL1A1,2021,AD
4,119644725,189339,G,A,SEC24D,2050,AD
4,119649741,189341,T,G,SEC24D,2050,AD
14,39536460,1228,A,G,SEC23A,2050,AD
17,10544634,14138,C,T,MYH3,2053,AD
17,10543521,14141,A,T,MYH3,2053,AD
14,23883056,14117,T,A,MYH7,2053,AD
15,48758017,36082,G,A,FBN1,2084,AD
15,48802322,180352,G,A,FBN1,2084,AD
6,161137712,13577,G,A,PLG,2084,AD
8,38272129,585294,A,G,FGFR1,2117,AD
8,38271682,66078,C,T,FGFR1,2117,AD
10,123246937,2735492,C,T,FGFR2,2117,AD
12,122295713,570062,G,A,HPD,2118,AD
12,122284995,979166,T,C,HPD,2118,AD
16,71602163,404,G,A,TAT,2118,AD
1,160109525,12925,C,T,ATP1A2,2131,AD
1,160097472,520908,C,G,ATP1A2,2131,AD
5,482805,986310,T,C,SLC9A3,2131,AD
1,196658711,635491,C,T,CFH,2134,AD
1,196642986,3234076,G,C,CFH,2134,AD
4,110667659,2577424,C,T,CFI,2134,AD
19,7122669,14704,G,T,INSR,2297,AD
19,7119574,14683,C,G,INSR,2297,AD
22,22123608,917749,G,C,MAPK1,2297,AD
17,40468917,224848,G,A,STAT3,2314,AD
17,40469203,1005984,G,A,STAT3,2314,AD
21,34640769,836516,G,A,IL10RB,2314,AD
12,49415657,2088162,T,C,KMT2D,2322,AD
11,118369084,430819,G,A,KMT2A,2322,AD
8,72123390,1069048,C,A,EYA1,2322,AD
1,156084893,66868,C,G,LMNA,2348,AD
1,156084887,14479,C,G,LMNA,2348,AD
12,110719662,17789,G,A,ATP2A2,2348,AD
10,123247549,13296,C,T,FGFR2,2363,AD
5,44388595,1322898,C,A,FGF10,2363,AD
4,1803564,16332,C,T,FGFR3,2363,AD
9,130982265,1705841,A,G,DNM1,2382,AD
9,130981471,156557,G,C,DNM1,2382,AD
12,32832302,446169,A,C,DNM1L,2382,AD
3,25542721,88760,C,T,RARB,2470,AD
3,25637919,88763,C,A,RARB,2470,AD
7,55225431,157499,G,A,EGFR,2470,AD
12,112888172,13333,A,G,PTPN11,2499,AD
12,112888166,13330,A,G,PTPN11,2499,AD
6,149700405,1454884,C,T,TAB2,2499,AD
1,52850936,30235,T,C,ORC1,2554,AD
1,52849240,1173052,A,G,ORC1,2554,AD
3,127318284,235129,C,T,MCM2,2554,AD
4,156634713,559597,G,A,GUCY1A1,2573,AD
4,156634421,559596,C,T,GUCY1A1,2573,AD
15,66727442,13350,T,C,MAP2K1,2573,AD
18,48593559,548563,T,C,SMAD4,2588,AD
18,48604678,30151,A,G,SMAD4,2588,AD
12,52377883,1174607,G,A,ACVR1B,2588,AD
5,149503838,375556,G,C,PDGFRB,2591,AD
5,149500488,375681,T,A,PDGFRB,2591,AD
14,90870723,2100843,G,T,CALM1,2591,AD
1,160160707,3233253,A,T,CASQ1,2593,AD
1,160162620,3233252,G,A,CASQ1,2593,AD
8,62415992,137615,G,A,ASPH,2593,AD
1,201869033,264986,G,A,LMOD1,2604,AD
2,74128554,694268,C,T,ACTG2,2604,AD
2,28999810,254648,C,G,PPP1CB,2604,AD
8,38277214,16287,T,C,FGFR1,2645,AD
8,38279407,16286,T,A,FGFR1,2645,AD
10,123246937,2735492,C,T,FGFR2,2645,AD
8,97316320,97035,C,T,PTDSS1,2658,AD
8,97316309,97036,T,C,PTDSS1,2658,AD
16,55553232,625853,G,A,LPCAT2,2658,AD
17,29556042,373947,G,A,NF1,2678,AD
17,29585518,336,A,G,NF1,2678,AD
1,115256529,280409,T,G,NRAS,2678,AD
19,852329,1343367,A,G,ELANE,2686,AD
19,852937,2947200,C,G,ELANE,2686,AD
17,56350118,995959,C,T,MPO,2686,AD
6,121768024,29668,C,T,GJA1,2710,AD
6,121768025,2705428,T,A,GJA1,2710,AD
1,156084710,1076704,A,T,LMNA,2710,AD
19,15271707,224882,G,T,NOTCH3,2789,AD
19,15271776,224883,G,C,NOTCH3,2789,AD
9,139399475,1279937,C,T,NOTCH1,2789,AD
19,1206931,1378041,C,T,STK11,2869,AD
19,1207020,486996,C,G,STK11,2869,AD
17,61781765,536756,G,A,STRADA,2869,AD
4,55593685,13864,T,G,KIT,2884,AD
4,55594287,13843,G,A,KIT,2884,AD
3,178916854,376478,G,A,PIK3CA,2884,AD
10,88635790,2834938,C,G,BMPR1A,2929,AD
10,88635778,843741,G,T,BMPR1A,2929,AD
7,100224453,5384,T,G,TFR2,2929,AD
17,12626253,689480,C,T,MYOCD,2970,AD
1,240071103,974798,G,A,CHRM3,2970,AD
20,9364980,209128,A,C,PLCB4,2970,AD
17,79477850,18317,G,C,ACTG1,2995,AD
17,79478388,813525,G,A,ACTG1,2995,AD
7,5567390,495295,T,A,ACTB,2995,AD
2,48915203,14384,T,C,LHCGR,3000,AD
2,48915206,14389,G,A,LHCGR,3000,AD
3,123010201,162092,A,T,ADCY5,3000,AD
9,2060879,829810,C,G,SMARCA2,3051,AD
6,157150553,397537,C,T,ARID1B,3051,AD
17,38787122,957528,G,A,SMARCE1,3051,AD
11,533553,12605,T,C,HRAS,3071,AD
11,532740,1327492,A,G,HRAS,3071,AD
5,86564633,952905,C,A,RASA1,3071,AD
1,27107014,1693158,C,T,ARID1A,3157,AD
3,57232305,7691,G,A,HESX1,3157,AD
3,123010201,162092,A,T,ADCY5,3157,AD
5,67576811,48646,G,A,PIK3R1,3163,AD
5,67569789,1452339,C,G,PIK3R1,3163,AD
19,18273784,39808,G,A,PIK3R2,3163,AD
9,36217506,2946919,A,T,GNE,3166,AD
9,36217396,6025,A,G,GNE,3166,AD
5,73981179,800874,C,T,HEXB,3166,AD
7,73442518,2735031,A,G,ELN,3193,AD
7,73442600,1067515,G,A,ELN,3193,AD
16,28890835,1323806,G,A,ATP2A1,3193,AD
4,158041706,574419,A,G,GLRB,3197,AD
4,157999299,802099,G,A,GLRB,3197,AD
6,161137712,13577,G,A,PLG,3197,AD
11,4045175,143191,A,T,STIM1,3204,AD
11,4095850,132887,C,T,STIM1,3204,AD
12,122064924,1283,C,T,ORAI1,3204,AD
13,22255199,8705,G,A,FGF9,3237,AD
13,22246235,444874,A,G,FGF9,3237,AD
15,41222847,204375,G,C,DLL4,3237,AD
6,91261905,974910,T,C,MAP3K7,3238,AD
6,91263192,264705,A,T,MAP3K7,3238,AD
6,149700405,1454884,C,T,TAB2,3238,AD
17,54671688,6697,C,G,NOG,3250,AD
17,54671687,6703,C,T,NOG,3250,AD
14,54417385,29616,G,A,BMP4,3250,AD
3,53213762,1454573,C,A,PRKCD,3261,AD
1,172628684,1428184,C,T,FASLG,3261,AD
10,90762865,580709,T,A,FAS,3261,AD
1,116243980,2717451,C,T,CASQ2,3286,AD
1,116244034,2565185,C,T,CASQ2,3286,AD
12,2224456,17635,C,T,CACNA1C,3286,AD
7,128480118,1707635,C,T,FLNC,3303,AD
9,139417466,221999,C,T,NOTCH1,3303,AD
15,66727442,13350,T,C,MAP2K1,3303,AD
7,148504759,975993,T,A,EZH2,3447,AD
7,148504761,65675,C,T,EZH2,3447,AD
16,8988406,917895,C,A,USP7,3447,AD
1,44386520,39592,G,C,ST3GAL3,3451,AD
1,44365315,995834,C,A,ST3GAL3,3451,AD
11,66113561,1252009,C,A,B4GAT1,3451,AD
1,17349171,468235,T,A,SDHB,29072,AD
1,17349215,664580,C,T,SDHB,29072,AD
1,161284196,2055039,A,C,SDHC,29072,AD
12,6442643,12341,C,G,TNFRSF1A,32960,AD
12,6442655,12340,C,T,TNFRSF1A,32960,AD
6,3105987,598789,C,A,RIPK1,32960,AD
10,88813149,1072420,T,C,GLUD1,35878,AD
10,88813155,16123,A,G,GLUD1,35878,AD
8,86376331,522744,C,A,CA2,35878,AD
3,69987058,2947585,T,G,MITF,42665,AD
3,70001033,14275,C,G,MITF,42665,AD
19,40762959,29804,C,T,AKT2,42665,AD
1,17349102,1072115,C,T,SDHB,44890,AD
1,17349165,2925288,G,A,SDHB,44890,AD
1,161284196,2055039,A,C,SDHC,44890,AD
1,247587659,97980,A,G,NLRP3,47045,AD
1,247587671,97985,G,T,NLRP3,47045,AD
1,92712657,549853,C,A,GLMN,47045,AD
6,132129383,1699972,A,T,ENPP1,51608,AD
6,132172362,1699957,A,T,ENPP1,51608,AD
11,88911182,3793,C,T,TYR,51608,AD
2,136872471,14022,C,A,CXCR4,51636,AD
2,136872485,14023,G,C,CXCR4,51636,AD
2,204801554,2002817,G,A,ICOS,51636,AD
9,35065355,1457379,C,T,VCP,52430,AD
9,35065352,1457378,T,C,VCP,52430,AD
11,47442253,1804031,G,A,PSMC3,52430,AD
1,43394913,16113,C,T,SLC2A1,53583,AD
1,43395392,1335936,C,A,SLC2A1,53583,AD
19,41848114,12528,A,G,TGFB1,53583,AD
1,203830843,3066047,T,A,SNRPE,55654,AD
1,203832842,39506,G,A,SNRPE,55654,AD
1,145507648,1686124,G,A,RBM8A,55654,AD
14,23885260,143219,C,G,MYH7,59135,AD
14,23885343,143212,C,G,MYH7,59135,AD
3,48638433,1064663,T,G,UQCRC1,59135,AD
3,30715643,1687722,T,A,TGFBR2,60030,AD
3,30729968,213934,C,T,TGFBR2,60030,AD
18,48573537,2840181,G,T,SMAD4,60030,AD
7,128477277,1705740,T,C,FLNC,63273,AD
7,128477239,2088000,G,A,FLNC,63273,AD
15,66727442,13350,T,C,MAP2K1,63273,AD
5,161495100,855508,C,A,GABRG2,64280,AD
5,161524650,2941514,A,C,GABRG2,64280,AD
5,151202483,1436466,A,T,GLRA1,64280,AD
6,7542232,2943308,C,A,DSP,65282,AD
6,7542233,1072843,G,T,DSP,65282,AD
7,5567390,495295,T,A,ACTB,65282,AD
10,89692985,7814,G,T,PTEN,65285,AD
10,89692851,7832,T,C,PTEN,65285,AD
14,105237142,40163,T,G,AKT1,65285,AD
2,169781240,287364,C,T,ABCB11,65682,AD
2,169781229,1410817,G,A,ABCB11,65682,AD
14,74754543,2728334,G,A,ABCD4,65682,AD
15,77324645,97810,G,A,PSTPIP1,69126,AD
15,77323566,4435,G,A,PSTPIP1,69126,AD
8,42146209,1357742,C,T,IKBKB,69126,AD
7,87076371,1685491,A,C,ABCB4,69663,AD
7,87046627,1685489,C,T,ABCB4,69663,AD
14,74754543,2728334,G,A,ABCD4,69663,AD
1,43392825,16106,T,A,SLC2A1,71277,AD
1,43392737,871442,G,A,SLC2A1,71277,AD
19,41848114,12528,A,G,TGFB1,71277,AD
3,168818692,218951,T,C,MECOM,71289,AD
3,168818673,1188840,C,G,MECOM,71289,AD
15,66727442,13350,T,C,MAP2K1,71289,AD
19,42471896,37110,C,T,ATP1A3,71517,AD
19,42471400,1059801,C,T,ATP1A3,71517,AD
5,482805,986310,T,C,SLC9A3,71517,AD
13,110827651,974460,C,T,COL4A1,73229,AD
13,110839630,17420,C,T,COL4A1,73229,AD
5,67569789,1452339,C,G,PIK3R1,73229,AD
15,99434735,3065985,G,A,IGF1R,73273,AD
15,99251080,635841,T,C,IGF1R,73273,AD
1,11174395,417723,A,G,MTOR,73273,AD
7,128470793,1361957,G,A,FLNC,75249,AD
1,201334372,12412,A,T,TNNT2,75249,AD
15,66727442,13350,T,C,MAP2K1,75249,AD
1,196659255,16560,C,T,CFH,75376,AD
1,196643098,16562,T,G,CFH,75376,AD
4,110667659,2577424,C,T,CFI,75376,AD
6,42672347,13182,C,A,PRPH2,75377,AD
6,42689800,3024169,A,C,PRPH2,75377,AD
7,25163594,180656,A,G,CYCS,75377,AD
12,7189381,375582,A,G,C1R,75392,AD
12,7173830,267349,T,C,C1S,75392,AD
12,7173830,267349,T,C,C1S,75392,AD
3,12434165,3024550,T,C,PPARG,79083,AD
3,12422858,2412803,T,G,PPARG,79083,AD
2,113999247,988652,G,A,PAX8,79083,AD
17,42930729,31642,G,C,EFTUD2,79113,AD
17,42929131,30401,G,A,EFTUD2,79113,AD
19,2324172,996070,C,T,LSM7,79113,AD
10,78651467,265313,T,C,KCNMA1,79137,AD
10,78704609,437870,C,T,KCNMA1,79137,AD
7,45753346,139587,C,T,ADCY1,79137,AD
12,110778795,29610,C,T,ATP2A2,79151,AD
12,110778507,17799,C,T,ATP2A2,79151,AD
7,73442518,2735031,A,G,ELN,79151,AD
1,155287787,217746,G,A,FDPS,79152,AD
1,155288083,217748,G,A,FDPS,79152,AD
1,120293472,827683,G,A,HMGCS2,79152,AD
11,118959348,1454,G,A,HMBS,79276,AD
11,118959008,1443,G,A,HMBS,79276,AD
3,98304477,126445,T,C,CPOX,79276,AD
18,55217966,551,A,G,FECH,79278,AD
18,55218544,553,T,C,FECH,79278,AD
9,116151368,16866,C,T,ALAD,79278,AD
7,44184766,16143,G,A,GCK,79299,AD
7,44184770,16140,C,T,GCK,79299,AD
17,73748303,3256594,G,C,GALK1,79299,AD
20,57466905,1065880,C,A,GNAS,79443,AD
20,57466784,1332852,G,T,GNAS,79443,AD
9,71628787,162394,G,C,PRKACG,79443,AD
20,57466872,1217738,C,T,GNAS,79444,AD
20,57485862,29746,T,G,GNAS,79444,AD
9,71628787,162394,G,C,PRKACG,79444,AD
20,57466815,209158,C,T,GNAS,79445,AD
20,57478847,446491,G,A,GNAS,79445,AD
9,71628787,162394,G,C,PRKACG,79445,AD
1,161136672,8703,T,C,PPOX,79473,AD
1,161136696,8695,A,C,PPOX,79473,AD
11,118959008,1443,G,A,HMBS,79473,AD
16,50821763,267245,G,A,CYLD,79493,AD
16,50816379,5257,T,G,CYLD,79493,AD
1,949523,183381,C,T,ISG15,79493,AD
1,92763018,523551,G,T,GLMN,83454,AD
1,92754709,2672116,C,G,GLMN,83454,AD
1,247582131,2691257,G,T,NLRP3,83454,AD
1,243716231,995385,A,C,AKT3,83473,AD
1,243776983,39815,T,C,AKT3,83473,AD
19,40762959,29804,C,T,AKT2,83473,AD
2,216240408,192245,A,G,FN1,84090,AD
2,216240408,16324,A,C,FN1,84090,AD
17,48152962,35571,G,A,ITGA3,84090,AD
4,1807388,156545,C,A,FGFR3,85164,AD
4,1807803,16355,G,A,FGFR3,85164,AD
15,66727442,13350,T,C,MAP2K1,85164,AD
11,2905349,35530,C,G,CDKN1C,85173,AD
11,2905353,35532,T,C,CDKN1C,85173,AD
15,67358646,213797,G,T,SMAD3,85173,AD
9,124083621,1722763,T,C,GSN,85448,AD
9,124073097,16180,G,A,GSN,85448,AD
1,9777666,578525,C,G,PIK3CD,85448,AD
11,116707769,17917,C,G,APOA1,85450,AD
4,155506947,16410,T,A,FGA,85450,AD
11,68527709,9069,C,T,CPT1A,85450,AD
1,205028310,541408,C,T,CNTN2,86814,AD
1,205027102,2809835,C,T,CNTN2,86814,AD
1,43201702,1687613,C,G,CLDN19,86814,AD
1,209788704,180676,G,T,LAMB3,88661,AD
1,209788753,393553,C,T,LAMB3,88661,AD
6,129371200,1180611,C,T,LAMA2,88661,AD
12,4479738,5025,C,T,FGF23,89937,AD
12,4479729,36135,C,T,FGF23,89937,AD
10,103531285,599013,G,A,FGF8,89937,AD
3,100447603,100909,C,T,TFG,90117,AD
3,100432593,1452866,C,T,TFG,90117,AD
8,128750625,12576,G,C,MYC,90117,AD
16,50744822,4696,C,T,NOD2,90340,AD
16,50744823,4694,G,A,NOD2,90340,AD
10,101964924,8946,G,A,CHUK,90340,AD
10,97371130,2058971,G,A,ALDH18A1,90348,AD
10,97380934,2924294,G,A,ALDH18A1,90348,AD
17,19552334,816625,C,A,ALDH3A2,90348,AD
14,81558907,6434,T,A,TSHR,90673,AD
14,81558957,917858,G,T,TSHR,90673,AD
1,115576077,12685,G,T,TSHB,90673,AD
17,36061093,635583,G,A,HNF1B,93111,AD
17,36047397,635574,T,A,HNF1B,93111,AD
12,121416572,36814,A,G,HNF1A,93111,AD
17,48269248,1332753,C,A,COL1A1,93308,AD
19,18897443,807400,C,A,COMP,93308,AD
17,42449792,1879037,C,T,ITGA2B,93308,AD
2,216299435,1683462,G,C,FN1,93315,AD
2,216295437,638046,C,G,FN1,93315,AD
17,48152962,35571,G,A,ITGA3,93315,AD
12,48371427,1224342,C,T,COL2A1,93346,AD
12,48369789,1326881,C,T,COL2A1,93346,AD
2,160982927,180685,G,A,ITGB6,93346,AD
20,34021752,8391,A,C,GDF5,93384,AD
20,34025192,8384,T,C,GDF5,93384,AD
20,6759507,1703210,A,T,BMP2,93384,AD
2,219922271,8873,G,A,IHH,93388,AD
2,219922343,8876,G,T,IHH,93388,AD
1,210591583,987947,T,C,HHAT,93388,AD
4,96075771,6556,C,T,BMPR1B,93396,AD
4,96051026,6555,T,A,BMPR1B,93396,AD
13,37439797,56970,G,A,SMAD9,93396,AD
22,21342384,634828,G,A,LZTR1,93921,AD
22,21344815,1484880,G,C,LZTR1,93921,AD
1,115256529,280409,T,G,NRAS,93921,AD
12,48369790,978480,C,G,COL2A1,94068,AD
12,48369769,283534,G,A,COL2A1,94068,AD
2,160982927,180685,G,A,ITGB6,94068,AD
11,125859541,978570,C,T,CDON,95496,AD
9,140353502,978574,G,T,NSMF,95496,AD
2,170034511,9455,G,A,LRP2,95496,AD
1,17355094,12790,C,G,SDHB,97286,AD
1,161326622,183753,C,T,SDHC,97286,AD
1,161284196,2055039,A,C,SDHC,97286,AD
20,30956891,488471,A,T,ASXL1,97297,AD
20,31021110,3066302,C,G,ASXL1,97297,AD
14,100706116,430621,A,T,YY1,97297,AD
19,13418598,422557,G,A,CACNA1A,98758,AD
19,13342589,1338921,G,A,CACNA1A,98758,AD
20,57466784,1332852,G,T,GNAS,98758,AD
19,54387441,42148,T,A,PRKCG,98763,AD
19,54385855,1298291,A,G,PRKCG,98763,AD
16,81953154,39696,C,A,PLCG2,98763,AD
3,4725156,14801,C,T,ITPR1,98769,AD
3,4856819,224119,G,A,ITPR1,98769,AD
12,26553099,189316,C,T,ITPR2,98769,AD
1,154544158,17496,G,A,CHRNB2,98784,AD
1,154544158,17495,G,C,CHRNB2,98784,AD
20,61981912,17500,G,A,CHRNA4,98784,AD
19,6495977,267774,G,A,TUBB4A,98805,AD
19,6495699,92111,C,T,TUBB4A,98805,AD
20,57598800,586965,C,G,TUBB1,98805,AD
14,55310737,2925514,A,G,GCH1,98808,AD
14,55310842,803028,G,A,GCH1,98808,AD
2,73114865,31917,G,T,SPR,98808,AD
1,43395308,16114,C,T,SLC2A1,98811,AD
1,43396320,379258,C,T,SLC2A1,98811,AD
19,41848114,12528,A,G,TGFB1,98811,AD
22,32156682,1364490,C,T,DEPDC5,98820,AD
22,32150928,50819,C,G,DEPDC5,98820,AD
16,1552986,1686256,C,T,TELO2,98820,AD
10,31608166,488897,G,A,ZEB1,98974,AD
10,31810183,2443788,G,T,ZEB1,98974,AD
20,44640376,1030865,C,A,MMP9,98974,AD
2,1658282,2628023,T,C,PXDN,98976,AD
2,38298037,973774,A,G,CYP1B1,98976,AD
10,5034053,30066,T,G,AKR1C2,98976,AD
2,219745718,2921455,A,G,WNT10A,99798,AD
2,219745718,1466056,A,T,WNT10A,99798,AD
12,49374413,50259,G,T,WNT1,99798,AD
14,81609917,2444338,C,A,TSHR,99819,AD
14,81562985,6453,A,G,TSHR,99819,AD
1,115576077,12685,G,T,TSHB,99819,AD
7,44185159,21077,C,A,GCK,99885,AD
11,17409490,8670,C,G,KCNJ11,99885,AD
17,73748303,3256594,G,C,GALK1,99885,AD
8,24811714,2735143,T,A,NEFL,99939,AD
8,24811747,533513,G,A,NEFL,99939,AD
16,9858097,2093890,C,A,GRIN2A,99939,AD
7,75933133,7479,C,T,HSPB1,99940,AD
7,75933158,7478,C,T,HSPB1,99940,AD
22,38508510,2709169,C,G,PLA2G6,99940,AD
21,27264096,18088,C,T,APP,100006,AD
21,27264168,18087,C,G,APP,100006,AD
1,151373804,548958,C,A,PSMB4,100006,AD
11,57365055,3956,C,T,SERPING1,100050,AD
11,57365057,3242430,A,G,SERPING1,100050,AD
12,7189381,375582,A,G,C1R,100050,AD
12,57961291,989067,A,G,KIF5A,100991,AD
12,57957994,989064,A,G,KIF5A,100991,AD
20,4680171,13395,C,T,PRNP,100991,AD
2,198361999,17557,C,T,HSPD1,100994,AD
2,198353050,561192,G,C,HSPD1,100994,AD
2,171702129,565722,C,T,GAD1,100994,AD
2,47388887,96722,A,C,CALM2,101016,AD
2,47388869,488476,G,C,CALM2,101016,AD
19,47111841,409871,A,C,CALM3,101016,AD
1,161276536,217233,C,T,MPZ,101082,AD
1,161276545,1685953,T,A,MPZ,101082,AD
2,87017523,12742,C,T,CD8A,101082,AD
8,24813612,14034,C,A,NEFL,101085,AD
8,24813402,29803,C,A,NEFL,101085,AD
16,9858097,2093890,C,A,GRIN2A,101085,AD
20,1961091,18459,G,A,PDYN,101108,AD
20,1961100,18461,G,A,PDYN,101108,AD
12,13717417,956942,G,A,GRIN2B,101108,AD
1,45478578,915319,G,C,UROD,101330,AD
1,45479335,64679,C,T,UROD,101330,AD
18,55217966,551,A,G,FECH,101330,AD
15,38545389,854050,G,A,SPRED1,137605,AD
15,38591583,2825380,T,G,SPRED1,137605,AD
12,25362828,12595,G,C,KRAS,137605,AD
5,86564633,952905,C,A,RASA1,137667,AD
5,86564694,2746283,C,G,RASA1,137667,AD
1,115256529,280409,T,G,NRAS,137667,AD
1,110091460,31636,G,C,GNAI3,137888,AD
1,110116381,64691,C,A,GNAI3,137888,AD
20,5282872,3453,C,T,PROKR2,137888,AD
17,54672083,6702,C,G,NOG,140908,AD
17,54671687,6708,C,G,NOG,140908,AD
14,54417385,29616,G,A,BMP4,140908,AD
10,88679141,183728,C,T,BMPR1A,157794,AD
10,88683164,578684,C,A,BMPR1A,157794,AD
7,100224453,5384,T,G,TFR2,157794,AD
19,49468597,16479,G,T,FTL,157846,AD
19,49468597,16476,G,A,FTL,157846,AD
11,61727034,1804163,T,G,FTH1,157846,AD
20,4680344,21148,C,T,PRNP,157941,AD
20,4680413,13407,A,G,PRNP,157941,AD
2,88870391,5876,C,T,EIF2AK3,157941,AD
1,156084804,2503449,A,C,LMNA,157973,AD
1,156100479,14510,C,T,LMNA,157973,AD
12,110719662,17789,G,A,ATP2A2,157973,AD
6,33134289,17120,C,T,COL11A2,166100,AD
6,33133725,694708,C,T,COL11A2,166100,AD
1,957748,3255595,C,A,AGRN,166100,AD
15,74631102,17523,A,T,CYP11A1,168558,AD
15,74632009,17520,G,A,CYP11A1,168558,AD
1,209880365,31588,C,T,HSD11B1,168558,AD
1,43395274,218333,C,T,SLC2A1,168577,AD
1,43394689,207196,G,A,SLC2A1,168577,AD
19,41848114,12528,A,G,TGFB1,168577,AD
1,154145603,2925294,T,G,TPM3,171433,AD
1,154145447,12450,C,T,TPM3,171433,AD
7,140449165,162797,A,C,BRAF,171433,AD
14,35182668,8160,C,T,CFL2,171436,AD
14,35182882,2722427,T,C,CFL2,171436,AD
17,79990663,425149,G,A,RAC3,171436,AD
7,128470872,1072629,C,T,FLNC,171445,AD
7,128475471,539439,G,A,FLNC,171445,AD
15,66727442,13350,T,C,MAP2K1,171445,AD
12,49578885,7076,G,A,TUBA1A,171680,AD
12,49578944,160147,C,A,TUBA1A,171680,AD
16,90001436,975630,G,A,TUBB3,171680,AD
20,3063425,12220,A,C,AVP,178029,AD
20,3063424,1699275,C,T,AVP,178029,AD
9,71628787,162394,G,C,PRKACG,178029,AD
2,179410605,132138,G,C,TTN,178464,AD
2,179410777,132135,C,A,TTN,178464,AD
1,218610764,1300138,C,A,TGFB2,178464,AD
2,74605185,8407,T,G,DCTN1,178509,AD
2,74605194,21390,C,T,DCTN1,178509,AD
6,3154694,127100,G,C,TUBB2A,178509,AD
22,36678800,14072,G,A,MYH9,182050,AD
20,57599106,1698773,T,A,TUBB1,182050,AD
16,15865425,1252066,C,T,MYH11,182050,AD
3,4706969,503523,A,G,ITPR1,208513,AD
3,4709151,39572,A,G,ITPR1,208513,AD
12,26553099,189316,C,T,ITPR2,208513,AD
10,89690836,1802604,T,G,PTEN,210548,AD
10,89624263,468682,A,T,PTEN,210548,AD
14,105237142,40163,T,G,AKT1,210548,AD
1,45796970,1408238,G,A,MUTYH,220460,AD
1,45796971,947743,A,C,MUTYH,220460,AD
12,109541300,578381,C,T,UNG,220460,AD
15,41021807,471141,G,A,RAD51,238722,AD
18,50450202,187796,C,T,DCC,238722,AD
1,22405039,208731,A,G,CDC42,238722,AD
1,22446952,6308,T,C,WNT4,247768,AD
1,22456175,6310,G,A,WNT4,247768,AD
13,43180696,6974,T,A,TNFSF11,247768,AD
11,128781619,91915,G,A,KCNJ5,251274,AD
11,128781620,135679,G,A,KCNJ5,251274,AD
2,47388869,488476,G,C,CALM2,251274,AD
9,140611500,489033,C,T,EHMT1,261494,AD
9,140611338,2809354,C,T,EHMT1,261494,AD
14,65543357,232919,G,T,MAX,261494,AD
19,7120688,14708,C,T,INSR,263458,AD
19,7167977,211189,A,G,INSR,263458,AD
22,22123608,917749,G,C,MAPK1,263458,AD
3,87295048,35472,C,A,CHMP2B,275864,AD
3,87302622,1655,C,T,CHMP2B,275864,AD
2,74072313,50796,T,A,STAMBP,275864,AD
1,11082347,21484,G,T,TARDBP,275872,AD
1,11078893,5233,A,G,TARDBP,275872,AD
11,77784181,813295,T,A,NDUFC2,275872,AD
10,43613840,13931,G,C,RET,276152,AD
10,43609070,13933,G,A,RET,276152,AD
1,243716231,995385,A,C,AKT3,276152,AD
11,17415826,2137006,A,G,ABCC8,276575,AD
11,17415842,9097,C,T,ABCC8,276575,AD
6,32815380,2848869,G,A,TAP1,276575,AD
9,80916877,977022,T,G,PSAT1,284417,AD
9,80919758,1082,A,C,PSAT1,284417,AD
7,107531698,2865401,G,A,DLD,284417,AD
15,48766724,16442,C,T,FBN1,284979,AD
15,48766849,16441,T,A,FBN1,284979,AD
6,161137712,13577,G,A,PLG,284979,AD
15,67473702,30308,C,T,SMAD3,284984,AD
15,67473756,30310,G,A,SMAD3,284984,AD
12,52377883,1174607,G,A,ACVR1B,284984,AD
16,90001472,30274,G,A,TUBB3,300570,AD
16,90001436,975630,G,A,TUBB3,300570,AD
6,3154694,127100,G,C,TUBB2A,300570,AD
6,3225185,1214258,G,A,TUBB2B,300573,AD
6,3225074,39720,C,T,TUBB2B,300573,AD
19,6495346,267792,C,T,TUBB4A,300573,AD
1,156104629,48074,C,T,LMNA,300751,AD
1,156084712,488705,G,A,LMNA,300751,AD
12,110719662,17789,G,A,ATP2A2,300751,AD
10,123274777,29856,A,C,FGFR2,313855,AD
10,123274746,29855,A,C,FGFR2,313855,AD
3,178916854,376478,G,A,PIK3CA,313855,AD
3,123014949,1327477,G,T,ADCY5,324588,AD
3,123010201,162092,A,T,ADCY5,324588,AD
9,71628787,162394,G,C,PRKACG,324588,AD
18,11752493,39972,C,T,GNAL,329466,AD
18,11824986,39969,G,A,GNAL,329466,AD
10,53227579,65477,G,A,PRKG1,329466,AD
10,88679174,978679,A,T,BMPR1A,329971,AD
10,88672049,802600,C,T,BMPR1A,329971,AD
7,100224453,5384,T,G,TFR2,329971,AD
12,32854422,1195874,C,A,DNM1L,330050,AD
12,32854361,974819,A,G,DNM1L,330050,AD
14,105237142,40163,T,G,AKT1,330050,AD
7,69064641,1033782,T,C,AUTS2,352490,AD
7,69064640,1174542,A,T,AUTS2,352490,AD
22,41513680,861851,C,A,EP300,352490,AD
18,31318557,984871,C,T,ASXL3,352577,AD
18,31318575,984874,C,T,ASXL3,352577,AD
2,149216403,2744900,C,T,MBD5,352577,AD
16,67645412,1254810,A,G,CTCF,363611,AD
16,67654615,1325777,C,T,CTCF,363611,AD
3,136287610,995415,G,A,STAG1,363611,AD
2,191848416,1704320,G,C,STAT1,391487,AD
2,191851636,804296,C,G,STAT1,391487,AD
19,10463761,1703748,A,G,TYK2,391487,AD
1,25870206,2697613,C,A,LDLRAP1,391665,AD
1,25870239,2043753,T,A,LDLRAP1,391665,AD
19,10904505,7282,G,A,DNM2,391665,AD
1,9779982,132808,T,C,PIK3CD,397596,AD
1,9777666,578525,C,G,PIK3CD,397596,AD
3,178916854,376478,G,A,PIK3CA,397596,AD
5,35070276,89027,T,C,PRLR,397685,AD
5,35068367,599316,G,A,PRLR,397685,AD
17,40359588,1394582,C,A,STAT5B,397685,AD
2,25457209,1486678,C,T,DNMT3A,404443,AD
2,25457182,139619,A,G,DNMT3A,404443,AD
10,82034291,1204,G,A,MAT1A,404443,AD
1,155205566,599275,A,T,GBA1,411602,AD
1,155204987,4295,G,A,GBA1,411602,AD
3,33038803,194596,G,A,GLB1,411602,AD
6,53156606,144076,G,C,ELOVL5,423296,AD
6,53135458,144075,C,A,ELOVL5,423296,AD
2,26414203,1427255,A,T,HADHA,423296,AD
2,204735350,161109,C,T,CTLA4,436159,AD
2,204732770,161112,C,A,CTLA4,436159,AD
19,40762959,29804,C,T,AKT2,436159,AD
19,50195618,189198,C,T,CPT1C,444099,AD
19,50204756,2722957,C,A,CPT1C,444099,AD
1,53662750,1367294,C,G,CPT2,444099,AD
6,42974252,217455,C,T,PPP2R5D,457279,AD
6,42974348,984893,C,T,PPP2R5D,457279,AD
19,52715971,190313,C,T,PPP2R1A,457279,AD
19,52715971,190313,C,T,PPP2R1A,457284,AD
19,52715973,1204633,A,G,PPP2R1A,457284,AD
20,31368217,6743,C,T,DNMT3B,457284,AD
1,11174437,520633,C,A,MTOR,457485,AD
1,11174420,156709,C,T,MTOR,457485,AD
16,1552986,1686256,C,T,TELO2,457485,AD
12,49578885,1330377,G,T,TUBA1A,467166,AD
12,49578944,7071,C,T,TUBA1A,467166,AD
16,90001436,975630,G,A,TUBB3,467166,AD
1,22405039,208731,A,G,CDC42,487796,AD
1,22412949,208668,A,G,CDC42,487796,AD
17,79477735,18320,A,G,ACTG1,487796,AD
5,140057598,217508,A,C,HARS1,488333,AD
5,140056343,217509,C,A,HARS1,488333,AD
6,88224219,3240275,T,C,RARS2,488333,AD
3,8775661,8289,C,G,CAV3,488650,AD
3,8775642,8283,G,A,CAV3,488650,AD
7,6426860,445280,G,A,RAC1,488650,AD
7,6431598,445284,G,A,RAC1,500159,AD
7,6426860,445280,G,A,RAC1,500159,AD
20,45003874,1705510,C,A,ELMO2,500159,AD
15,75673043,253074,G,A,SIN3A,500166,AD
15,75676775,2498622,G,A,SIN3A,500166,AD
4,57793760,694373,C,G,REST,500166,AD
2,8872070,374909,G,A,KIDINS220,521390,AD
2,8873577,374908,C,T,KIDINS220,521390,AD
17,7573976,2431091,T,A,TP53,521390,AD
2,26414203,1427255,A,T,HADHA,5,AR
1,24151875,521752,G,A,HMGCL,5,AR
19,14675653,30810,C,T,TECR,5,AR
3,182738013,2676471,C,A,MCCC1,6,AR
3,182737965,503626,C,A,MCCC1,6,AR
5,70883352,2676474,C,T,MCCC2,6,AR
11,112097169,2704000,G,T,PTS,13,AR
11,112097167,1067348,A,G,PTS,13,AR
2,73114865,31917,G,T,SPR,13,AR
2,84658643,1325153,G,A,SUCLG1,17,AR
2,84660506,1686238,G,A,SUCLG1,17,AR
5,218471,8744,A,C,SDHA,17,AR
1,24130931,11958,C,T,HMGCL,20,AR
1,24130889,930617,C,G,HMGCL,20,AR
15,40698173,2837791,G,C,IVD,20,AR
6,24495459,1878475,C,T,GPLD1,22,AR
6,24495502,449408,G,T,GPLD1,22,AR
9,130698855,1065329,C,T,DPM2,22,AR
7,65546881,2772590,G,A,ASL,23,AR
7,65546883,2678767,G,T,ASL,23,AR
9,133327672,2744961,C,A,ASS1,23,AR
19,13002209,1070459,G,T,GCDH,25,AR
19,13002214,2087,G,T,GCDH,25,AR
2,38298037,973774,A,G,CYP1B1,25,AR
6,49399494,222943,G,A,MMUT,27,AR
6,49399515,218998,G,A,MMUT,27,AR
5,125880712,374140,C,A,ALDH7A1,27,AR
12,110012685,649235,C,A,MVK,29,AR
12,110012628,2925505,A,C,MVK,29,AR
1,155287787,217746,G,A,FDPS,29,AR
7,44714111,2443830,C,A,OGDH,31,AR
7,44706383,2443831,C,T,OGDH,31,AR
7,50530987,2136536,C,G,DDC,31,AR
20,33519849,1076084,G,A,GSS,32,AR
20,33517253,2736961,G,A,GSS,32,AR
6,53371799,3958,T,A,GCLC,32,AR
15,40698173,2837791,G,C,IVD,33,AR
15,40699855,2832126,A,T,IVD,33,AR
1,76190473,1428164,A,T,ACADM,33,AR
3,135969219,2745320,T,G,PCCB,35,AR
3,135969219,1067629,T,C,PCCB,35,AR
14,74531952,6617,C,T,ALDH6A1,35,AR
15,90172609,1956764,G,A,KIF7,36,AR
15,90172318,2157762,G,A,KIF7,36,AR
2,219922163,8871,A,G,IHH,36,AR
9,35792419,870612,C,A,NPR2,40,AR
9,35792499,17784,C,A,NPR2,40,AR
9,80409487,1172602,T,A,GNAQ,40,AR
1,76190473,1428164,A,T,ACADM,42,AR
1,76190474,2733904,T,G,ACADM,42,AR
5,70883352,2676474,C,T,MCCC2,42,AR
1,2343940,162434,A,G,PEX10,44,AR
1,2337965,6771,G,C,PEX10,44,AR
1,10684462,7701,C,T,PEX14,44,AR
22,40742713,1458015,C,T,ADSL,46,AR
22,40742697,949192,G,A,ADSL,46,AR
1,182353641,16084,G,A,GLUL,46,AR
3,120351986,2584714,A,T,HGD,56,AR
3,120347296,1458490,G,T,HGD,56,AR
15,80445397,372766,A,G,FAH,56,AR
16,30080145,18177,A,G,ALDOA,57,AR
16,30080705,18178,G,A,ALDOA,57,AR
12,48524176,1157,G,T,PFKM,57,AR
14,94844817,440487,A,G,SERPINA1,60,AR
14,94847272,2174665,G,A,SERPINA1,60,AR
13,113765165,1691295,G,C,F7,60,AR
19,12758083,962313,C,A,MAN2B1,61,AR
19,12758408,552770,G,C,MAN2B1,61,AR
1,155204794,242383,G,A,GBA1,61,AR
17,48244849,847344,G,A,SGCA,62,AR
17,48244792,92301,G,A,SGCA,62,AR
9,133748270,12628,T,C,ABL1,62,AR
5,133942683,2929,C,A,SAR1B,71,AR
5,133944178,2928,C,A,SAR1B,71,AR
4,119644725,189339,G,A,SEC24D,71,AR
6,131894480,2102477,G,T,ARG1,90,AR
6,131897806,2397,C,T,ARG1,90,AR
9,133327672,2744961,C,A,ASS1,90,AR
15,51503214,17815,G,A,CYP19A1,91,AR
15,51503207,17816,C,T,CYP19A1,91,AR
2,38298037,973774,A,G,CYP1B1,91,AR
4,178354404,220,C,T,AGA,93,AR
4,178352885,1879068,C,A,AGA,93,AR
1,24172327,681,G,A,FUCA1,93,AR
11,108098387,1954708,C,A,ATM,100,AR
11,108098391,2001885,C,T,ATM,100,AR
3,142215958,41901,C,A,ATR,100,AR
4,103556199,2864203,T,A,MANBA,118,AR
4,103556116,2833150,G,T,MANBA,118,AR
15,72636471,2137728,G,A,HEXA,118,AR
4,52894266,2695058,C,A,SGCB,119,AR
4,52894204,3069174,C,T,SGCB,119,AR
19,50713642,2196,C,A,MYH14,119,AR
15,91290650,1929462,C,T,BLM,125,AR
15,91292809,1683330,C,A,BLM,125,AR
8,90949300,530714,G,A,NBN,125,AR
11,107992334,2867418,A,C,ACAT1,134,AR
11,107992334,666460,A,G,ACAT1,134,AR
12,110011199,1173989,A,T,MVK,134,AR
1,45347394,1285271,C,G,EIF2B3,135,AR
1,45341306,4440,A,G,EIF2B3,135,AR
12,124106388,217278,G,C,EIF2B1,135,AR
17,3379456,2826210,G,A,ASPA,141,AR
17,3379478,2119193,G,T,ASPA,141,AR
17,19552334,816625,C,A,ALDH3A2,141,AR
2,211455610,2023561,C,G,CPS1,147,AR
2,211438025,2420,C,T,CPS1,147,AR
6,131894480,2102477,G,T,ARG1,147,AR
11,68527709,9069,C,T,CPT1A,156,AR
11,68527773,2988992,G,A,CPT1A,156,AR
19,50195618,189198,C,T,CPT1C,156,AR
1,53666426,1051185,G,T,CPT2,157,AR
1,53662750,1367294,C,G,CPT2,157,AR
19,50195618,189198,C,T,CPT1C,157,AR
7,87082347,812754,C,T,ABCB4,172,AR
2,169870866,1803125,T,C,ABCB11,172,AR
14,74754543,2728334,G,A,ABCD4,172,AR
1,231401036,1252036,T,G,GNPAT,177,AR
1,231398517,2675939,C,T,GNPAT,177,AR
12,50498431,3238869,G,A,GPD1,177,AR
5,60195555,551068,C,T,ERCC8,191,AR
5,60186791,1715,G,T,ERCC8,191,AR
2,128044321,1805744,C,A,ERCC3,191,AR
17,3543501,1391189,A,T,CTNS,213,AR
17,3539712,4453,G,T,CTNS,213,AR
7,100800656,39854,A,G,AP1S1,213,AR
5,155771505,1455950,C,T,SGCD,219,AR
5,155771584,8173,G,A,SGCD,219,AR
10,72357958,2678061,C,A,PRF1,219,AR
4,17488845,1453021,C,T,QDPR,226,AR
4,17488828,802058,G,A,QDPR,226,AR
11,112097167,1067348,A,G,PTS,226,AR
9,136501834,1750,T,C,DBH,230,AR
9,136507557,1982984,A,T,DBH,230,AR
11,2185603,1390521,G,A,TH,230,AR
10,101567988,8414,T,A,ABCC2,234,AR
10,101569957,1322269,C,T,ABCC2,234,AR
16,2327879,8016,C,T,ABCA3,234,AR
16,72055100,16808,C,T,DHODH,246,AR
16,72055110,16805,G,A,DHODH,246,AR
14,74424852,31598,C,T,ENTPD5,246,AR
2,109513637,265471,C,T,RANBP2,248,AR
2,109522825,1075576,C,T,RANBP2,248,AR
7,135333249,224969,T,C,NUP205,248,AR
6,129381008,551699,C,A,LAMA2,258,AR
6,129371200,1180611,C,T,LAMA2,258,AR
22,37628897,7575,C,T,RAC2,258,AR
9,108363606,3206,C,T,FKTN,272,AR
9,108337391,1252030,C,G,FKTN,272,AR
11,66113561,1252009,C,A,B4GAT1,272,AR
10,14950937,2084053,G,A,DCLRE1C,275,AR
10,14950850,1946287,G,A,DCLRE1C,275,AR
13,108860927,1020928,G,C,LIG4,275,AR
20,43249009,1969294,C,A,ADA,277,AR
20,43248994,1451616,C,A,ADA,277,AR
13,37393817,208152,T,A,RFXAP,277,AR
4,5577988,1939326,A,T,EVC2,289,AR
4,5566989,1386123,G,A,EVC2,289,AR
9,98212121,844500,A,C,PTCH1,289,AR
4,77091103,2846431,G,A,SCARB2,308,AR
4,77095429,7378,G,A,SCARB2,308,AR
14,88401078,1066870,A,G,GALC,308,AR
16,67470018,12094,C,T,HSD11B2,320,AR
16,67470059,31130,C,T,HSD11B2,320,AR
8,143993962,16879,A,G,CYP11B2,320,AR
11,46744762,2957927,C,T,F2,325,AR
11,46740798,2806215,C,T,F2,325,AR
8,120118124,417735,C,G,COLEC10,325,AR
1,169483622,3339457,G,A,F5,326,AR
1,169493138,2896674,G,C,F5,326,AR
4,155488859,16395,T,A,FGB,326,AR
13,113801782,1684490,C,A,F10,328,AR
13,113803580,1341356,G,A,F10,328,AR
19,860686,16564,C,A,CFD,328,AR
1,197024850,16519,C,A,F13B,331,AR
1,197030092,1098468,C,A,F13B,331,AR
2,128176001,678,T,C,PROC,331,AR
8,17917077,55908,T,C,ASAH1,333,AR
8,17916933,94,T,C,ASAH1,333,AR
11,6411995,1353540,G,A,SMPD1,333,AR
12,110012686,11931,A,C,MVK,343,AR
12,110019232,97587,C,T,MVK,343,AR
1,155287787,217746,G,A,FDPS,343,AR
9,97365829,872,G,C,FBP1,348,AR
9,97365799,1803969,C,T,FBP1,348,AR
1,64059271,133287,A,T,PGM1,348,AR
1,24172327,681,G,A,FUCA1,349,AR
1,24172562,2873243,A,T,FUCA1,349,AR
5,73981179,800874,C,T,HEXB,349,AR
20,44520301,2841707,C,T,CTSA,351,AR
20,44520206,1456631,A,G,CTSA,351,AR
3,148459198,50207,C,T,AGTR1,351,AR
13,23777938,1459762,T,A,SGCG,353,AR
13,23777920,1397202,T,A,SGCG,353,AR
16,15865425,1252066,C,T,MYH11,353,AR
3,33055579,2927178,T,C,GLB1,354,AR
3,33055554,2925349,C,T,GLB1,354,AR
15,72636471,2137728,G,A,HEXA,354,AR
1,155204798,917862,C,T,GBA1,355,AR
1,155204794,242383,G,A,GBA1,355,AR
3,33038803,194596,G,A,GLB1,355,AR
5,43613069,265844,C,T,NNT,361,AR
5,43615953,265843,C,T,NNT,361,AR
6,132129383,1699972,A,T,ENPP1,361,AR
17,78078351,371622,C,A,GAA,365,AR
17,78078387,984802,T,C,GAA,365,AR
2,136564701,6586,A,T,LCT,365,AR
1,100327897,522549,T,A,AGL,366,AR
1,100327265,497124,C,T,AGL,366,AR
11,64514268,526617,A,T,PYGM,366,AR
3,81586185,2929113,G,C,GBE1,367,AR
3,81586091,2786,C,A,GBE1,367,AR
12,21699380,16055,A,G,GYS2,367,AR
11,64514809,941671,G,C,PYGM,368,AR
11,64514268,526617,A,T,PYGM,368,AR
17,41052947,1682476,C,A,G6PC1,368,AR
14,51378873,11992,C,T,PYGL,369,AR
14,51378916,1076414,G,A,PYGL,369,AR
17,42148336,2837752,G,T,G6PC3,369,AR
12,48524176,1157,G,T,PFKM,371,AR
12,48525104,1074467,T,A,PFKM,371,AR
7,44104488,2136502,G,A,PGAM2,371,AR
1,183532585,1377437,C,A,NCF2,379,AR
1,183532627,659851,G,A,NCF2,379,AR
3,53213762,1454573,C,A,PRKCD,379,AR
19,1397492,2503890,G,A,GAMT,382,AR
19,1398964,801414,C,T,GAMT,382,AR
15,45660314,2446450,C,T,GATM,382,AR
21,44479080,128,T,G,CBS,394,AR
21,44478325,1073191,G,T,CBS,394,AR
10,89468953,3012764,G,T,PAPSS2,394,AR
1,11850825,187905,A,G,MTHFR,395,AR
1,11850900,187904,G,C,MTHFR,395,AR
2,216213967,666360,A,T,ATIC,395,AR
3,49455083,2765422,C,A,AMT,407,AR
3,49455084,2203393,G,T,AMT,407,AR
1,236966847,2982725,C,T,MTR,407,AR
10,126086555,177,G,A,OAT,414,AR
10,126086581,157,G,A,OAT,414,AR
15,45660314,2446450,C,T,GATM,414,AR
2,241808285,204066,G,T,AGXT,416,AR
2,241808310,204068,C,T,AGXT,416,AR
7,56087413,13624,A,G,PSPH,416,AR
3,121976022,8351,G,T,CASR,417,AR
3,121975951,1177515,G,A,CASR,417,AR
20,9364980,209128,A,C,PLCB4,417,AR
22,18906979,521785,G,T,PRODH,419,AR
22,18901005,4012,G,C,PRODH,419,AR
19,1397492,2503890,G,A,GAMT,419,AR
8,143994810,2444261,G,A,CYP11B2,427,AR
8,143993962,16879,A,G,CYP11B2,427,AR
14,90870723,2100843,G,T,CALM1,427,AR
2,215802332,419453,G,A,ABCA12,457,AR
2,215807742,1693261,C,G,ABCA12,457,AR
6,32815380,2848869,G,A,TAP1,457,AR
9,104187123,2094555,A,G,ALDOB,469,AR
9,104184181,469,G,C,ALDOB,469,AR
19,34856185,13647,C,T,GPI,469,AR
10,73591643,1300259,A,C,PSAP,487,AR
2,99012463,800983,G,A,CNGA3,487,AR
19,47111841,409871,A,C,CALM3,487,AR
6,18121718,2863829,C,A,NHLRC1,501,AR
6,18121747,860910,G,T,NHLRC1,501,AR
6,145948687,2734962,C,T,EPM2A,501,AR
19,7132241,14686,G,A,INSR,508,AR
19,7152873,14682,G,A,INSR,508,AR
22,22123608,917749,G,C,MAPK1,508,AR
1,100661917,556615,C,T,DBT,511,AR
1,100661875,1407245,C,G,DBT,511,AR
16,8839956,635252,G,A,ABAT,511,AR
10,73579224,942712,G,A,PSAP,512,AR
5,78260300,885,T,C,ARSB,512,AR
4,980873,550458,A,C,IDUA,512,AR
7,116199228,209106,C,T,CAV1,528,AR
7,116166660,8467,G,T,CAV1,528,AR
3,53213762,1454573,C,A,PRKCD,528,AR
6,144507837,2679068,G,T,STX11,540,AR
6,144507937,97001,T,C,STX11,540,AR
12,6574054,240888,A,C,VAMP1,540,AR
1,151315105,2981568,G,A,RFX5,572,AR
1,151315014,2995578,C,T,RFX5,572,AR
13,37393817,208152,T,A,RFXAP,572,AR
12,102142970,504892,C,T,GNPTAB,576,AR
12,102147154,1988092,C,A,GNPTAB,576,AR
5,77334942,2739632,G,A,AP3B1,576,AR
19,7589881,1402137,T,G,MCOLN1,578,AR
19,7589974,1072052,C,A,MCOLN1,578,AR
19,47111841,409871,A,C,CALM3,578,AR
4,980874,639529,T,C,IDUA,579,AR
4,980873,1323098,A,G,IDUA,579,AR
5,78076283,2161808,G,T,ARSB,579,AR
8,43002099,2948880,A,T,HGSNAT,581,AR
8,43002136,651853,T,A,HGSNAT,581,AR
17,78184342,2752377,C,T,SGSH,581,AR
16,88898507,708,C,A,GALNS,582,AR
16,88891246,93162,T,C,GALNS,582,AR
3,33038803,194596,G,A,GLB1,582,AR
5,78076373,418018,T,A,ARSB,583,AR
5,78076283,2161808,G,T,ARSB,583,AR
4,980873,550458,A,C,IDUA,583,AR
7,65425975,2847045,A,T,GUSB,584,AR
7,65425960,936585,C,T,GUSB,584,AR
8,42995725,2942731,C,A,HGSNAT,584,AR
3,4403877,2664,G,T,SUMF1,585,AR
3,4403911,2676,C,G,SUMF1,585,AR
15,51294758,1031734,C,T,AP4E1,585,AR
7,117120150,53621,T,A,CFTR,586,AR
7,117120149,53423,A,G,CFTR,586,AR
7,138391446,1344704,T,C,ATP6V0A4,586,AR
1,235616433,2117097,C,T,B3GALNT2,588,AR
1,235616401,1007494,C,G,B3GALNT2,588,AR
14,77743729,3230,C,G,POMT2,588,AR
5,42689036,8633,C,T,GHR,633,AR
5,42629171,8657,G,A,GHR,633,AR
9,5073742,14663,G,C,JAK2,633,AR
1,156834159,1930182,C,T,NTRK1,642,AR
1,156830727,931321,A,C,NTRK1,642,AR
14,65543357,232919,G,T,MAX,642,AR
14,74951123,8486,G,A,NPC2,646,AR
11,6414606,813480,C,T,SMPD1,646,AR
12,102140647,2499513,A,G,GNPTAB,646,AR
8,90949300,530714,G,A,NBN,647,AR
8,90955492,864166,G,A,NBN,647,AR
11,94163150,1800260,C,T,MRE11,647,AR
16,67973920,626358,T,C,LCAT,650,AR
16,67974018,3664,G,A,LCAT,650,AR
17,54912283,39578,C,T,DGKE,650,AR
11,88027279,7298,C,G,CTSC,678,AR
11,88027280,2925487,C,T,CTSC,678,AR
15,51294758,1031734,C,T,AP4E1,678,AR
12,103232973,857071,C,T,PAH,716,AR
12,103232972,102595,G,T,PAH,716,AR
15,101425470,1803003,A,G,ALDH1A3,716,AR
6,161139424,830236,T,G,PLG,722,AR
6,161137712,13577,G,A,PLG,722,AR
1,218610764,1300138,C,A,TGFB2,722,AR
3,93593122,567962,A,T,PROS1,743,AR
3,93593201,941623,A,G,PROS1,743,AR
14,94844817,440487,A,G,SERPINA1,743,AR
2,26414211,1390752,T,A,HADHA,746,AR
2,26414478,1452112,G,A,HADHA,746,AR
19,14675653,30810,C,T,TECR,746,AR
9,99003059,4881,C,T,HSD17B3,752,AR
9,99003159,4873,T,C,HSD17B3,752,AR
2,31751295,3337,G,A,SRD5A2,752,AR
2,31751295,3337,G,A,SRD5A2,753,AR
2,31751327,459644,T,A,SRD5A2,753,AR
4,56212532,18408,C,A,SRD5A3,753,AR
16,16244629,433354,G,T,ABCC6,758,AR
16,16244625,433380,C,T,ABCC6,758,AR
11,17415826,2137006,A,G,ABCC8,758,AR
14,20940627,13996,C,T,PNP,760,AR
14,20940525,13995,C,T,PNP,760,AR
6,86181054,29687,C,A,NT5E,760,AR
1,150769275,8420,T,C,CTSK,763,AR
1,150769358,981508,C,T,CTSK,763,AR
14,103369663,3238823,G,A,TRAF3,763,AR
11,111899269,2196317,G,T,DLAT,765,AR
11,111899577,2916183,C,T,DLAT,765,AR
4,96761980,446251,A,G,PDHA2,765,AR
1,155261636,1511,C,T,PKLR,766,AR
1,155261571,983093,G,A,PKLR,766,AR
12,48524176,1157,G,T,PFKM,766,AR
19,7125473,14692,G,A,INSR,769,AR
19,7172447,14712,T,C,INSR,769,AR
22,22123608,917749,G,C,MAPK1,769,AR
6,137143915,1068851,C,T,PEX7,773,AR
6,137143843,7790,A,C,PEX7,773,AR
17,33902986,1070935,T,A,PEX12,773,AR
6,152163748,16592,C,T,ESR1,785,AR
6,152332819,60557,G,T,ESR1,785,AR
11,1774823,17574,C,G,CTSD,785,AR
5,73981179,800874,C,T,HEXB,796,AR
5,73981383,623479,C,T,HEXB,796,AR
22,42456982,2725305,A,C,NAGA,796,AR
3,49879323,221232,G,A,TRAIP,808,AR
3,48498818,982310,T,G,ATRIP,808,AR
3,142215958,41901,C,A,ATR,808,AR
6,31827615,2443,C,A,NEU1,812,AR
6,31827635,986732,T,C,NEU1,812,AR
4,178352885,1879068,C,A,AGA,812,AR
17,19552387,438265,C,T,ALDH3A2,816,AR
17,19552334,816625,C,A,ALDH3A2,816,AR
5,125880712,374140,C,A,ALDH7A1,816,AR
15,72636471,2137728,G,A,HEXA,845,AR
15,72636480,188954,G,A,HEXA,845,AR
5,73981179,800874,C,T,HEXB,845,AR
17,42449792,1879037,C,T,ITGA2B,849,AR
17,42451720,627296,A,G,ITGA2B,849,AR
12,56086923,9050,A,G,ITGA7,849,AR
12,6978037,12471,G,A,TPI1,868,AR
12,6978533,12473,G,T,TPI1,868,AR
2,27315225,12031,G,A,KHK,868,AR
2,220366625,88691,C,T,GMPPA,869,AR
2,220368860,88693,G,A,GMPPA,869,AR
15,75182894,2769293,C,T,MPI,869,AR
15,80445399,950962,G,A,FAH,882,AR
15,80445397,372766,A,G,FAH,882,AR
3,120347296,1458490,G,T,HGD,882,AR
3,43121591,37207,G,A,POMGNT2,899,AR
3,43121598,1055376,C,T,POMGNT2,899,AR
14,77743729,3230,C,G,POMT2,899,AR
8,30916681,2719173,A,T,WRN,902,AR
8,30915994,1385909,C,T,WRN,902,AR
18,20581745,30408,T,G,RBBP8,902,AR
2,219647020,2772668,A,T,CYP27A1,909,AR
2,219647143,1937463,C,T,CYP27A1,909,AR
5,118788329,945823,G,C,HSD17B4,909,AR
2,128044321,1805744,C,A,ERCC3,910,AR
2,128050185,16589,C,T,ERCC3,910,AR
19,45854980,1705268,C,T,ERCC2,910,AR
2,98354291,13255,C,A,ZAP70,911,AR
2,98354447,13253,G,A,ZAP70,911,AR
16,81953154,39696,C,A,PLCG2,911,AR
1,2338008,1686018,C,G,PEX10,912,AR
1,2337954,2677649,C,T,PEX10,912,AR
1,10684462,7701,C,T,PEX14,912,AR
17,42082330,1402826,C,A,NAGS,927,AR
17,42082370,2817617,C,A,NAGS,927,AR
17,79892202,13190,C,T,PYCR1,927,AR
16,88876106,988026,T,A,APRT,976,AR
16,88876107,18302,C,G,APRT,976,AR
10,104850414,1685994,A,G,NT5C2,976,AR
17,66533812,139649,G,A,PRKAR1A,1031,AR
17,66538937,35479,G,A,PRKAR1A,1031,AR
9,71628787,162394,G,C,PRKACG,1031,AR
16,15758689,1696425,G,A,NDE1,1083,AR
16,15758719,435939,G,T,NDE1,1083,AR
11,102980305,1683440,T,C,DYNC2H1,1083,AR
3,133485220,12620,G,C,TF,1195,AR
3,133472451,12621,G,A,TF,1195,AR
12,51386074,9076,G,A,SLC11A2,1195,AR
2,86276114,626284,G,A,POLR1A,1200,AR
2,86297230,203463,C,G,POLR1A,1200,AR
12,106763369,1184080,G,T,POLR3B,1200,AR
8,145737161,2865710,C,T,RECQL4,1225,AR
8,145737133,837971,G,A,RECQL4,1225,AR
17,38450640,30271,C,G,CDC6,1225,AR
5,68805430,1323383,C,A,OCLN,1229,AR
5,68805023,1029457,C,T,OCLN,1229,AR
7,5567390,495295,T,A,ACTB,1229,AR
4,186064638,66011,G,A,SLC25A4,1369,AR
4,186067021,268150,G,C,SLC25A4,1369,AR
7,25163594,180656,A,G,CYCS,1369,AR
2,143685263,978270,G,C,KYNU,1388,AR
2,143790838,978269,G,A,KYNU,1388,AR
1,10003561,978238,C,T,NMNAT1,1388,AR
1,210637852,987946,G,T,HHAT,1422,AR
1,210591583,987947,T,C,HHAT,1422,AR
2,219922163,8871,A,G,IHH,1422,AR
16,17228331,2137795,G,A,XYLT1,1425,AR
16,17211598,1977942,C,T,XYLT1,1425,AR
11,62383998,978467,G,A,B3GAT3,1425,AR
1,225591105,100901,C,T,LBR,1426,AR
1,225594470,1339425,T,C,LBR,1426,AR
21,47614506,599318,C,A,LSS,1426,AR
6,33141825,17126,G,T,COL11A2,1427,AR
6,33135599,17128,G,A,COL11A2,1427,AR
1,957748,3255595,C,A,AGRN,1427,AR
18,43438601,848258,C,A,EPG5,1493,AR
18,43435636,1075179,G,A,EPG5,1493,AR
14,102843092,1071213,G,T,TECPR2,1493,AR
9,94487272,7307,G,A,ROR2,1507,AR
9,94486616,7309,C,T,ROR2,1507,AR
3,183888105,694689,A,C,DVL3,1507,AR
4,175416698,1708173,C,T,HPGD,1525,AR
4,175414300,2499675,A,T,HPGD,1525,AR
14,61115512,1327579,C,G,SIX1,1525,AR
16,68712779,1454138,C,T,CDH3,1573,AR
16,68679654,1322049,G,A,CDH3,1573,AR
17,40835840,692274,C,G,CNTNAP1,1573,AR
2,88870391,5876,C,T,EIF2AK3,1667,AR
2,88874243,435051,G,A,EIF2AK3,1667,AR
21,33032092,2138372,A,G,SOD1,1667,AR
8,61178603,17604,A,G,CA8,1766,AR
8,61135236,29620,C,T,CA8,1766,AR
2,211438025,2420,C,T,CPS1,1766,AR
2,122288510,30179,G,A,CLASP1,1824,AR
2,122288501,636959,G,A,CLASP1,1824,AR
6,3154694,127100,G,C,TUBB2A,1824,AR
19,11687060,1073554,G,A,ACP5,1855,AR
19,11686069,1031092,T,C,ACP5,1855,AR
11,95569314,623390,G,A,MTMR2,1855,AR
1,22150214,1034182,T,G,HSPG2,1865,AR
1,22160044,284213,G,A,HSPG2,1865,AR
21,47401822,649269,C,T,COL6A1,1865,AR
1,12008101,1073871,C,T,PLOD1,1900,AR
1,12008042,2849163,T,A,PLOD1,1900,AR
7,121726150,1322091,A,C,AASS,1900,AR
2,27315234,12032,G,A,KHK,2056,AR
2,27315225,12031,G,A,KHK,2056,AR
11,95569314,623390,G,A,MTMR2,2056,AR
3,170715997,1045992,A,T,SLC2A2,2088,AR
3,170715875,2832588,A,T,SLC2A2,2088,AR
7,156798557,1699254,C,T,MNX1,2088,AR
12,21699380,16055,A,G,GYS2,2089,AR
12,21713333,569452,G,A,GYS2,2089,AR
19,49477915,16057,G,A,GYS1,2089,AR
2,170058137,9454,C,T,LRP2,2143,AR
2,170034511,9455,G,A,LRP2,2143,AR
2,219922163,8871,A,G,IHH,2143,AR
1,43201702,1687613,C,G,CLDN19,2196,AR
1,43204092,560599,C,A,CLDN19,2196,AR
5,68805023,1029457,C,T,OCLN,2196,AR
7,121726150,1322091,A,C,AASS,2203,AR
7,121731848,100645,G,C,AASS,2203,AR
1,12008042,2849163,T,A,PLOD1,2203,AR
1,156084885,18457,T,G,LMNA,2229,AR
1,156084878,14506,G,C,LMNA,2229,AR
12,110719662,17789,G,A,ATP2A2,2229,AR
9,37780790,2767586,C,T,EXOSC3,2254,AR
9,37782038,183048,C,A,EXOSC3,2254,AR
17,4859870,1285634,G,A,ENO3,2254,AR
7,2564935,6999,C,A,LFNG,2311,AR
7,2565067,619139,G,A,LFNG,2311,AR
15,90319671,2506245,G,A,MESP2,2311,AR
7,107531707,572549,G,A,DLD,2394,AR
7,107531698,2865401,G,A,DLD,2394,AR
15,45660314,2446450,C,T,GATM,2394,AR
17,57106034,2679248,G,A,TRIM37,2576,AR
17,57105977,56567,G,A,TRIM37,2576,AR
12,109921417,225041,G,T,UBE3B,2576,AR
8,17917148,180642,C,A,ASAH1,2590,AR
8,17917112,812508,G,A,ASAH1,2590,AR
11,6411995,1353540,G,A,SMPD1,2590,AR
12,32900269,102436,T,C,YARS2,2598,AR
12,32903678,102435,G,A,YARS2,2598,AR
16,23546483,803228,G,T,EARS2,2598,AR
2,122288495,599282,C,T,CLASP1,2636,AR
2,122288566,30181,G,A,CLASP1,2636,AR
6,3154694,127100,G,C,TUBB2A,2636,AR
20,34022080,8393,C,T,GDF5,2639,AR
20,34021907,8394,G,T,GDF5,2639,AR
20,6759507,1703210,A,T,BMP2,2639,AR
1,120279737,156360,G,A,PHGDH,2671,AR
1,120254646,2169478,A,C,PHGDH,2671,AR
19,1397492,2503890,G,A,GAMT,2671,AR
10,100219482,60719,T,A,HPSE2,2704,AR
1,113657093,40207,C,T,LRIG2,2704,AR
16,88880928,2989688,C,T,GALNS,2704,AR
12,109924275,1323734,G,A,UBE3B,2707,AR
12,109921417,225041,G,T,UBE3B,2707,AR
15,25584285,136203,T,A,UBE3A,2707,AR
11,71940160,39474,C,A,INPPL1,2746,AR
11,71939451,1323117,C,G,INPPL1,2746,AR
1,9777666,578525,C,G,PIK3CD,2746,AR
2,232602849,100773,C,T,PDE6D,2754,AR
2,232602807,2181645,G,A,PDE6D,2754,AR
1,155261571,983093,G,A,PKLR,2754,AR
3,145789194,7642,C,A,PLOD2,2771,AR
3,145789173,7641,G,A,PLOD2,2771,AR
7,44706383,2443831,C,T,OGDH,2771,AR
8,86376331,522744,C,A,CA2,2785,AR
8,86377586,919,T,G,CA2,2785,AR
10,88813149,1072420,T,C,GLUD1,2785,AR
11,68115656,6292,C,T,LRP5,2788,AR
11,68080211,6268,G,A,LRP5,2788,AR
17,42636700,617609,G,A,FZD2,2788,AR
8,119936822,802437,G,A,TNFRSF11B,2801,AR
8,119945310,6970,C,T,TNFRSF11B,2801,AR
19,2250658,987678,G,A,AMH,2801,AR
1,8022923,7065,G,A,PARK7,2828,AR
1,8022927,1399835,C,T,PARK7,2828,AR
3,48638433,1064663,T,G,UQCRC1,2828,AR
12,53823263,689555,C,T,AMHR2,2856,AR
12,53818498,1705324,C,T,AMHR2,2856,AR
19,2250658,987678,G,A,AMH,2856,AR
3,13896295,253008,G,A,WNT7A,2879,AR
3,13860827,40130,G,A,WNT7A,2879,AR
17,44851109,13812,G,A,WNT3,2879,AR
6,116752245,446171,A,G,DSE,2953,AR
6,116752249,88848,C,T,DSE,2953,AR
16,17211598,1977942,C,T,XYLT1,2953,AR
10,97366661,807367,C,T,ALDH18A1,2962,AR
10,97366557,16086,G,A,ALDH18A1,2962,AR
17,19552334,816625,C,A,ALDH3A2,2962,AR
17,73945297,2501787,C,T,ACOX1,2971,AR
17,73947624,2708348,G,A,ACOX1,2971,AR
1,53480591,1033966,C,T,SCP2,2971,AR
2,233404517,2506381,G,A,CHRNG,2990,AR
2,233404700,2506380,A,G,CHRNG,2990,AR
7,142458451,38366,A,C,PRSS1,2990,AR
5,125882034,647989,T,C,ALDH7A1,3006,AR
5,125880712,374140,C,A,ALDH7A1,3006,AR
17,19552334,816625,C,A,ALDH3A2,3006,AR
11,66616591,2706667,T,A,PC,3008,AR
11,66616699,1425937,A,G,PC,3008,AR
20,56137919,2502278,T,C,PCK1,3008,AR
1,204128527,13124,C,T,REN,3033,AR
1,204129776,50211,G,T,REN,3033,AR
17,61557840,18063,C,G,ACE,3033,AR
8,27634330,1736,C,T,ESCO2,3103,AR
8,27634429,1740,C,T,ESCO2,3103,AR
10,112335102,217799,T,C,SMC3,3103,AR
22,42457000,2697961,G,T,NAGA,3137,AR
22,42456982,2725305,A,C,NAGA,3137,AR
5,73981179,800874,C,T,HEXB,3137,AR
11,46908040,1393202,G,A,LRP4,3152,AR
11,46898045,30411,G,A,LRP4,3152,AR
11,68080211,6268,G,A,LRP5,3152,AR
5,38489345,217274,G,C,LIFR,3206,AR
5,38485984,944487,G,A,LIFR,3206,AR
5,38923339,7809,G,C,OSMR,3206,AR
5,218471,8744,A,C,SDHA,3208,AR
5,218475,644096,C,A,SDHA,3208,AR
1,17349102,1072115,C,T,SDHB,3208,AR
6,42932211,2677692,T,C,PEX6,3220,AR
6,42932620,224322,C,A,PEX6,3220,AR
1,10684462,7701,C,T,PEX14,3220,AR
11,119549155,1697231,G,A,NECTIN1,3253,AR
11,119548444,8969,C,T,NECTIN1,3253,AR
3,190039855,1322095,G,T,CLDN1,3253,AR
11,46889658,5688,G,C,LRP4,3258,AR
11,46900815,576661,C,A,LRP4,3258,AR
11,68080211,6268,G,A,LRP5,3258,AR
1,43803817,371574,C,T,MPL,3319,AR
1,43803879,1457605,C,G,MPL,3319,AR
5,42629171,8657,G,A,GHR,3319,AR
1,145507648,1686124,G,A,RBM8A,3320,AR
1,145507648,864870,G,T,RBM8A,3320,AR
17,78111999,101503,T,C,EIF4A3,3320,AR
21,45705890,3314,A,T,AIRE,3453,AR
21,45705891,1322985,T,A,AIRE,3453,AR
2,98340782,827753,C,T,ZAP70,3453,AR
10,79744058,619038,T,C,POLR3A,3455,AR
10,79767529,617891,G,A,POLR3A,3455,AR
2,86276114,626284,G,A,POLR1A,3455,AR
2,31564261,635517,C,G,XDH,3467,AR
2,31588394,2731116,G,A,XDH,3467,AR
7,128038558,254167,C,G,IMPDH1,3467,AR
17,16220000,30544,T,C,PIGL,3474,AR
17,16216860,30547,G,A,PIGL,3474,AR
9,35090065,2732848,G,A,PIGO,3474,AR
12,121164870,2039130,C,T,ACADS,26792,AR
12,121163691,2709405,G,A,ACADS,26792,AR
11,134126465,645496,C,T,ACAD8,26792,AR
17,7123307,2011730,C,T,DLG4,26793,AR
17,7123340,812785,C,T,DLG4,26793,AR
9,140058271,433116,T,C,GRIN1,26793,AR
15,80450512,21054,G,T,FAH,28378,AR
16,71602163,404,G,A,TAT,28378,AR
3,120347296,1458490,G,T,HGD,28378,AR
9,107566949,9496,G,A,ABCA1,31150,AR
9,107549221,9494,G,A,ABCA1,31150,AR
2,169781229,1410817,G,A,ABCB11,31150,AR
1,33480127,18256,T,C,AK2,33355,AR
1,33478805,18261,T,A,AK2,33355,AR
4,619677,1358080,C,T,PDE6B,33355,AR
2,128044348,16585,G,A,ERCC3,33364,AR
2,128050302,16584,T,G,ERCC3,33364,AR
19,45854980,1705268,C,T,ERCC2,33364,AR
17,39913674,1363212,C,T,JUP,34217,AR
17,39913940,1398158,C,A,JUP,34217,AR
1,115256529,280409,T,G,NRAS,34217,AR
19,47259471,4230,G,A,FKRP,34515,AR
19,47249328,522865,G,A,STRN4,34515,AR
11,66113561,1252009,C,A,B4GAT1,34515,AR
22,38508510,2709169,C,G,PLA2G6,35069,AR
22,38508510,803689,C,T,PLA2G6,35069,AR
1,186863296,9079,T,C,PLA2G4A,35069,AR
19,17937720,1174743,C,T,JAK3,35078,AR
19,17941376,1453819,C,T,JAK3,35078,AR
22,37535259,545515,G,A,IL2RB,35078,AR
1,55349371,30576,G,A,DHCR24,35107,AR
1,55318045,4367,T,G,DHCR24,35107,AR
11,121174170,7354,G,A,SC5D,35107,AR
3,164739042,1454102,G,A,SI,35122,AR
3,164735409,1416,C,T,SI,35122,AR
3,81586091,2786,C,A,GBE1,35122,AR
1,120295238,2149225,G,A,HMGCS2,35701,AR
1,120293472,827683,G,A,HMGCS2,35701,AR
5,43292710,2580362,A,G,HMGCS1,35701,AR
7,50531032,2735023,C,T,DDC,35708,AR
7,50530987,2136536,C,G,DDC,35708,AR
15,101425470,1803003,A,G,ALDH1A3,35708,AR
10,14976460,4673,G,T,DCLRE1C,39041,AR
10,14970053,3241289,C,T,DCLRE1C,39041,AR
13,108860927,1020928,G,C,LIG4,39041,AR
9,123812470,17050,G,A,C5,46059,AR
11,121174170,7354,G,A,SC5D,46059,AR
21,33032092,2138372,A,G,SOD1,46059,AR
3,148894200,17559,C,T,CP,48818,AR
3,148895692,42062,T,C,CP,48818,AR
4,103184301,1686211,G,A,SLC39A8,48818,AR
3,46942604,13751,C,T,PTH1R,50945,AR
3,46937356,13750,C,T,PTH1R,50945,AR
9,71628787,162394,G,C,PRKACG,50945,AR
21,47571884,459967,G,C,FTCD,51208,AR
21,47570313,632385,G,A,FTCD,51208,AR
17,19552334,816625,C,A,ALDH3A2,51208,AR
11,30255239,16242,C,A,FSHB,52901,AR
11,30255162,16241,T,G,FSHB,52901,AR
20,57466784,1332852,G,T,GNAS,52901,AR
2,166606257,7795,G,A,GALNT3,53715,AR
2,166606311,7803,A,C,GALNT3,53715,AR
2,31147092,190462,G,A,GALNT14,53715,AR
2,219925053,8870,G,A,IHH,63446,AR
2,219922163,8871,A,G,IHH,63446,AR
1,210591583,987947,T,C,HHAT,63446,AR
6,57059568,417740,C,G,RAB23,65759,AR
6,57058688,1366841,G,A,RAB23,65759,AR
12,49360054,7630,G,A,WNT10B,65759,AR
7,127894502,2428498,C,T,LEP,66628,AR
7,127894487,2428497,G,A,LEP,66628,AR
5,42629171,8657,G,A,GHR,66628,AR
3,50339601,1073037,G,A,HYAL1,67041,AR
3,50338472,1452834,G,A,HYAL1,67041,AR
4,980873,550458,A,C,IDUA,67041,AR
9,93978389,9057,C,T,AUH,67046,AR
9,93983209,1452715,G,A,AUH,67046,AR
1,24130889,930617,C,G,HMGCL,67046,AR
12,44162002,533523,G,T,IRAK4,70592,AR
12,44165042,2790034,C,T,IRAK4,70592,AR
3,38180348,1323304,G,T,MYD88,70592,AR
2,73115493,12939,C,T,SPR,70594,AR
2,73114865,31917,G,T,SPR,70594,AR
5,79929723,29674,T,A,DHFR,70594,AR
4,108954395,8020,C,T,HADH,71212,AR
4,108945190,39484,G,T,HADH,71212,AR
10,124797335,2153596,C,G,ACADSB,71212,AR
2,25384603,13358,T,A,POMC,71526,AR
2,25384441,13353,C,A,POMC,71526,AR
15,50782640,161992,T,C,USP8,71526,AR
10,90974761,1350454,C,G,LIPA,75233,AR
10,90974718,1070183,A,C,LIPA,75233,AR
11,121174170,7354,G,A,SC5D,75233,AR
5,177031251,225691,T,C,B4GALT7,75496,AR
5,177034446,5611,C,A,B4GALT7,75496,AR
11,62383998,978467,G,A,B3GAT3,75496,AR
1,155205499,4289,G,C,GBA1,77260,AR
1,155206119,4319,A,C,GBA1,77260,AR
3,33038803,194596,G,A,GLB1,77260,AR
11,6412852,371341,C,T,SMPD1,77293,AR
11,6412804,529233,G,A,SMPD1,77293,AR
2,130912668,691969,C,T,SMPD4,77293,AR
11,134126465,645496,C,T,ACAD8,79159,AR
11,134127057,1452755,G,A,ACAD8,79159,AR
2,191073618,208532,C,T,HIBCH,79159,AR
1,145415341,2373,A,T,HJV,79230,AR
1,145415419,2369,T,C,HJV,79230,AR
2,203242213,264650,C,T,BMPR2,79230,AR
16,47531313,2697311,C,G,PHKB,79240,AR
16,47531360,2694652,G,T,PHKB,79240,AR
16,2098642,65313,C,G,TSC2,79240,AR
10,127477562,3766,C,T,UROS,79277,AR
10,127477492,3769,G,T,UROS,79277,AR
1,161136672,8703,T,C,PPOX,79277,AR
16,30997526,2883,G,T,HSD3B7,79301,AR
16,30997933,2884,G,A,HSD3B7,79301,AR
2,219647020,2772668,A,T,CYP27A1,79301,AR
7,137773401,1070635,C,T,AKR1D1,79303,AR
7,137776519,915290,G,A,AKR1D1,79303,AR
8,65509312,6106,A,T,CYP7B1,79303,AR
14,50734532,30793,G,A,L2HGDH,79314,AR
14,50735880,1609,C,A,L2HGDH,79314,AR
4,108935745,2675961,G,A,HADH,79314,AR
16,8891573,656718,G,T,PMM2,79318,AR
16,8891773,2098914,G,C,PMM2,79318,AR
15,75182894,2769293,C,T,MPI,79318,AR
15,75183725,1376774,G,A,MPI,79319,AR
15,75182894,2769293,C,T,MPI,79319,AR
1,155112463,4702,A,G,DPM3,79319,AR
1,63862222,1457885,C,T,ALG6,79320,AR
1,63836660,2861045,G,A,ALG6,79320,AR
3,31574528,1686968,C,G,STT3B,79320,AR
3,183960356,617476,C,T,ALG3,79321,AR
3,183960601,1184850,C,G,ALG3,79321,AR
11,62396665,590350,C,G,GANAB,79321,AR
20,49558653,464504,C,A,DPM1,79322,AR
20,49552792,1444616,G,A,DPM1,79322,AR
3,49759198,581597,C,T,GMPPB,79322,AR
22,50297711,3438,G,C,ALG12,79324,AR
22,50298018,2090231,G,A,ALG12,79324,AR
11,118967880,3233256,T,A,DPAGT1,79324,AR
11,77830295,1064698,T,A,ALG8,79325,AR
11,77823792,1406714,G,A,ALG8,79325,AR
8,15605974,449114,G,C,TUSC3,79325,AR
9,101981074,2700,C,A,ALG2,79326,AR
9,101980715,1676197,C,A,ALG2,79326,AR
11,118967880,3233256,T,A,DPAGT1,79326,AR
16,5121861,2816535,C,A,ALG1,79327,AR
16,5121865,193419,C,A,ALG1,79327,AR
1,95530516,183013,G,A,ALG14,79327,AR
11,111708203,1698703,A,G,ALG9,79328,AR
11,111724138,3749,T,C,ALG9,79328,AR
11,62396665,590350,C,G,GANAB,79328,AR
14,50088077,617658,C,T,MGAT2,79329,AR
14,50088771,6990,A,G,MGAT2,79329,AR
9,33135256,998093,G,C,B4GALT1,79329,AR
2,74689403,1943297,G,A,MOGS,79330,AR
2,74688962,8194,A,G,MOGS,79330,AR
14,50088077,617658,C,T,MGAT2,79330,AR
7,56087413,13624,A,G,PSPH,79350,AR
7,56088803,189253,C,T,PSPH,79350,AR
3,49455083,2765422,C,A,AMT,79350,AR
1,120254646,1414498,A,G,PHGDH,79351,AR
1,120254667,1393177,A,T,PHGDH,79351,AR
19,1397492,2503890,G,A,GAMT,79351,AR
8,145007378,208860,G,A,PLEC,79403,AR
17,73723307,14738,T,C,ITGB4,79403,AR
10,15686209,126500,C,T,ITGA8,79403,AR
1,183184602,14555,C,T,LAMC2,79404,AR
1,183184662,1028397,C,T,LAMC2,79404,AR
8,42146209,1357742,C,T,IKBKB,79404,AR
15,28116299,1411558,C,T,OCA2,79432,AR
4,661687,620164,C,T,ATP5ME,79432,AR
10,101483814,6175,G,A,COX15,79432,AR
9,12704564,17595,C,T,TYRP1,79433,AR
9,12695626,17594,C,G,TYRP1,79433,AR
7,50530987,2136536,C,G,DDC,79433,AR
10,71332429,1327470,G,C,NEUROG3,83620,AR
10,71332516,1327471,C,G,NEUROG3,83620,AR
3,170715875,2832588,A,T,SLC2A2,83620,AR
5,94803569,31237,C,G,SKIC3,84064,AR
5,94818287,1708563,G,A,SKIC3,84064,AR
5,137906676,224329,T,C,HSPA9,84064,AR
3,195968858,101062,C,G,PCYT1A,85167,AR
3,195966465,1032965,C,A,PCYT1A,85167,AR
8,97316309,97036,T,C,PTDSS1,85167,AR
11,118968750,2927002,G,T,DPAGT1,86309,AR
11,118971112,65471,A,G,DPAGT1,86309,AR
16,5121861,2816535,C,A,ALG1,86309,AR
9,134381547,978656,C,T,POMT1,86812,AR
9,134381571,3244,G,A,POMT1,86812,AR
14,77743729,3230,C,G,POMT2,86812,AR
20,32878654,2692385,C,T,AHCY,88618,AR
20,32880273,12952,C,T,AHCY,88618,AR
19,10246964,1072609,C,G,DNMT1,88618,AR
9,131107776,5742,C,A,SLC27A4,88621,AR
9,131107546,5744,G,A,SLC27A4,88621,AR
1,120293472,827683,G,A,HMGCS2,88621,AR
6,43485043,280457,G,A,POLR1C,88637,AR
6,43484917,635139,G,A,POLR1C,88637,AR
2,86276114,626284,G,A,POLR1A,88637,AR
2,191077693,2979318,G,A,HIBCH,88639,AR
2,191073618,208532,C,T,HIBCH,88639,AR
2,26414203,1427255,A,T,HADHA,88639,AR
7,103138375,2577917,T,C,RELN,89844,AR
7,103126651,433105,G,A,RELN,89844,AR
9,2635519,2577846,G,A,VLDLR,89844,AR
11,69625327,13837,A,G,FGF3,90024,AR
11,69631095,29817,T,C,FGF3,90024,AR
1,11174395,417723,A,G,MTOR,90024,AR
6,43555112,5889,C,T,POLH,90342,AR
6,43565441,2734868,C,T,POLH,90342,AR
5,74869615,218232,G,A,POLK,90342,AR
1,115576077,12685,G,T,TSHB,90674,AR
1,115576128,12684,G,A,TSHB,90674,AR
9,80409487,1172602,T,A,GNAQ,90674,AR
1,119958057,1076441,C,A,HSD3B2,90791,AR
1,119958051,946461,G,A,HSD3B2,90791,AR
10,104590605,2681104,G,A,CYP17A1,90791,AR
10,104590680,1457632,C,T,CYP17A1,90793,AR
10,104590605,2681104,G,A,CYP17A1,90793,AR
6,32006258,3254748,G,A,CYP21A2,90793,AR
6,32006291,12153,C,T,CYP21A2,90794,AR
6,32006258,3254748,G,A,CYP21A2,90794,AR
8,143956413,857403,C,T,CYP11B1,90794,AR
8,143956428,1030831,C,G,CYP11B1,90795,AR
8,143956413,857403,C,T,CYP11B1,90795,AR
10,104590605,2681104,G,A,CYP17A1,90795,AR
4,981646,11909,C,T,IDUA,93473,AR
4,980873,550458,A,C,IDUA,93473,AR
5,78076283,2161808,G,T,ARSB,93473,AR
4,996535,11908,G,A,IDUA,93476,AR
4,994668,222994,A,G,IDUA,93476,AR
5,78076283,2161808,G,T,ARSB,93476,AR
1,45478859,70,C,T,UROD,95159,AR
1,45480507,69,C,G,UROD,95159,AR
18,55217966,551,A,G,FECH,95159,AR
2,1437295,1701830,C,T,TPO,95716,AR
2,1437244,1028337,C,T,TPO,95716,AR
1,115576077,12685,G,T,TSHB,95716,AR
5,43292970,2580365,C,T,HMGCS1,97244,AR
5,43292710,2580362,A,G,HMGCS1,97244,AR
1,120293472,827683,G,A,HMGCS2,97244,AR
16,75512835,320606,G,A,CHST6,98969,AR
16,75512900,5078,A,G,CHST6,98969,AR
9,33135256,998093,G,C,B4GALT1,98969,AR
13,108861300,1983356,G,A,LIG4,99812,AR
13,108860927,1020928,G,C,LIG4,99812,AR
10,14950841,2506241,G,A,DCLRE1C,99812,AR
8,110100133,689396,T,C,TRHR,99832,AR
8,110099790,12682,C,T,TRHR,99832,AR
19,3110171,1285379,C,T,GNA11,99832,AR
9,116153914,16869,G,A,ALAD,100924,AR
9,116151368,16866,C,T,ALAD,100924,AR
11,118959008,1443,G,A,HMBS,100924,AR
8,65509471,586668,G,A,CYP7B1,100986,AR
8,65509312,6106,A,T,CYP7B1,100986,AR
7,137773401,1070635,C,T,AKR1D1,100986,AR
12,58020714,989143,C,G,B4GALNT1,101006,AR
12,58020616,989144,G,A,B4GALNT1,101006,AR
15,72636471,2137728,G,A,HEXA,101006,AR
11,763456,381759,C,T,TALDO1,101028,AR
11,763778,974772,C,G,TALDO1,101028,AR
1,9322320,31586,C,G,H6PD,101028,AR
11,2185616,2039753,A,T,TH,101150,AR
11,2185603,1390521,G,A,TH,101150,AR
4,99996194,995827,C,G,ADH5,101150,AR
3,52021009,18113,C,T,ACY1,137754,AR
3,52020270,18112,G,A,ACY1,137754,AR
19,1397492,2503890,G,A,GAMT,137754,AR
1,173795830,1063,A,G,DARS2,137898,AR
1,173794387,522973,T,A,DARS2,137898,AR
5,140056343,217509,C,A,HARS1,137898,AR
20,3870181,2634258,C,A,PANK2,157850,AR
20,3870192,937503,G,T,PANK2,157850,AR
1,97564161,1805301,C,A,DPYD,157850,AR
6,7558373,3024565,C,T,DSP,158687,AR
6,7583295,16843,C,T,DSP,158687,AR
7,5567390,495295,T,A,ACTB,158687,AR
7,146536996,2766373,G,A,CNTNAP2,163681,AR
7,146536995,1371355,G,A,CNTNAP2,163681,AR
1,43201702,1687613,C,G,CLDN19,163681,AR
15,90196095,587434,G,A,KIF7,166024,AR
15,90173657,264771,T,C,KIF7,166024,AR
2,219922163,8871,A,G,IHH,166024,AR
12,49484922,981236,G,T,DHH,168563,AR
12,49484957,981235,C,A,DHH,168563,AR
2,219922163,8871,A,G,IHH,168563,AR
2,220011458,983,G,A,NHEJ1,169079,AR
2,219942874,536739,G,A,NHEJ1,169079,AR
8,48701749,154323,G,A,PRKDC,169079,AR
11,3988863,375471,T,C,STIM1,169090,AR
11,4045158,41483,A,G,STIM1,169090,AR
12,122064924,1283,C,T,ORAI1,169090,AR
12,6458573,992425,T,C,SCNN1A,171876,AR
12,6463602,1526188,A,C,SCNN1A,171876,AR
19,13320281,1075147,G,T,CACNA1A,171876,AR
1,66038102,619954,A,C,LEPR,179494,AR
1,66087142,8522,G,A,LEPR,179494,AR
1,43803530,2938714,G,A,MPL,179494,AR
3,38180469,7496,T,C,MYD88,183713,AR
3,38180348,1323304,G,T,MYD88,183713,AR
12,44162002,533523,G,T,IRAK4,183713,AR
22,38522451,30367,G,A,PLA2G6,199351,AR
22,38541654,30368,G,T,PLA2G6,199351,AR
1,186863296,9079,T,C,PLA2G4A,199351,AR
14,77744736,2921970,C,T,POMT2,206559,AR
14,77743729,3230,C,G,POMT2,206559,AR
8,42958734,1076046,C,T,POMK,206559,AR
3,126222885,973482,C,T,UROC1,210128,AR
3,126216984,407,G,A,UROC1,210128,AR
2,138727776,219125,G,A,HNMT,210128,AR
8,145739097,6069,C,G,RECQL4,221016,AR
8,145739097,6065,C,A,RECQL4,221016,AR
17,38450640,30271,C,G,CDC6,221016,AR
1,53666440,1322159,C,T,CPT2,228305,AR
1,53662764,8954,C,A,CPT2,228305,AR
19,50195618,189198,C,T,CPT1C,228305,AR
20,33067440,2842542,G,A,ITCH,228426,AR
20,32996580,2840554,G,A,ITCH,228426,AR
17,57105977,56567,G,A,TRIM37,228426,AR
7,94025130,17276,A,G,COL1A2,230851,AR
7,94035043,17273,G,A,COL1A2,230851,AR
21,47401822,649269,C,T,COL6A1,230851,AR
11,36595848,649706,C,T,RAG1,231154,AR
11,36595545,2678203,C,T,RAG1,231154,AR
10,14950841,2506241,G,A,DCLRE1C,231154,AR
5,1411443,16764,G,A,SLC6A3,238455,AR
5,1411357,29685,C,T,SLC6A3,238455,AR
7,25163594,180656,A,G,CYCS,238455,AR
3,53139754,207987,C,T,RFT1,244310,AR
3,53126621,207990,T,C,RFT1,244310,AR
11,118967880,3233256,T,A,DPAGT1,244310,AR
1,27121291,1286,C,A,PIGV,247262,AR
1,27121547,1287,C,T,PIGV,247262,AR
20,44045219,225546,G,T,PIGT,247262,AR
9,133333869,6332,C,T,ASS1,247525,AR
9,133329761,1457481,G,A,ASS1,247525,AR
2,211438025,2420,C,T,CPS1,247525,AR
2,202591591,4416,T,C,ALS2,247604,AR
2,202588094,807368,C,A,ALS2,247604,AR
16,9858097,2093890,C,A,GRIN2A,247604,AR
11,94180442,184445,G,A,MRE11,251347,AR
11,94170372,8782,G,A,MRE11,251347,AR
11,108098352,3148226,A,T,ATM,251347,AR
1,183212404,1332785,C,T,LAMC2,251393,AR
1,183197690,1687260,C,A,LAMC2,251393,AR
8,42146209,1357742,C,T,IKBKB,251393,AR
16,66547698,12709,A,T,TK2,254875,AR
16,66547641,1686261,G,A,TK2,254875,AR
8,105405062,863103,G,A,DPYS,254875,AR
18,43667165,50353,G,A,ATP5F1A,254913,AR
17,17931590,1995,A,T,ATPAF2,254913,AR
5,218471,8744,A,C,SDHA,254913,AR
3,58414218,978589,A,G,PDHB,255138,AR
3,58413811,13189,G,A,PDHB,255138,AR
9,94985660,253318,A,T,IARS1,255138,AR
3,148712003,2045936,C,T,GYG1,263297,AR
3,148711931,1946636,C,T,GYG1,263297,AR
3,81586091,2786,C,A,GBE1,263297,AR
10,73765683,2083760,T,A,CHST3,263463,AR
10,73766929,1685635,G,C,CHST3,263463,AR
15,101718386,30714,G,C,CHSY1,263463,AR
1,155112463,4702,A,G,DPM3,263494,AR
1,155112463,694278,A,T,DPM3,263494,AR
16,8891573,656718,G,T,PMM2,263494,AR
16,30760163,947470,G,T,PHKG2,264580,AR
16,30760213,2862845,C,A,PHKG2,264580,AR
3,123382947,427851,C,A,MYLK,264580,AR
10,90984877,1685926,A,T,LIPA,275761,AR
10,90987966,554864,C,T,LIPA,275761,AR
11,121174170,7354,G,A,SC5D,275761,AR
13,52586581,2898658,C,A,ALG11,280071,AR
13,52593261,18393,T,C,ALG11,280071,AR
16,5121861,2816535,C,A,ALG1,280071,AR
3,49548008,1073860,C,A,DAG1,280333,AR
3,49548253,842859,G,A,DAG1,280333,AR
17,79477735,18320,A,G,ACTG1,280333,AR
18,59751784,2019913,C,A,PIGN,280633,AR
18,59751768,2959573,C,T,PIGN,280633,AR
2,197712670,101081,C,A,PGAP1,280633,AR
1,114438931,1334912,G,A,AP4B1,280763,AR
1,114438878,932008,A,G,AP4B1,280763,AR
6,160490993,14795,G,T,IGF2R,280763,AR
17,7976131,995726,G,C,ALOX12B,281122,AR
17,7976101,995478,G,T,ALOX12B,281122,AR
4,108852800,989059,A,C,CYP2U1,281122,AR
11,18422549,2903039,C,A,LDHA,284426,AR
11,18424473,2137028,C,T,LDHA,284426,AR
17,4859870,1285634,G,A,ENO3,284426,AR
12,58159871,380287,C,T,CYP27B1,289157,AR
11,14907321,977184,C,T,PDE3B,289157,AR
11,121174170,7354,G,A,SC5D,289157,AR
6,132189267,1699963,G,A,ENPP1,289176,AR
6,132181528,13594,G,T,ENPP1,289176,AR
11,88911182,3793,C,T,TYR,289176,AR
6,86181054,29687,C,A,NT5E,289601,AR
6,86197176,29688,G,A,NT5E,289601,AR
14,20940525,13995,C,T,PNP,289601,AR
2,202582807,1805070,T,A,ALS2,293168,AR
2,202571621,1446510,G,A,ALS2,293168,AR
16,9858097,2093890,C,A,GRIN2A,293168,AR
2,3691502,30970,G,A,COLEC11,293843,AR
2,3691397,30968,T,C,COLEC11,293843,AR
8,120118124,417735,C,G,COLEC10,293843,AR
2,9633918,1908951,G,A,ADAM17,294023,AR
7,55225431,157499,G,A,EGFR,294023,AR
1,120458180,30061,G,A,NOTCH2,294023,AR
1,6530920,873314,G,A,PLEKHG5,300605,AR
2,202572614,873268,G,A,ALS2,300605,AR
16,9858097,2093890,C,A,GRIN2A,300605,AR
19,18170790,2786378,C,A,IL12RB1,319552,AR
19,18171930,579038,A,C,IL12RB1,319552,AR
5,158743780,970534,G,T,IL12B,319552,AR
14,102843092,1071213,G,T,TECPR2,320385,AR
14,102843109,2719341,C,G,TECPR2,320385,AR
18,43435636,1075179,G,A,EPG5,320385,AR
10,104850414,1685994,A,G,NT5C2,320396,AR
10,104850446,952332,A,T,NT5C2,320396,AR
14,20940525,13995,C,T,PNP,320396,AR
4,108852800,989059,A,C,CYP2U1,320411,AR
4,108866548,3255488,C,T,CYP2U1,320411,AR
7,139575393,1031016,G,T,TBXAS1,320411,AR
6,146480672,626248,C,T,GRM1,324262,AR
6,146673559,984959,C,T,GRM1,324262,AR
3,4703764,617623,A,T,ITPR1,324262,AR
9,130698919,2745894,G,A,DPM2,329178,AR
9,130698855,1065329,C,T,DPM2,329178,AR
16,8891573,656718,G,T,PMM2,329178,AR
11,36595466,2943710,G,A,RAG1,331206,AR
11,36595837,13160,G,A,RAG1,331206,AR
10,14950841,2506241,G,A,DCLRE1C,331206,AR
11,66455710,3237165,C,A,SPTBN2,352403,AR
11,66472866,64367,G,T,SPTBN2,352403,AR
20,9364980,209128,A,C,PLCB4,352403,AR
7,107601650,42015,C,A,LAMB1,352682,AR
7,107615471,225688,C,A,LAMB1,352682,AR
14,65543357,232919,G,T,MAX,352682,AR
11,88911182,3793,C,T,TYR,352731,AR
11,88911253,1066111,T,A,TYR,352731,AR
11,95569314,623390,G,A,MTMR2,352731,AR
2,69555445,1949433,A,C,GFPT1,353327,AR
1,95530516,183013,G,A,ALG14,353327,AR
9,101980715,1676197,C,A,ALG2,353327,AR
12,124206996,21499,G,A,ATP6V0A2,357058,AR
12,124239084,844,C,T,ATP6V0A2,357058,AR
8,20073966,1334193,A,G,ATP6V1B2,357058,AR
15,101718386,30714,G,C,CHSY1,363417,AR
15,101775785,30713,G,C,CHSY1,363417,AR
10,73765683,2083760,T,A,CHST3,363417,AR
4,94436497,427806,C,T,GRID2,363432,AR
4,94031937,930201,C,T,GRID2,363432,AR
19,52715971,190313,C,T,PPP2R1A,363432,AR
3,49761096,60542,G,A,GMPPB,363623,AR
3,49760449,560362,T,C,GMPPB,363623,AR
19,34856185,13647,C,T,GPI,363623,AR
1,94463499,236149,G,A,ABCA4,364055,AR
1,94463537,99473,G,T,ABCA4,364055,AR
10,101567988,8414,T,A,ABCC2,364055,AR
20,44045219,225546,G,T,PIGT,369837,AR
20,44045240,1418074,C,T,PIGT,369837,AR
9,35090065,2732848,G,A,PIGO,369837,AR
18,6975935,1323159,C,G,LAMA1,370022,AR
18,6949099,983560,C,T,LAMA1,370022,AR
19,18273784,39808,G,A,PIK3R2,370022,AR
3,31663820,102449,G,T,STT3B,370924,AR
3,31574528,1686968,C,G,STT3B,370924,AR
11,77823792,1406714,G,A,ALG8,370924,AR
1,65831790,219301,C,T,DNAJC6,391411,AR
1,65851582,976692,C,T,DNAJC6,391411,AR
7,55225431,157499,G,A,EGFR,391411,AR
17,40715063,2716492,C,A,COASY,397725,AR
17,40714815,100663,C,T,COASY,397725,AR
22,24898187,1702976,T,G,UPB1,397725,AR
10,97604339,101077,G,T,ENTPD1,401810,AR
10,97605168,101076,G,A,ENTPD1,401810,AR
1,97564161,1805301,C,A,DPYD,401810,AR
4,156632362,127095,C,T,GUCY1A1,401945,AR
4,156632404,127094,G,A,GUCY1A1,401945,AR
15,66727442,13350,T,C,MAP2K1,401945,AR
16,731227,127149,G,A,STUB1,412057,AR
16,731160,2584742,C,G,STUB1,412057,AR
12,109921417,225041,G,T,UBE3B,412057,AR
12,102140647,2499513,A,G,GNPTAB,423461,AR
12,102147157,2949726,G,A,GNPTAB,423461,AR
5,77334942,2739632,G,A,AP3B1,423461,AR
1,220275600,638569,T,C,IARS2,436174,AR
1,220312456,638572,A,G,IARS2,436174,AR
9,94985660,253318,A,T,IARS1,436174,AR
5,82400728,208517,G,T,XRCC4,436182,AR
5,82400865,1329084,T,A,XRCC4,436182,AR
13,108860927,1020928,G,C,LIG4,436182,AR
5,167913504,162083,A,G,RARS1,438114,AR
5,167913508,162080,A,G,RARS1,438114,AR
1,33263369,6189,C,T,YARS1,438114,AR
11,13733493,162213,C,T,FAR1,438178,AR
11,13736194,162214,A,G,FAR1,438178,AR
12,7343049,2034747,C,T,PEX5,438178,AR
17,79770058,1064738,G,A,GCGR,438274,AR
17,79768793,1064733,C,T,GCGR,438274,AR
3,46937356,13750,C,T,PTH1R,438274,AR
6,83880062,133316,C,G,PGM3,443811,AR
6,83880131,1929387,G,A,PGM3,443811,AR
15,75182894,2769293,C,T,MPI,443811,AR
15,63907989,984952,C,G,HERC1,457359,AR
15,63915976,243011,C,T,HERC1,457359,AR
15,25584285,136203,T,A,UBE3A,457359,AR
19,50365445,187766,C,A,PNKP,459033,AR
19,50370314,692103,G,C,PNKP,459033,AR
14,90459764,3424,A,G,TDP1,459033,AR
19,35793506,976659,C,T,MAG,459056,AR
19,35786868,218187,C,G,MAG,459056,AR
10,15686209,126500,C,T,ITGA8,459056,AR
16,46934660,983537,C,T,GPT2,477673,AR
16,46918697,522105,C,T,GPT2,477673,AR
17,3379456,2826210,G,A,ASPA,477673,AR
5,140908023,217754,G,A,DIAPH1,477814,AR
5,140903709,7528,C,A,DIAPH1,477814,AR
17,79477735,18320,A,G,ACTG1,477814,AR
5,79950607,2673571,C,T,DHFR,480536,AR
5,79950631,2673497,C,T,DHFR,480536,AR
11,112097167,1067348,A,G,PTS,480536,AR
17,61784609,2790856,G,A,STRADA,500533,AR
17,61781765,536756,G,A,STRADA,500533,AR
16,2098642,65313,C,G,TSC2,500533,AR
4,39301879,2577537,C,T,RFC1,504476,AR
4,39303896,2577536,A,G,RFC1,504476,AR
19,50920507,1301641,G,A,POLD1,504476,AR
8,22265844,242924,T,G,SLC39A14,521406,AR
8,22265865,242925,G,T,SLC39A14,521406,AR
2,120003372,50372,C,A,STEAP3,521406,AR
8,145140988,1685859,C,T,GPAA1,529665,AR
8,145140489,1805088,C,T,GPAA1,529665,AR
2,197712670,101081,C,A,PGAP1,529665,AR
1,1167659,60484,A,G,B3GALT6,536467,AR
1,1167660,1452181,T,C,B3GALT6,536467,AR
16,17211598,1977942,C,T,XYLT1,536467,AR
9,94985660,253318,A,T,IARS1,541423,AR
9,95005524,253322,T,C,IARS1,541423,AR
6,30884022,3255217,G,T,VARS2,541423,AR
15,52416686,1685857,C,G,GNB5,542306,AR
15,52416814,268102,G,C,GNB5,542306,AR
1,1737942,224715,A,T,GNB1,542306,AR
17,7980230,929296,C,T,ALOX12B,542310,AR
17,8076766,929264,G,C,TMEM107,542310,AR
4,108852800,989059,A,C,CYP2U1,542310,AR
1,150990382,932732,T,C,PRUNE1,544469,AR
1,150990970,427231,C,A,PRUNE1,544469,AR
6,132129383,1699972,A,T,ENPP1,544469,AR
