CHROM_x,POS_x,ID_x,REF_x,ALT_x,GENEINFO_x,ORPHACODE,INHERITANCE,CHROM_y,POS_y,ID_y,REF_y,ALT_y,GENEINFO_y,GENE
4,1806104,16330,G,T,FGFR3,15,AD,15,66727442,13350,T,C,MAP2K1,FGFR3
7,138391446,1344704,T,C,ATP6V0A4,18,AD,7,117120149,53423,A,G,CFTR,ATP6V0A4
1,154557734,2023208,A,T,ADAR,41,AD,8,42146209,1357742,C,T,IKBKB,ADAR
1,154558656,1184494,C,T,ADAR,51,AD,8,42146209,1357742,C,T,IKBKB,ADAR
2,227872191,17408,G,T,COL4A4,63,AD,10,89624227,484600,A,G,PTEN,COL4A4
1,10003561,978238,C,T,NMNAT1,65,AD,2,143685263,978270,G,C,KYNU,NMNAT1
1,173873040,18031,G,A,SERPINC1,82,AD,4,155526147,2572634,G,A,FGG,SERPINC1
10,123276856,1066784,G,A,FGFR2,87,AD,3,178916854,376478,G,A,PIK3CA,FGFR2
19,13320281,1075147,G,T,CACNA1A,97,AD,20,57466784,1332852,G,T,GNAS,CACNA1A
8,72123405,459253,G,A,EYA1,107,AD,4,175414300,2499675,A,T,HPGD,EYA1
5,176562311,575024,C,A,NSD1,116,AD,17,19552334,816625,C,A,ALDH3A2,NSD1
17,17118298,2578474,C,A,FLCN,122,AD,16,1552986,1686256,C,T,TELO2,FLCN
1,24019213,1069986,G,T,RPL11,124,AD,8,56985758,981187,A,C,RPS20,RPL11
19,15291038,1807354,C,A,NOTCH3,136,AD,9,139399475,1279937,C,T,NOTCH1,NOTCH3
2,47630358,91055,C,T,MSH2,144,AD,7,6013143,1791841,C,A,PMS2,MSH2
2,55895068,3233882,A,C,PNPT1,145,AD,9,133577618,446203,G,A,EXOSC2,PNPT1
19,49468604,1321316,C,G,FTL,163,AD,11,61727034,1804163,T,G,FTH1,FTL
4,2833300,7551,G,A,SH3BP2,184,AD,3,12626123,13960,G,C,RAF1,SH3BP2
5,36953801,159103,G,T,NIPBL,199,AD,3,136287610,995415,G,A,STAG1,NIPBL
3,178917478,156446,G,A,PIK3CA,201,AD,1,9777666,578525,C,G,PIK3CD,PIK3CA
10,123276856,13265,G,C,FGFR2,207,AD,3,178916854,376478,G,A,PIK3CA,FGFR2
16,50813764,267233,C,T,CYLD,211,AD,1,949523,183381,C,T,ISG15,CYLD
1,94508386,438093,C,A,ABCA4,215,AD,10,101567988,8414,T,A,ABCC2,ABCA4
12,110719662,17789,G,A,ATP2A2,218,AD,7,73442518,2735031,A,G,ELN,ATP2A2
12,50344616,998050,G,T,AQP2,223,AD,20,57466784,1332852,G,T,GNAS,AQP2
12,49484948,561189,G,C,DHH,242,AD,2,219922163,8871,A,G,IHH,DHH
2,49190243,16245,G,A,FSHR,243,AD,7,45753346,139587,C,T,ADCY1,FSHR
1,149897727,31653,C,T,SF3B4,245,AD,2,96953697,39746,C,A,SNRNP200,SF3B4
1,156084725,14477,C,T,LMNA,261,AD,12,110719662,17789,G,A,ATP2A2,LMNA
3,128780794,13531,T,C,GP9,274,AD,3,154802027,265743,G,A,MME,GP9
2,189839245,101435,G,A,COL3A1,286,AD,3,128780652,13533,T,C,GP9,COL3A1
2,189901522,2584502,G,C,COL5A2,287,AD,17,48262867,17332,A,G,COL1A1,COL5A2
1,29320002,16715,T,C,EPB41,288,AD,7,5567390,495295,T,A,ACTB,EPB41
2,215845332,2858,C,T,ABCA12,313,AD,6,32815380,2848869,G,A,TAP1,ABCA12
8,118816963,946511,G,A,EXT1,321,AD,5,149922489,161410,G,T,NDST1,EXT1
13,113771142,1322860,C,T,F7,327,AD,4,110667659,2577424,C,T,CFI,F7
4,187195269,371555,G,A,F11,329,AD,1,169483622,3339457,G,A,F5,F11
4,155488933,800648,T,C,FGB,335,AD,8,120118124,417735,C,G,COLEC10,FGB
2,158617589,18310,C,T,ACVR1,337,AD,7,100224453,5384,T,G,TFR2,ACVR1
16,3293447,36507,C,G,MEFV,342,AD,17,5487048,50316,A,G,NLRP1,MEFV
11,32413513,3493,C,T,WT1,347,AD,22,37535259,545515,G,A,IL2RB,WT1
20,4680180,13404,C,T,PRNP,356,AD,2,88870391,5876,C,T,EIF2AK3,PRNP
9,98212205,948335,A,C,PTCH1,377,AD,2,170034511,9455,G,A,LRP2,PTCH1
7,42004164,1381542,G,A,GLI3,380,AD,15,90172318,2157762,G,A,KIF7,GLI3
10,43595944,599630,G,A,RET,388,AD,1,243716231,995385,A,C,AKT3,RET
3,121973106,2171040,C,T,CASR,405,AD,20,9364980,209128,A,C,PLCB4,CASR
19,45411788,17852,A,G,APOE,412,AD,10,90762865,580709,T,A,FAS,APOE
1,201009753,2162033,G,T,CACNA1S,423,AD,20,4680171,13395,C,T,PRNP,CACNA1S
14,81606172,6452,G,A,TSHR,424,AD,1,115576077,12685,G,T,TSHB,TSHR
9,107550750,9502,A,G,ABCA1,425,AD,2,169781229,1410817,G,A,ABCB11,ABCA1
3,121980543,3068868,C,T,CASR,428,AD,20,9364980,209128,A,C,PLCB4,CASR
4,1803655,16357,A,G,FGFR3,429,AD,15,66727442,13350,T,C,MAP2K1,FGFR3
1,204159690,30349,G,C,KISS1,432,AD,19,54385855,1298291,A,G,PRKCG,KISS1
1,21890619,1073912,G,A,ALPL,436,AD,14,55310737,2925514,A,G,GCH1,ALPL
3,71830739,156561,C,T,PROK2,478,AD,3,50293694,15905,C,G,GNAI2,PROK2
12,48380228,17369,T,C,COL2A1,485,AD,2,160982927,180685,G,A,ITGB6,COL2A1
3,12627244,21342,G,A,RAF1,500,AD,13,48877851,13086,G,A,RB1,RAF1
3,58067395,6405,G,A,FLNB,503,AD,3,50681853,254177,T,C,MAPKAPK3,FLNB
1,241667387,393577,C,A,FH,523,AD,1,161284196,2055039,A,C,SDHC,FH
17,7573976,2431091,T,A,TP53,524,AD,2,16082403,13896,G,T,MYCN,TP53
16,23392046,8837,C,G,SCNN1B,526,AD,12,6458573,992425,T,C,SCNN1A,SCNN1B
3,57272139,208075,G,A,APPL1,552,AD,15,66727442,13350,T,C,MAP2K1,APPL1
3,30713506,263412,G,T,TGFBR2,558,AD,18,48573537,2840181,G,T,SMAD4,TGFBR2
1,160097494,12922,G,A,ATP1A2,569,AD,5,482805,986310,T,C,SLC9A3,ATP1A2
1,247587682,97987,G,A,NLRP3,575,AD,1,92712657,549853,C,A,GLMN,NLRP3
1,957748,3255595,C,A,AGRN,590,AD,17,48152962,35571,G,A,ITGA3,AGRN
19,38948794,242414,C,T,RYR1,597,AD,20,4680171,13395,C,T,PRNP,RYR1
19,38985234,936942,C,T,RYR1,598,AD,20,4680171,13395,C,T,PRNP,RYR1
9,36218225,3241709,C,T,GNE,602,AD,5,73981179,800874,C,T,HEXB,GNE
2,238234312,1452162,C,T,COL6A3,610,AD,21,47401822,649269,C,T,COL6A1,COL6A3
7,124467339,1395307,G,A,POT1,618,AD,15,34634264,4279,G,A,NOP10,POT1
17,29422056,1379698,G,C,NF1,636,AD,1,115256529,280409,T,G,NRAS,NF1
17,29541604,503701,G,A,NF1,638,AD,1,115256529,280409,T,G,NRAS,NF1
1,115258681,39647,G,A,NRAS,648,AD,5,86564633,952905,C,A,RASA1,NRAS
10,43596088,2698901,G,A,RET,653,AD,1,243716231,995385,A,C,AKT3,RET
7,42004173,566915,C,A,GLI3,672,AD,15,90172318,2157762,G,A,KIF7,GLI3
1,201019586,2174972,C,T,CACNA1S,681,AD,20,4680171,13395,C,T,PRNP,CACNA1S
11,31812410,3468,T,C,PAX6,708,AD,11,2182047,931331,G,A,INS,PAX6
8,38275745,463529,C,T,FGFR1,710,AD,10,123246937,2735492,C,T,FGFR2,FGFR1
5,112102954,1697514,G,A,APC,733,AD,3,41266097,376228,G,A,CTNNB1,APC
15,28386993,931703,C,T,HERC2,739,AD,11,94163150,1800260,C,T,MRE11,HERC2
1,156107455,66858,T,C,LMNA,740,AD,12,110719662,17789,G,A,ATP2A2,LMNA
2,128176001,678,T,C,PROC,745,AD,1,169483622,3339457,G,A,F5,PROC
19,18895866,40995,G,A,COMP,750,AD,8,128750625,12576,G,C,MYC,COMP
2,225368368,100525,C,G,CUL3,757,AD,22,21336663,3238279,G,A,LZTR1,CUL3
4,111539698,8088,C,T,PITX2,782,AD,15,67358646,213797,G,T,SMAD3,PITX2
16,3778741,2819259,G,A,CREBBP,783,AD,11,46334170,982569,C,T,CREB3L1,CREBBP
5,142661547,16152,A,C,NR3C1,786,AD,8,27321071,522582,T,A,CHRNA2,NR3C1
13,48878136,3237021,G,T,RB1,790,AD,12,58145430,16929,C,T,CDK4,RB1
1,26764704,1214981,C,T,DHDDS,791,AD,5,43292710,2580362,A,G,HMGCS1,DHDDS
7,155596390,931342,C,T,SHH,799,AD,12,49483829,1685695,A,G,DHH,SHH
2,212288966,64625,C,T,ERBB4,803,AD,3,178916854,376478,G,A,PIK3CA,ERBB4
9,135772847,64842,G,A,TSC1,805,AD,19,1206931,1378041,C,T,STK11,TSC1
11,2905349,192361,C,A,CDKN1C,813,AD,15,67358646,213797,G,T,SMAD3,CDKN1C
5,176631220,1452878,G,T,NSD1,821,AD,17,19552334,816625,C,A,ALDH3A2,NSD1
1,94463583,99468,A,G,ABCA4,827,AD,10,101567988,8414,T,A,ABCC2,ABCA4
1,103381186,39776,C,T,COL11A1,828,AD,17,48262867,17332,A,G,COL1A1,COL11A1
2,113332905,932313,C,A,POLR1B,861,AD,13,28197137,31051,T,G,POLR1D,POLR1B
3,10183724,547829,T,C,VHL,892,AD,1,218610764,1300138,C,A,TGFB2,VHL
13,78477678,16634,G,C,EDNRB,897,AD,3,4703764,617623,A,T,ITPR1,EDNRB
12,6078503,299,G,A,VWF,903,AD,3,186953600,30077,C,T,MASP1,VWF
2,175432630,30266,G,C,WIPF1,906,AD,17,79477735,18320,A,G,ACTG1,WIPF1
4,5564705,102430,A,C,EVC2,952,AD,9,98212121,844500,A,C,PTCH1,EVC2
1,120458226,30058,A,C,NOTCH2,955,AD,9,139399475,1279937,C,T,NOTCH1,NOTCH2
15,48737664,547334,G,T,FBN1,969,AD,6,161137712,13577,G,A,PLG,FBN1
6,121768112,435323,C,T,GJA1,1010,AD,1,156084710,1076704,A,T,LMNA,GJA1
1,227073247,8851,C,G,PSEN2,1020,AD,7,25163594,180656,A,G,CYCS,PSEN2
3,4712588,235916,C,T,ITPR1,1065,AD,12,26553099,189316,C,T,ITPR2,ITPR1
9,35685747,12460,G,C,TPM2,1146,AD,14,23863473,14150,G,A,MYH6,TPM2
19,42474427,156238,C,T,ATP1A3,1171,AD,5,482805,986310,T,C,SLC9A3,ATP1A3
3,58062997,126375,G,A,FLNB,1190,AD,3,50681853,254177,T,C,MAPKAPK3,FLNB
12,20769228,193020,C,A,PDE3A,1276,AD,19,18273784,39808,G,A,PIK3R2,PDE3A
2,16082403,13896,G,T,MYCN,1305,AD,14,65543357,232919,G,T,MAX,MYCN
17,48272803,1685647,C,G,COL1A1,1310,AD,17,42449792,1879037,C,T,ITGA2B,COL1A1
19,41848114,12528,A,G,TGFB1,1328,AD,1,43392737,871442,G,A,SLC2A1,TGFB1
17,41226500,186016,C,T,BRCA1,1333,AD,6,119149088,156587,A,G,MCM9,BRCA1
7,140453139,280033,G,C,BRAF,1340,AD,15,66727442,13350,T,C,MAP2K1,BRAF
17,66511586,279877,C,T,PRKAR1A,1359,AD,9,71628787,162394,G,C,PRKACG,PRKAR1A
20,2447847,183434,G,T,SNRPB,1393,AD,12,7189381,375582,A,G,C1R,SNRPB
1,247588469,4376,T,C,NLRP3,1451,AD,1,92712657,549853,C,A,GLMN,NLRP3
6,45390642,802220,C,A,RUNX2,1452,AD,4,15987579,813203,C,T,PROM1,RUNX2
1,27056352,560946,C,T,ARID1A,1465,AD,3,123010201,162092,A,T,ADCY5,ARID1A
12,21997818,31948,C,T,ABCC9,1517,AD,2,169781229,1410817,G,A,ABCB11,ABCC9
8,38282208,16279,G,C,FGFR1,1540,AD,10,123246937,2735492,C,T,FGFR2,FGFR1
7,156798569,14855,T,C,MNX1,1552,AD,1,155261571,983093,G,A,PKLR,MNX1
10,123274768,478046,C,T,FGFR2,1555,AD,3,178916854,376478,G,A,PIK3CA,FGFR2
1,207641888,638326,T,A,CR2,1572,AD,4,26407886,37053,A,G,RBPJ,CR2
3,169482441,7320,G,C,TERC,1775,AD,16,14576520,2936222,G,A,PARN,TERC
12,48370323,1708151,C,T,COL2A1,1856,AD,2,160982927,180685,G,A,ITGB6,COL2A1
4,1806092,16333,A,T,FGFR3,1860,AD,15,66727442,13350,T,C,MAP2K1,FGFR3
2,99012600,284032,G,C,CNGA3,1871,AD,19,47111841,409871,A,C,CALM3,CNGA3
1,94473297,522459,C,A,ABCA4,1872,AD,10,101567988,8414,T,A,ABCC2,ABCA4
1,44364907,1371937,C,T,ST3GAL3,1934,AD,11,66113561,1252009,C,A,B4GAT1,ST3GAL3
1,43394667,433085,T,A,SLC2A1,1945,AD,19,41848114,12528,A,G,TGFB1,SLC2A1
16,68844172,438813,G,T,CDH1,1997,AD,8,128750625,12576,G,C,MYC,CDH1
1,154142893,462142,G,T,TPM3,2020,AD,7,140449165,162797,A,C,BRAF,TPM3
1,103455118,29648,C,G,COL11A1,2021,AD,17,48262867,17332,A,G,COL1A1,COL11A1
4,119644725,189339,G,A,SEC24D,2050,AD,14,39536460,1228,A,G,SEC23A,SEC24D
17,10543521,14141,A,T,MYH3,2053,AD,14,23883056,14117,T,A,MYH7,MYH3
15,48758017,36082,G,A,FBN1,2084,AD,6,161137712,13577,G,A,PLG,FBN1
8,38271682,66078,C,T,FGFR1,2117,AD,10,123246937,2735492,C,T,FGFR2,FGFR1
12,122295713,570062,G,A,HPD,2118,AD,16,71602163,404,G,A,TAT,HPD
1,160109525,12925,C,T,ATP1A2,2131,AD,5,482805,986310,T,C,SLC9A3,ATP1A2
1,196658711,635491,C,T,CFH,2134,AD,4,110667659,2577424,C,T,CFI,CFH
19,7119574,14683,C,G,INSR,2297,AD,22,22123608,917749,G,C,MAPK1,INSR
17,40468917,224848,G,A,STAT3,2314,AD,21,34640769,836516,G,A,IL10RB,STAT3
11,118369084,430819,G,A,KMT2A,2322,AD,8,72123390,1069048,C,A,EYA1,KMT2A
1,156084893,66868,C,G,LMNA,2348,AD,12,110719662,17789,G,A,ATP2A2,LMNA
5,44388595,1322898,C,A,FGF10,2363,AD,4,1803564,16332,C,T,FGFR3,FGF10
9,130981471,156557,G,C,DNM1,2382,AD,12,32832302,446169,A,C,DNM1L,DNM1
3,25542721,88760,C,T,RARB,2470,AD,7,55225431,157499,G,A,EGFR,RARB
12,112888166,13330,A,G,PTPN11,2499,AD,6,149700405,1454884,C,T,TAB2,PTPN11
1,52850936,30235,T,C,ORC1,2554,AD,3,127318284,235129,C,T,MCM2,ORC1
4,156634421,559596,C,T,GUCY1A1,2573,AD,15,66727442,13350,T,C,MAP2K1,GUCY1A1
18,48593559,548563,T,C,SMAD4,2588,AD,12,52377883,1174607,G,A,ACVR1B,SMAD4
5,149500488,375681,T,A,PDGFRB,2591,AD,14,90870723,2100843,G,T,CALM1,PDGFRB
1,160162620,3233252,G,A,CASQ1,2593,AD,8,62415992,137615,G,A,ASPH,CASQ1
2,74128554,694268,C,T,ACTG2,2604,AD,2,28999810,254648,C,G,PPP1CB,ACTG2
8,38277214,16287,T,C,FGFR1,2645,AD,10,123246937,2735492,C,T,FGFR2,FGFR1
8,97316309,97036,T,C,PTDSS1,2658,AD,16,55553232,625853,G,A,LPCAT2,PTDSS1
17,29585518,336,A,G,NF1,2678,AD,1,115256529,280409,T,G,NRAS,NF1
19,852937,2947200,C,G,ELANE,2686,AD,17,56350118,995959,C,T,MPO,ELANE
6,121768024,29668,C,T,GJA1,2710,AD,1,156084710,1076704,A,T,LMNA,GJA1
19,15271776,224883,G,C,NOTCH3,2789,AD,9,139399475,1279937,C,T,NOTCH1,NOTCH3
19,1207020,486996,C,G,STK11,2869,AD,17,61781765,536756,G,A,STRADA,STK11
4,55594287,13843,G,A,KIT,2884,AD,3,178916854,376478,G,A,PIK3CA,KIT
10,88635778,843741,G,T,BMPR1A,2929,AD,7,100224453,5384,T,G,TFR2,BMPR1A
1,240071103,974798,G,A,CHRM3,2970,AD,20,9364980,209128,A,C,PLCB4,CHRM3
17,79477850,18317,G,C,ACTG1,2995,AD,7,5567390,495295,T,A,ACTB,ACTG1
2,48915206,14389,G,A,LHCGR,3000,AD,3,123010201,162092,A,T,ADCY5,LHCGR
6,157150553,397537,C,T,ARID1B,3051,AD,17,38787122,957528,G,A,SMARCE1,ARID1B
11,533553,12605,T,C,HRAS,3071,AD,5,86564633,952905,C,A,RASA1,HRAS
1,27107014,1693158,C,T,ARID1A,3157,AD,3,123010201,162092,A,T,ADCY5,ARID1A
5,67569789,1452339,C,G,PIK3R1,3163,AD,19,18273784,39808,G,A,PIK3R2,PIK3R1
9,36217506,2946919,A,T,GNE,3166,AD,5,73981179,800874,C,T,HEXB,GNE
7,73442518,2735031,A,G,ELN,3193,AD,16,28890835,1323806,G,A,ATP2A1,ELN
4,157999299,802099,G,A,GLRB,3197,AD,6,161137712,13577,G,A,PLG,GLRB
11,4095850,132887,C,T,STIM1,3204,AD,12,122064924,1283,C,T,ORAI1,STIM1
13,22246235,444874,A,G,FGF9,3237,AD,15,41222847,204375,G,C,DLL4,FGF9
6,91261905,974910,T,C,MAP3K7,3238,AD,6,149700405,1454884,C,T,TAB2,MAP3K7
17,54671687,6703,C,T,NOG,3250,AD,14,54417385,29616,G,A,BMP4,NOG
1,172628684,1428184,C,T,FASLG,3261,AD,10,90762865,580709,T,A,FAS,FASLG
1,116243980,2717451,C,T,CASQ2,3286,AD,12,2224456,17635,C,T,CACNA1C,CASQ2
7,128480118,1707635,C,T,FLNC,3303,AD,15,66727442,13350,T,C,MAP2K1,FLNC
7,148504761,65675,C,T,EZH2,3447,AD,16,8988406,917895,C,A,USP7,EZH2
1,44365315,995834,C,A,ST3GAL3,3451,AD,11,66113561,1252009,C,A,B4GAT1,ST3GAL3
1,17349171,468235,T,A,SDHB,29072,AD,1,161284196,2055039,A,C,SDHC,SDHB
12,6442655,12340,C,T,TNFRSF1A,32960,AD,6,3105987,598789,C,A,RIPK1,TNFRSF1A
10,88813149,1072420,T,C,GLUD1,35878,AD,8,86376331,522744,C,A,CA2,GLUD1
3,70001033,14275,C,G,MITF,42665,AD,19,40762959,29804,C,T,AKT2,MITF
1,17349102,1072115,C,T,SDHB,44890,AD,1,161284196,2055039,A,C,SDHC,SDHB
1,247587671,97985,G,T,NLRP3,47045,AD,1,92712657,549853,C,A,GLMN,NLRP3
6,132172362,1699957,A,T,ENPP1,51608,AD,11,88911182,3793,C,T,TYR,ENPP1
2,136872471,14022,C,A,CXCR4,51636,AD,2,204801554,2002817,G,A,ICOS,CXCR4
9,35065352,1457378,T,C,VCP,52430,AD,11,47442253,1804031,G,A,PSMC3,VCP
1,43395392,1335936,C,A,SLC2A1,53583,AD,19,41848114,12528,A,G,TGFB1,SLC2A1
1,203832842,39506,G,A,SNRPE,55654,AD,1,145507648,1686124,G,A,RBM8A,SNRPE
14,23885260,143219,C,G,MYH7,59135,AD,3,48638433,1064663,T,G,UQCRC1,MYH7
3,30729968,213934,C,T,TGFBR2,60030,AD,18,48573537,2840181,G,T,SMAD4,TGFBR2
7,128477277,1705740,T,C,FLNC,63273,AD,15,66727442,13350,T,C,MAP2K1,FLNC
5,161495100,855508,C,A,GABRG2,64280,AD,5,151202483,1436466,A,T,GLRA1,GABRG2
6,7542233,1072843,G,T,DSP,65282,AD,7,5567390,495295,T,A,ACTB,DSP
10,89692985,7814,G,T,PTEN,65285,AD,14,105237142,40163,T,G,AKT1,PTEN
2,169781229,1410817,G,A,ABCB11,65682,AD,14,74754543,2728334,G,A,ABCD4,ABCB11
15,77323566,4435,G,A,PSTPIP1,69126,AD,8,42146209,1357742,C,T,IKBKB,PSTPIP1
7,87046627,1685489,C,T,ABCB4,69663,AD,14,74754543,2728334,G,A,ABCD4,ABCB4
1,43392737,871442,G,A,SLC2A1,71277,AD,19,41848114,12528,A,G,TGFB1,SLC2A1
3,168818692,218951,T,C,MECOM,71289,AD,15,66727442,13350,T,C,MAP2K1,MECOM
19,42471400,1059801,C,T,ATP1A3,71517,AD,5,482805,986310,T,C,SLC9A3,ATP1A3
13,110839630,17420,C,T,COL4A1,73229,AD,5,67569789,1452339,C,G,PIK3R1,COL4A1
15,99251080,635841,T,C,IGF1R,73273,AD,1,11174395,417723,A,G,MTOR,IGF1R
7,128470793,1361957,G,A,FLNC,75249,AD,15,66727442,13350,T,C,MAP2K1,FLNC
1,196643098,16562,T,G,CFH,75376,AD,4,110667659,2577424,C,T,CFI,CFH
6,42672347,13182,C,A,PRPH2,75377,AD,7,25163594,180656,A,G,CYCS,PRPH2
12,7189381,375582,A,G,C1R,75392,AD,12,7173830,267349,T,C,C1S,C1R
3,12434165,3024550,T,C,PPARG,79083,AD,2,113999247,988652,G,A,PAX8,PPARG
17,42929131,30401,G,A,EFTUD2,79113,AD,19,2324172,996070,C,T,LSM7,EFTUD2
10,78704609,437870,C,T,KCNMA1,79137,AD,7,45753346,139587,C,T,ADCY1,KCNMA1
12,110778507,17799,C,T,ATP2A2,79151,AD,7,73442518,2735031,A,G,ELN,ATP2A2
1,155287787,217746,G,A,FDPS,79152,AD,1,120293472,827683,G,A,HMGCS2,FDPS
11,118959008,1443,G,A,HMBS,79276,AD,3,98304477,126445,T,C,CPOX,HMBS
18,55217966,551,A,G,FECH,79278,AD,9,116151368,16866,C,T,ALAD,FECH
7,44184770,16140,C,T,GCK,79299,AD,17,73748303,3256594,G,C,GALK1,GCK
20,57466905,1065880,C,A,GNAS,79443,AD,9,71628787,162394,G,C,PRKACG,GNAS
20,57466872,1217738,C,T,GNAS,79444,AD,9,71628787,162394,G,C,PRKACG,GNAS
20,57478847,446491,G,A,GNAS,79445,AD,9,71628787,162394,G,C,PRKACG,GNAS
1,161136672,8703,T,C,PPOX,79473,AD,11,118959008,1443,G,A,HMBS,PPOX
16,50816379,5257,T,G,CYLD,79493,AD,1,949523,183381,C,T,ISG15,CYLD
1,92763018,523551,G,T,GLMN,83454,AD,1,247582131,2691257,G,T,NLRP3,GLMN
1,243716231,995385,A,C,AKT3,83473,AD,19,40762959,29804,C,T,AKT2,AKT3
2,216240408,16324,A,C,FN1,84090,AD,17,48152962,35571,G,A,ITGA3,FN1
4,1807803,16355,G,A,FGFR3,85164,AD,15,66727442,13350,T,C,MAP2K1,FGFR3
11,2905353,35532,T,C,CDKN1C,85173,AD,15,67358646,213797,G,T,SMAD3,CDKN1C
9,124073097,16180,G,A,GSN,85448,AD,1,9777666,578525,C,G,PIK3CD,GSN
11,116707769,17917,C,G,APOA1,85450,AD,11,68527709,9069,C,T,CPT1A,APOA1
1,205028310,541408,C,T,CNTN2,86814,AD,1,43201702,1687613,C,G,CLDN19,CNTN2
1,209788704,180676,G,T,LAMB3,88661,AD,6,129371200,1180611,C,T,LAMA2,LAMB3
12,4479729,36135,C,T,FGF23,89937,AD,10,103531285,599013,G,A,FGF8,FGF23
3,100447603,100909,C,T,TFG,90117,AD,8,128750625,12576,G,C,MYC,TFG
16,50744823,4694,G,A,NOD2,90340,AD,10,101964924,8946,G,A,CHUK,NOD2
10,97380934,2924294,G,A,ALDH18A1,90348,AD,17,19552334,816625,C,A,ALDH3A2,ALDH18A1
14,81558957,917858,G,T,TSHR,90673,AD,1,115576077,12685,G,T,TSHB,TSHR
17,36047397,635574,T,A,HNF1B,93111,AD,12,121416572,36814,A,G,HNF1A,HNF1B
17,48269248,1332753,C,A,COL1A1,93308,AD,17,42449792,1879037,C,T,ITGA2B,COL1A1
2,216299435,1683462,G,C,FN1,93315,AD,17,48152962,35571,G,A,ITGA3,FN1
12,48371427,1224342,C,T,COL2A1,93346,AD,2,160982927,180685,G,A,ITGB6,COL2A1
20,34025192,8384,T,C,GDF5,93384,AD,20,6759507,1703210,A,T,BMP2,GDF5
2,219922271,8873,G,A,IHH,93388,AD,1,210591583,987947,T,C,HHAT,IHH
4,96075771,6556,C,T,BMPR1B,93396,AD,13,37439797,56970,G,A,SMAD9,BMPR1B
22,21344815,1484880,G,C,LZTR1,93921,AD,1,115256529,280409,T,G,NRAS,LZTR1
12,48369790,978480,C,G,COL2A1,94068,AD,2,160982927,180685,G,A,ITGB6,COL2A1
11,125859541,978570,C,T,CDON,95496,AD,2,170034511,9455,G,A,LRP2,CDON
1,17355094,12790,C,G,SDHB,97286,AD,1,161284196,2055039,A,C,SDHC,SDHB
20,30956891,488471,A,T,ASXL1,97297,AD,14,100706116,430621,A,T,YY1,ASXL1
19,13418598,422557,G,A,CACNA1A,98758,AD,20,57466784,1332852,G,T,GNAS,CACNA1A
19,54385855,1298291,A,G,PRKCG,98763,AD,16,81953154,39696,C,A,PLCG2,PRKCG
3,4725156,14801,C,T,ITPR1,98769,AD,12,26553099,189316,C,T,ITPR2,ITPR1
1,154544158,17496,G,A,CHRNB2,98784,AD,20,61981912,17500,G,A,CHRNA4,CHRNB2
19,6495977,267774,G,A,TUBB4A,98805,AD,20,57598800,586965,C,G,TUBB1,TUBB4A
14,55310737,2925514,A,G,GCH1,98808,AD,2,73114865,31917,G,T,SPR,GCH1
1,43395308,16114,C,T,SLC2A1,98811,AD,19,41848114,12528,A,G,TGFB1,SLC2A1
22,32150928,50819,C,G,DEPDC5,98820,AD,16,1552986,1686256,C,T,TELO2,DEPDC5
10,31608166,488897,G,A,ZEB1,98974,AD,20,44640376,1030865,C,A,MMP9,ZEB1
2,38298037,973774,A,G,CYP1B1,98976,AD,10,5034053,30066,T,G,AKR1C2,CYP1B1
2,219745718,1466056,A,T,WNT10A,99798,AD,12,49374413,50259,G,T,WNT1,WNT10A
14,81609917,2444338,C,A,TSHR,99819,AD,1,115576077,12685,G,T,TSHB,TSHR
7,44185159,21077,C,A,GCK,99885,AD,17,73748303,3256594,G,C,GALK1,GCK
8,24811714,2735143,T,A,NEFL,99939,AD,16,9858097,2093890,C,A,GRIN2A,NEFL
7,75933158,7478,C,T,HSPB1,99940,AD,22,38508510,2709169,C,G,PLA2G6,HSPB1
21,27264096,18088,C,T,APP,100006,AD,1,151373804,548958,C,A,PSMB4,APP
11,57365055,3956,C,T,SERPING1,100050,AD,12,7189381,375582,A,G,C1R,SERPING1
12,57961291,989067,A,G,KIF5A,100991,AD,20,4680171,13395,C,T,PRNP,KIF5A
2,198353050,561192,G,C,HSPD1,100994,AD,2,171702129,565722,C,T,GAD1,HSPD1
2,47388869,488476,G,C,CALM2,101016,AD,19,47111841,409871,A,C,CALM3,CALM2
1,161276536,217233,C,T,MPZ,101082,AD,2,87017523,12742,C,T,CD8A,MPZ
8,24813402,29803,C,A,NEFL,101085,AD,16,9858097,2093890,C,A,GRIN2A,NEFL
20,1961100,18461,G,A,PDYN,101108,AD,12,13717417,956942,G,A,GRIN2B,PDYN
1,45478578,915319,G,C,UROD,101330,AD,18,55217966,551,A,G,FECH,UROD
15,38545389,854050,G,A,SPRED1,137605,AD,12,25362828,12595,G,C,KRAS,SPRED1
5,86564633,952905,C,A,RASA1,137667,AD,1,115256529,280409,T,G,NRAS,RASA1
1,110091460,31636,G,C,GNAI3,137888,AD,20,5282872,3453,C,T,PROKR2,GNAI3
17,54671687,6708,C,G,NOG,140908,AD,14,54417385,29616,G,A,BMP4,NOG
10,88683164,578684,C,A,BMPR1A,157794,AD,7,100224453,5384,T,G,TFR2,BMPR1A
19,49468597,16476,G,A,FTL,157846,AD,11,61727034,1804163,T,G,FTH1,FTL
20,4680344,21148,C,T,PRNP,157941,AD,2,88870391,5876,C,T,EIF2AK3,PRNP
1,156084804,2503449,A,C,LMNA,157973,AD,12,110719662,17789,G,A,ATP2A2,LMNA
6,33133725,694708,C,T,COL11A2,166100,AD,1,957748,3255595,C,A,AGRN,COL11A2
15,74632009,17520,G,A,CYP11A1,168558,AD,1,209880365,31588,C,T,HSD11B1,CYP11A1
1,43394689,207196,G,A,SLC2A1,168577,AD,19,41848114,12528,A,G,TGFB1,SLC2A1
1,154145447,12450,C,T,TPM3,171433,AD,7,140449165,162797,A,C,BRAF,TPM3
14,35182882,2722427,T,C,CFL2,171436,AD,17,79990663,425149,G,A,RAC3,CFL2
7,128475471,539439,G,A,FLNC,171445,AD,15,66727442,13350,T,C,MAP2K1,FLNC
12,49578885,7076,G,A,TUBA1A,171680,AD,16,90001436,975630,G,A,TUBB3,TUBA1A
20,3063425,12220,A,C,AVP,178029,AD,9,71628787,162394,G,C,PRKACG,AVP
2,179410605,132138,G,C,TTN,178464,AD,1,218610764,1300138,C,A,TGFB2,TTN
2,74605185,8407,T,G,DCTN1,178509,AD,6,3154694,127100,G,C,TUBB2A,DCTN1
22,36678800,14072,G,A,MYH9,182050,AD,16,15865425,1252066,C,T,MYH11,MYH9
3,4706969,503523,A,G,ITPR1,208513,AD,12,26553099,189316,C,T,ITPR2,ITPR1
10,89690836,1802604,T,G,PTEN,210548,AD,14,105237142,40163,T,G,AKT1,PTEN
1,45796970,1408238,G,A,MUTYH,220460,AD,12,109541300,578381,C,T,UNG,MUTYH
18,50450202,187796,C,T,DCC,238722,AD,1,22405039,208731,A,G,CDC42,DCC
1,22456175,6310,G,A,WNT4,247768,AD,13,43180696,6974,T,A,TNFSF11,WNT4
11,128781620,135679,G,A,KCNJ5,251274,AD,2,47388869,488476,G,C,CALM2,KCNJ5
9,140611338,2809354,C,T,EHMT1,261494,AD,14,65543357,232919,G,T,MAX,EHMT1
19,7120688,14708,C,T,INSR,263458,AD,22,22123608,917749,G,C,MAPK1,INSR
3,87295048,35472,C,A,CHMP2B,275864,AD,2,74072313,50796,T,A,STAMBP,CHMP2B
1,11082347,21484,G,T,TARDBP,275872,AD,11,77784181,813295,T,A,NDUFC2,TARDBP
10,43613840,13931,G,C,RET,276152,AD,1,243716231,995385,A,C,AKT3,RET
11,17415826,2137006,A,G,ABCC8,276575,AD,6,32815380,2848869,G,A,TAP1,ABCC8
9,80916877,977022,T,G,PSAT1,284417,AD,7,107531698,2865401,G,A,DLD,PSAT1
15,48766724,16442,C,T,FBN1,284979,AD,6,161137712,13577,G,A,PLG,FBN1
15,67473756,30310,G,A,SMAD3,284984,AD,12,52377883,1174607,G,A,ACVR1B,SMAD3
16,90001472,30274,G,A,TUBB3,300570,AD,6,3154694,127100,G,C,TUBB2A,TUBB3
6,3225185,1214258,G,A,TUBB2B,300573,AD,19,6495346,267792,C,T,TUBB4A,TUBB2B
1,156104629,48074,C,T,LMNA,300751,AD,12,110719662,17789,G,A,ATP2A2,LMNA
10,123274777,29856,A,C,FGFR2,313855,AD,3,178916854,376478,G,A,PIK3CA,FGFR2
3,123010201,162092,A,T,ADCY5,324588,AD,9,71628787,162394,G,C,PRKACG,ADCY5
18,11752493,39972,C,T,GNAL,329466,AD,10,53227579,65477,G,A,PRKG1,GNAL
10,88672049,802600,C,T,BMPR1A,329971,AD,7,100224453,5384,T,G,TFR2,BMPR1A
12,32854361,974819,A,G,DNM1L,330050,AD,14,105237142,40163,T,G,AKT1,DNM1L
7,69064641,1033782,T,C,AUTS2,352490,AD,22,41513680,861851,C,A,EP300,AUTS2
18,31318575,984874,C,T,ASXL3,352577,AD,2,149216403,2744900,C,T,MBD5,ASXL3
16,67654615,1325777,C,T,CTCF,363611,AD,3,136287610,995415,G,A,STAG1,CTCF
2,191848416,1704320,G,C,STAT1,391487,AD,19,10463761,1703748,A,G,TYK2,STAT1
1,25870206,2697613,C,A,LDLRAP1,391665,AD,19,10904505,7282,G,A,DNM2,LDLRAP1
1,9777666,578525,C,G,PIK3CD,397596,AD,3,178916854,376478,G,A,PIK3CA,PIK3CD
5,35070276,89027,T,C,PRLR,397685,AD,17,40359588,1394582,C,A,STAT5B,PRLR
2,25457209,1486678,C,T,DNMT3A,404443,AD,10,82034291,1204,G,A,MAT1A,DNMT3A
1,155204987,4295,G,A,GBA1,411602,AD,3,33038803,194596,G,A,GLB1,GBA1
6,53156606,144076,G,C,ELOVL5,423296,AD,2,26414203,1427255,A,T,HADHA,ELOVL5
2,204732770,161112,C,A,CTLA4,436159,AD,19,40762959,29804,C,T,AKT2,CTLA4
19,50204756,2722957,C,A,CPT1C,444099,AD,1,53662750,1367294,C,G,CPT2,CPT1C
6,42974348,984893,C,T,PPP2R5D,457279,AD,19,52715971,190313,C,T,PPP2R1A,PPP2R5D
19,52715973,1204633,A,G,PPP2R1A,457284,AD,20,31368217,6743,C,T,DNMT3B,PPP2R1A
1,11174420,156709,C,T,MTOR,457485,AD,16,1552986,1686256,C,T,TELO2,MTOR
12,49578885,1330377,G,T,TUBA1A,467166,AD,16,90001436,975630,G,A,TUBB3,TUBA1A
1,22405039,208731,A,G,CDC42,487796,AD,17,79477735,18320,A,G,ACTG1,CDC42
5,140056343,217509,C,A,HARS1,488333,AD,6,88224219,3240275,T,C,RARS2,HARS1
3,8775661,8289,C,G,CAV3,488650,AD,7,6426860,445280,G,A,RAC1,CAV3
7,6431598,445284,G,A,RAC1,500159,AD,20,45003874,1705510,C,A,ELMO2,RAC1
15,75676775,2498622,G,A,SIN3A,500166,AD,4,57793760,694373,C,G,REST,SIN3A
2,8872070,374909,G,A,KIDINS220,521390,AD,17,7573976,2431091,T,A,TP53,KIDINS220
2,26414203,1427255,A,T,HADHA,5,AR,19,14675653,30810,C,T,TECR,HADHA
3,182737965,503626,C,A,MCCC1,6,AR,5,70883352,2676474,C,T,MCCC2,MCCC1
11,112097169,2704000,G,T,PTS,13,AR,2,73114865,31917,G,T,SPR,PTS
2,84660506,1686238,G,A,SUCLG1,17,AR,5,218471,8744,A,C,SDHA,SUCLG1
1,24130931,11958,C,T,HMGCL,20,AR,15,40698173,2837791,G,C,IVD,HMGCL
6,24495459,1878475,C,T,GPLD1,22,AR,9,130698855,1065329,C,T,DPM2,GPLD1
7,65546881,2772590,G,A,ASL,23,AR,9,133327672,2744961,C,A,ASS1,ASL
19,13002214,2087,G,T,GCDH,25,AR,2,38298037,973774,A,G,CYP1B1,GCDH
6,49399515,218998,G,A,MMUT,27,AR,5,125880712,374140,C,A,ALDH7A1,MMUT
12,110012628,2925505,A,C,MVK,29,AR,1,155287787,217746,G,A,FDPS,MVK
7,44714111,2443830,C,A,OGDH,31,AR,7,50530987,2136536,C,G,DDC,OGDH
20,33517253,2736961,G,A,GSS,32,AR,6,53371799,3958,T,A,GCLC,GSS
15,40698173,2837791,G,C,IVD,33,AR,1,76190473,1428164,A,T,ACADM,IVD
3,135969219,2745320,T,G,PCCB,35,AR,14,74531952,6617,C,T,ALDH6A1,PCCB
15,90172318,2157762,G,A,KIF7,36,AR,2,219922163,8871,A,G,IHH,KIF7
9,35792499,17784,C,A,NPR2,40,AR,9,80409487,1172602,T,A,GNAQ,NPR2
1,76190473,1428164,A,T,ACADM,42,AR,5,70883352,2676474,C,T,MCCC2,ACADM
1,2337965,6771,G,C,PEX10,44,AR,1,10684462,7701,C,T,PEX14,PEX10
22,40742713,1458015,C,T,ADSL,46,AR,1,182353641,16084,G,A,GLUL,ADSL
3,120347296,1458490,G,T,HGD,56,AR,15,80445397,372766,A,G,FAH,HGD
16,30080145,18177,A,G,ALDOA,57,AR,12,48524176,1157,G,T,PFKM,ALDOA
14,94844817,440487,A,G,SERPINA1,60,AR,13,113765165,1691295,G,C,F7,SERPINA1
19,12758408,552770,G,C,MAN2B1,61,AR,1,155204794,242383,G,A,GBA1,MAN2B1
17,48244849,847344,G,A,SGCA,62,AR,9,133748270,12628,T,C,ABL1,SGCA
5,133944178,2928,C,A,SAR1B,71,AR,4,119644725,189339,G,A,SEC24D,SAR1B
6,131894480,2102477,G,T,ARG1,90,AR,9,133327672,2744961,C,A,ASS1,ARG1
15,51503207,17816,C,T,CYP19A1,91,AR,2,38298037,973774,A,G,CYP1B1,CYP19A1
4,178352885,1879068,C,A,AGA,93,AR,1,24172327,681,G,A,FUCA1,AGA
11,108098387,1954708,C,A,ATM,100,AR,3,142215958,41901,C,A,ATR,ATM
4,103556116,2833150,G,T,MANBA,118,AR,15,72636471,2137728,G,A,HEXA,MANBA
4,52894266,2695058,C,A,SGCB,119,AR,19,50713642,2196,C,A,MYH14,SGCB
15,91290650,1929462,C,T,BLM,125,AR,8,90949300,530714,G,A,NBN,BLM
11,107992334,666460,A,G,ACAT1,134,AR,12,110011199,1173989,A,T,MVK,ACAT1
1,45347394,1285271,C,G,EIF2B3,135,AR,12,124106388,217278,G,C,EIF2B1,EIF2B3
17,3379478,2119193,G,T,ASPA,141,AR,17,19552334,816625,C,A,ALDH3A2,ASPA
2,211438025,2420,C,T,CPS1,147,AR,6,131894480,2102477,G,T,ARG1,CPS1
11,68527773,2988992,G,A,CPT1A,156,AR,19,50195618,189198,C,T,CPT1C,CPT1A
1,53662750,1367294,C,G,CPT2,157,AR,19,50195618,189198,C,T,CPT1C,CPT2
2,169870866,1803125,T,C,ABCB11,172,AR,14,74754543,2728334,G,A,ABCD4,ABCB11
1,231398517,2675939,C,T,GNPAT,177,AR,12,50498431,3238869,G,A,GPD1,GNPAT
5,60186791,1715,G,T,ERCC8,191,AR,2,128044321,1805744,C,A,ERCC3,ERCC8
17,3543501,1391189,A,T,CTNS,213,AR,7,100800656,39854,A,G,AP1S1,CTNS
5,155771505,1455950,C,T,SGCD,219,AR,10,72357958,2678061,C,A,PRF1,SGCD
4,17488828,802058,G,A,QDPR,226,AR,11,112097167,1067348,A,G,PTS,QDPR
9,136507557,1982984,A,T,DBH,230,AR,11,2185603,1390521,G,A,TH,DBH
10,101569957,1322269,C,T,ABCC2,234,AR,16,2327879,8016,C,T,ABCA3,ABCC2
16,72055110,16805,G,A,DHODH,246,AR,14,74424852,31598,C,T,ENTPD5,DHODH
2,109522825,1075576,C,T,RANBP2,248,AR,7,135333249,224969,T,C,NUP205,RANBP2
6,129381008,551699,C,A,LAMA2,258,AR,22,37628897,7575,C,T,RAC2,LAMA2
9,108363606,3206,C,T,FKTN,272,AR,11,66113561,1252009,C,A,B4GAT1,FKTN
10,14950937,2084053,G,A,DCLRE1C,275,AR,13,108860927,1020928,G,C,LIG4,DCLRE1C
20,43248994,1451616,C,A,ADA,277,AR,13,37393817,208152,T,A,RFXAP,ADA
4,5577988,1939326,A,T,EVC2,289,AR,9,98212121,844500,A,C,PTCH1,EVC2
4,77095429,7378,G,A,SCARB2,308,AR,14,88401078,1066870,A,G,GALC,SCARB2
16,67470018,12094,C,T,HSD11B2,320,AR,8,143993962,16879,A,G,CYP11B2,HSD11B2
11,46744762,2957927,C,T,F2,325,AR,8,120118124,417735,C,G,COLEC10,F2
1,169483622,3339457,G,A,F5,326,AR,4,155488859,16395,T,A,FGB,F5
13,113803580,1341356,G,A,F10,328,AR,19,860686,16564,C,A,CFD,F10
1,197024850,16519,C,A,F13B,331,AR,2,128176001,678,T,C,PROC,F13B
8,17916933,94,T,C,ASAH1,333,AR,11,6411995,1353540,G,A,SMPD1,ASAH1
12,110019232,97587,C,T,MVK,343,AR,1,155287787,217746,G,A,FDPS,MVK
9,97365799,1803969,C,T,FBP1,348,AR,1,64059271,133287,A,T,PGM1,FBP1
1,24172327,681,G,A,FUCA1,349,AR,5,73981179,800874,C,T,HEXB,FUCA1
20,44520206,1456631,A,G,CTSA,351,AR,3,148459198,50207,C,T,AGTR1,CTSA
13,23777920,1397202,T,A,SGCG,353,AR,16,15865425,1252066,C,T,MYH11,SGCG
3,33055579,2927178,T,C,GLB1,354,AR,15,72636471,2137728,G,A,HEXA,GLB1
1,155204794,242383,G,A,GBA1,355,AR,3,33038803,194596,G,A,GLB1,GBA1
5,43613069,265844,C,T,NNT,361,AR,6,132129383,1699972,A,T,ENPP1,NNT
17,78078351,371622,C,A,GAA,365,AR,2,136564701,6586,A,T,LCT,GAA
1,100327265,497124,C,T,AGL,366,AR,11,64514268,526617,A,T,PYGM,AGL
3,81586091,2786,C,A,GBE1,367,AR,12,21699380,16055,A,G,GYS2,GBE1
11,64514809,941671,G,C,PYGM,368,AR,17,41052947,1682476,C,A,G6PC1,PYGM
14,51378873,11992,C,T,PYGL,369,AR,17,42148336,2837752,G,T,G6PC3,PYGL
12,48524176,1157,G,T,PFKM,371,AR,7,44104488,2136502,G,A,PGAM2,PFKM
1,183532627,659851,G,A,NCF2,379,AR,3,53213762,1454573,C,A,PRKCD,NCF2
19,1398964,801414,C,T,GAMT,382,AR,15,45660314,2446450,C,T,GATM,GAMT
21,44478325,1073191,G,T,CBS,394,AR,10,89468953,3012764,G,T,PAPSS2,CBS
1,11850900,187904,G,C,MTHFR,395,AR,2,216213967,666360,A,T,ATIC,MTHFR
3,49455083,2765422,C,A,AMT,407,AR,1,236966847,2982725,C,T,MTR,AMT
10,126086555,177,G,A,OAT,414,AR,15,45660314,2446450,C,T,GATM,OAT
2,241808310,204068,C,T,AGXT,416,AR,7,56087413,13624,A,G,PSPH,AGXT
3,121976022,8351,G,T,CASR,417,AR,20,9364980,209128,A,C,PLCB4,CASR
22,18906979,521785,G,T,PRODH,419,AR,19,1397492,2503890,G,A,GAMT,PRODH
8,143993962,16879,A,G,CYP11B2,427,AR,14,90870723,2100843,G,T,CALM1,CYP11B2
2,215807742,1693261,C,G,ABCA12,457,AR,6,32815380,2848869,G,A,TAP1,ABCA12
9,104187123,2094555,A,G,ALDOB,469,AR,19,34856185,13647,C,T,GPI,ALDOB
2,99012463,800983,G,A,CNGA3,487,AR,19,47111841,409871,A,C,CALM3,CNGA3
6,18121718,2863829,C,A,NHLRC1,501,AR,6,145948687,2734962,C,T,EPM2A,NHLRC1
19,7132241,14686,G,A,INSR,508,AR,22,22123608,917749,G,C,MAPK1,INSR
1,100661917,556615,C,T,DBT,511,AR,16,8839956,635252,G,A,ABAT,DBT
5,78260300,885,T,C,ARSB,512,AR,4,980873,550458,A,C,IDUA,ARSB
7,116199228,209106,C,T,CAV1,528,AR,3,53213762,1454573,C,A,PRKCD,CAV1
6,144507837,2679068,G,T,STX11,540,AR,12,6574054,240888,A,C,VAMP1,STX11
1,151315014,2995578,C,T,RFX5,572,AR,13,37393817,208152,T,A,RFXAP,RFX5
12,102147154,1988092,C,A,GNPTAB,576,AR,5,77334942,2739632,G,A,AP3B1,GNPTAB
19,7589974,1072052,C,A,MCOLN1,578,AR,19,47111841,409871,A,C,CALM3,MCOLN1
4,980874,639529,T,C,IDUA,579,AR,5,78076283,2161808,G,T,ARSB,IDUA
8,43002136,651853,T,A,HGSNAT,581,AR,17,78184342,2752377,C,T,SGSH,HGSNAT
16,88898507,708,C,A,GALNS,582,AR,3,33038803,194596,G,A,GLB1,GALNS
5,78076373,418018,T,A,ARSB,583,AR,4,980873,550458,A,C,IDUA,ARSB
7,65425960,936585,C,T,GUSB,584,AR,8,42995725,2942731,C,A,HGSNAT,GUSB
3,4403877,2664,G,T,SUMF1,585,AR,15,51294758,1031734,C,T,AP4E1,SUMF1
7,117120149,53423,A,G,CFTR,586,AR,7,138391446,1344704,T,C,ATP6V0A4,CFTR
1,235616433,2117097,C,T,B3GALNT2,588,AR,14,77743729,3230,C,G,POMT2,B3GALNT2
5,42689036,8633,C,T,GHR,633,AR,9,5073742,14663,G,C,JAK2,GHR
1,156830727,931321,A,C,NTRK1,642,AR,14,65543357,232919,G,T,MAX,NTRK1
14,74951123,8486,G,A,NPC2,646,AR,12,102140647,2499513,A,G,GNPTAB,NPC2
8,90949300,530714,G,A,NBN,647,AR,11,94163150,1800260,C,T,MRE11,NBN
16,67973920,626358,T,C,LCAT,650,AR,17,54912283,39578,C,T,DGKE,LCAT
11,88027279,7298,C,G,CTSC,678,AR,15,51294758,1031734,C,T,AP4E1,CTSC
12,103232973,857071,C,T,PAH,716,AR,15,101425470,1803003,A,G,ALDH1A3,PAH
6,161137712,13577,G,A,PLG,722,AR,1,218610764,1300138,C,A,TGFB2,PLG
3,93593201,941623,A,G,PROS1,743,AR,14,94844817,440487,A,G,SERPINA1,PROS1
2,26414478,1452112,G,A,HADHA,746,AR,19,14675653,30810,C,T,TECR,HADHA
9,99003159,4873,T,C,HSD17B3,752,AR,2,31751295,3337,G,A,SRD5A2,HSD17B3
2,31751295,3337,G,A,SRD5A2,753,AR,4,56212532,18408,C,A,SRD5A3,SRD5A2
16,16244625,433380,C,T,ABCC6,758,AR,11,17415826,2137006,A,G,ABCC8,ABCC6
14,20940627,13996,C,T,PNP,760,AR,6,86181054,29687,C,A,NT5E,PNP
1,150769358,981508,C,T,CTSK,763,AR,14,103369663,3238823,G,A,TRAF3,CTSK
11,111899269,2196317,G,T,DLAT,765,AR,4,96761980,446251,A,G,PDHA2,DLAT
1,155261571,983093,G,A,PKLR,766,AR,12,48524176,1157,G,T,PFKM,PKLR
19,7172447,14712,T,C,INSR,769,AR,22,22123608,917749,G,C,MAPK1,INSR
6,137143843,7790,A,C,PEX7,773,AR,17,33902986,1070935,T,A,PEX12,PEX7
6,152332819,60557,G,T,ESR1,785,AR,11,1774823,17574,C,G,CTSD,ESR1
5,73981383,623479,C,T,HEXB,796,AR,22,42456982,2725305,A,C,NAGA,HEXB
3,48498818,982310,T,G,ATRIP,808,AR,3,142215958,41901,C,A,ATR,ATRIP
6,31827635,986732,T,C,NEU1,812,AR,4,178352885,1879068,C,A,AGA,NEU1
17,19552334,816625,C,A,ALDH3A2,816,AR,5,125880712,374140,C,A,ALDH7A1,ALDH3A2
15,72636480,188954,G,A,HEXA,845,AR,5,73981179,800874,C,T,HEXB,HEXA
17,42451720,627296,A,G,ITGA2B,849,AR,12,56086923,9050,A,G,ITGA7,ITGA2B
12,6978037,12471,G,A,TPI1,868,AR,2,27315225,12031,G,A,KHK,TPI1
2,220366625,88691,C,T,GMPPA,869,AR,15,75182894,2769293,C,T,MPI,GMPPA
15,80445399,950962,G,A,FAH,882,AR,3,120347296,1458490,G,T,HGD,FAH
3,43121591,37207,G,A,POMGNT2,899,AR,14,77743729,3230,C,G,POMT2,POMGNT2
8,30916681,2719173,A,T,WRN,902,AR,18,20581745,30408,T,G,RBBP8,WRN
2,219647020,2772668,A,T,CYP27A1,909,AR,5,118788329,945823,G,C,HSD17B4,CYP27A1
2,128050185,16589,C,T,ERCC3,910,AR,19,45854980,1705268,C,T,ERCC2,ERCC3
2,98354447,13253,G,A,ZAP70,911,AR,16,81953154,39696,C,A,PLCG2,ZAP70
1,2337954,2677649,C,T,PEX10,912,AR,1,10684462,7701,C,T,PEX14,PEX10
17,42082370,2817617,C,A,NAGS,927,AR,17,79892202,13190,C,T,PYCR1,NAGS
16,88876106,988026,T,A,APRT,976,AR,10,104850414,1685994,A,G,NT5C2,APRT
17,66538937,35479,G,A,PRKAR1A,1031,AR,9,71628787,162394,G,C,PRKACG,PRKAR1A
16,15758719,435939,G,T,NDE1,1083,AR,11,102980305,1683440,T,C,DYNC2H1,NDE1
3,133472451,12621,G,A,TF,1195,AR,12,51386074,9076,G,A,SLC11A2,TF
2,86276114,626284,G,A,POLR1A,1200,AR,12,106763369,1184080,G,T,POLR3B,POLR1A
8,145737161,2865710,C,T,RECQL4,1225,AR,17,38450640,30271,C,G,CDC6,RECQL4
5,68805023,1029457,C,T,OCLN,1229,AR,7,5567390,495295,T,A,ACTB,OCLN
4,186064638,66011,G,A,SLC25A4,1369,AR,7,25163594,180656,A,G,CYCS,SLC25A4
2,143790838,978269,G,A,KYNU,1388,AR,1,10003561,978238,C,T,NMNAT1,KYNU
1,210637852,987946,G,T,HHAT,1422,AR,2,219922163,8871,A,G,IHH,HHAT
16,17228331,2137795,G,A,XYLT1,1425,AR,11,62383998,978467,G,A,B3GAT3,XYLT1
1,225594470,1339425,T,C,LBR,1426,AR,21,47614506,599318,C,A,LSS,LBR
6,33135599,17128,G,A,COL11A2,1427,AR,1,957748,3255595,C,A,AGRN,COL11A2
18,43435636,1075179,G,A,EPG5,1493,AR,14,102843092,1071213,G,T,TECPR2,EPG5
9,94487272,7307,G,A,ROR2,1507,AR,3,183888105,694689,A,C,DVL3,ROR2
4,175416698,1708173,C,T,HPGD,1525,AR,14,61115512,1327579,C,G,SIX1,HPGD
16,68712779,1454138,C,T,CDH3,1573,AR,17,40835840,692274,C,G,CNTNAP1,CDH3
2,88874243,435051,G,A,EIF2AK3,1667,AR,21,33032092,2138372,A,G,SOD1,EIF2AK3
8,61135236,29620,C,T,CA8,1766,AR,2,211438025,2420,C,T,CPS1,CA8
2,122288501,636959,G,A,CLASP1,1824,AR,6,3154694,127100,G,C,TUBB2A,CLASP1
19,11686069,1031092,T,C,ACP5,1855,AR,11,95569314,623390,G,A,MTMR2,ACP5
1,22150214,1034182,T,G,HSPG2,1865,AR,21,47401822,649269,C,T,COL6A1,HSPG2
1,12008042,2849163,T,A,PLOD1,1900,AR,7,121726150,1322091,A,C,AASS,PLOD1
2,27315225,12031,G,A,KHK,2056,AR,11,95569314,623390,G,A,MTMR2,KHK
3,170715997,1045992,A,T,SLC2A2,2088,AR,7,156798557,1699254,C,T,MNX1,SLC2A2
12,21699380,16055,A,G,GYS2,2089,AR,19,49477915,16057,G,A,GYS1,GYS2
2,170058137,9454,C,T,LRP2,2143,AR,2,219922163,8871,A,G,IHH,LRP2
1,43204092,560599,C,A,CLDN19,2196,AR,5,68805023,1029457,C,T,OCLN,CLDN19
7,121731848,100645,G,C,AASS,2203,AR,1,12008042,2849163,T,A,PLOD1,AASS
1,156084885,18457,T,G,LMNA,2229,AR,12,110719662,17789,G,A,ATP2A2,LMNA
9,37780790,2767586,C,T,EXOSC3,2254,AR,17,4859870,1285634,G,A,ENO3,EXOSC3
7,2565067,619139,G,A,LFNG,2311,AR,15,90319671,2506245,G,A,MESP2,LFNG
7,107531698,2865401,G,A,DLD,2394,AR,15,45660314,2446450,C,T,GATM,DLD
17,57105977,56567,G,A,TRIM37,2576,AR,12,109921417,225041,G,T,UBE3B,TRIM37
8,17917112,812508,G,A,ASAH1,2590,AR,11,6411995,1353540,G,A,SMPD1,ASAH1
12,32903678,102435,G,A,YARS2,2598,AR,16,23546483,803228,G,T,EARS2,YARS2
2,122288566,30181,G,A,CLASP1,2636,AR,6,3154694,127100,G,C,TUBB2A,CLASP1
20,34022080,8393,C,T,GDF5,2639,AR,20,6759507,1703210,A,T,BMP2,GDF5
1,120254646,2169478,A,C,PHGDH,2671,AR,19,1397492,2503890,G,A,GAMT,PHGDH
10,100219482,60719,T,A,HPSE2,2704,AR,16,88880928,2989688,C,T,GALNS,HPSE2
12,109924275,1323734,G,A,UBE3B,2707,AR,15,25584285,136203,T,A,UBE3A,UBE3B
11,71940160,39474,C,A,INPPL1,2746,AR,1,9777666,578525,C,G,PIK3CD,INPPL1
2,232602807,2181645,G,A,PDE6D,2754,AR,1,155261571,983093,G,A,PKLR,PDE6D
3,145789173,7641,G,A,PLOD2,2771,AR,7,44706383,2443831,C,T,OGDH,PLOD2
8,86377586,919,T,G,CA2,2785,AR,10,88813149,1072420,T,C,GLUD1,CA2
11,68115656,6292,C,T,LRP5,2788,AR,17,42636700,617609,G,A,FZD2,LRP5
8,119945310,6970,C,T,TNFRSF11B,2801,AR,19,2250658,987678,G,A,AMH,TNFRSF11B
1,8022927,1399835,C,T,PARK7,2828,AR,3,48638433,1064663,T,G,UQCRC1,PARK7
12,53823263,689555,C,T,AMHR2,2856,AR,19,2250658,987678,G,A,AMH,AMHR2
3,13860827,40130,G,A,WNT7A,2879,AR,17,44851109,13812,G,A,WNT3,WNT7A
6,116752245,446171,A,G,DSE,2953,AR,16,17211598,1977942,C,T,XYLT1,DSE
10,97366661,807367,C,T,ALDH18A1,2962,AR,17,19552334,816625,C,A,ALDH3A2,ALDH18A1
17,73947624,2708348,G,A,ACOX1,2971,AR,1,53480591,1033966,C,T,SCP2,ACOX1
2,233404700,2506380,A,G,CHRNG,2990,AR,7,142458451,38366,A,C,PRSS1,CHRNG
5,125882034,647989,T,C,ALDH7A1,3006,AR,17,19552334,816625,C,A,ALDH3A2,ALDH7A1
11,66616591,2706667,T,A,PC,3008,AR,20,56137919,2502278,T,C,PCK1,PC
1,204129776,50211,G,T,REN,3033,AR,17,61557840,18063,C,G,ACE,REN
8,27634330,1736,C,T,ESCO2,3103,AR,10,112335102,217799,T,C,SMC3,ESCO2
22,42457000,2697961,G,T,NAGA,3137,AR,5,73981179,800874,C,T,HEXB,NAGA
11,46898045,30411,G,A,LRP4,3152,AR,11,68080211,6268,G,A,LRP5,LRP4
5,38485984,944487,G,A,LIFR,3206,AR,5,38923339,7809,G,C,OSMR,LIFR
5,218471,8744,A,C,SDHA,3208,AR,1,17349102,1072115,C,T,SDHB,SDHA
6,42932620,224322,C,A,PEX6,3220,AR,1,10684462,7701,C,T,PEX14,PEX6
11,119549155,1697231,G,A,NECTIN1,3253,AR,3,190039855,1322095,G,T,CLDN1,NECTIN1
11,46889658,5688,G,C,LRP4,3258,AR,11,68080211,6268,G,A,LRP5,LRP4
1,43803879,1457605,C,G,MPL,3319,AR,5,42629171,8657,G,A,GHR,MPL
1,145507648,1686124,G,A,RBM8A,3320,AR,17,78111999,101503,T,C,EIF4A3,RBM8A
21,45705891,1322985,T,A,AIRE,3453,AR,2,98340782,827753,C,T,ZAP70,AIRE
10,79744058,619038,T,C,POLR3A,3455,AR,2,86276114,626284,G,A,POLR1A,POLR3A
2,31564261,635517,C,G,XDH,3467,AR,7,128038558,254167,C,G,IMPDH1,XDH
17,16220000,30544,T,C,PIGL,3474,AR,9,35090065,2732848,G,A,PIGO,PIGL
12,121164870,2039130,C,T,ACADS,26792,AR,11,134126465,645496,C,T,ACAD8,ACADS
17,7123307,2011730,C,T,DLG4,26793,AR,9,140058271,433116,T,C,GRIN1,DLG4
15,80450512,21054,G,T,FAH,28378,AR,3,120347296,1458490,G,T,HGD,FAH
9,107566949,9496,G,A,ABCA1,31150,AR,2,169781229,1410817,G,A,ABCB11,ABCA1
1,33480127,18256,T,C,AK2,33355,AR,4,619677,1358080,C,T,PDE6B,AK2
2,128044348,16585,G,A,ERCC3,33364,AR,19,45854980,1705268,C,T,ERCC2,ERCC3
17,39913674,1363212,C,T,JUP,34217,AR,1,115256529,280409,T,G,NRAS,JUP
19,47259471,4230,G,A,FKRP,34515,AR,11,66113561,1252009,C,A,B4GAT1,FKRP
22,38508510,2709169,C,G,PLA2G6,35069,AR,1,186863296,9079,T,C,PLA2G4A,PLA2G6
19,17937720,1174743,C,T,JAK3,35078,AR,22,37535259,545515,G,A,IL2RB,JAK3
1,55349371,30576,G,A,DHCR24,35107,AR,11,121174170,7354,G,A,SC5D,DHCR24
3,164735409,1416,C,T,SI,35122,AR,3,81586091,2786,C,A,GBE1,SI
1,120295238,2149225,G,A,HMGCS2,35701,AR,5,43292710,2580362,A,G,HMGCS1,HMGCS2
7,50531032,2735023,C,T,DDC,35708,AR,15,101425470,1803003,A,G,ALDH1A3,DDC
10,14976460,4673,G,T,DCLRE1C,39041,AR,13,108860927,1020928,G,C,LIG4,DCLRE1C
9,123812470,17050,G,A,C5,46059,AR,21,33032092,2138372,A,G,SOD1,C5
3,148895692,42062,T,C,CP,48818,AR,4,103184301,1686211,G,A,SLC39A8,CP
3,46942604,13751,C,T,PTH1R,50945,AR,9,71628787,162394,G,C,PRKACG,PTH1R
21,47571884,459967,G,C,FTCD,51208,AR,17,19552334,816625,C,A,ALDH3A2,FTCD
11,30255162,16241,T,G,FSHB,52901,AR,20,57466784,1332852,G,T,GNAS,FSHB
2,166606311,7803,A,C,GALNT3,53715,AR,2,31147092,190462,G,A,GALNT14,GALNT3
2,219922163,8871,A,G,IHH,63446,AR,1,210591583,987947,T,C,HHAT,IHH
6,57058688,1366841,G,A,RAB23,65759,AR,12,49360054,7630,G,A,WNT10B,RAB23
7,127894487,2428497,G,A,LEP,66628,AR,5,42629171,8657,G,A,GHR,LEP
3,50339601,1073037,G,A,HYAL1,67041,AR,4,980873,550458,A,C,IDUA,HYAL1
9,93983209,1452715,G,A,AUH,67046,AR,1,24130889,930617,C,G,HMGCL,AUH
12,44165042,2790034,C,T,IRAK4,70592,AR,3,38180348,1323304,G,T,MYD88,IRAK4
2,73114865,31917,G,T,SPR,70594,AR,5,79929723,29674,T,A,DHFR,SPR
4,108945190,39484,G,T,HADH,71212,AR,10,124797335,2153596,C,G,ACADSB,HADH
2,25384603,13358,T,A,POMC,71526,AR,15,50782640,161992,T,C,USP8,POMC
10,90974761,1350454,C,G,LIPA,75233,AR,11,121174170,7354,G,A,SC5D,LIPA
5,177034446,5611,C,A,B4GALT7,75496,AR,11,62383998,978467,G,A,B3GAT3,B4GALT7
1,155205499,4289,G,C,GBA1,77260,AR,3,33038803,194596,G,A,GLB1,GBA1
11,6412852,371341,C,T,SMPD1,77293,AR,2,130912668,691969,C,T,SMPD4,SMPD1
11,134127057,1452755,G,A,ACAD8,79159,AR,2,191073618,208532,C,T,HIBCH,ACAD8
1,145415341,2373,A,T,HJV,79230,AR,2,203242213,264650,C,T,BMPR2,HJV
16,47531360,2694652,G,T,PHKB,79240,AR,16,2098642,65313,C,G,TSC2,PHKB
10,127477562,3766,C,T,UROS,79277,AR,1,161136672,8703,T,C,PPOX,UROS
16,30997933,2884,G,A,HSD3B7,79301,AR,2,219647020,2772668,A,T,CYP27A1,HSD3B7
7,137776519,915290,G,A,AKR1D1,79303,AR,8,65509312,6106,A,T,CYP7B1,AKR1D1
14,50734532,30793,G,A,L2HGDH,79314,AR,4,108935745,2675961,G,A,HADH,L2HGDH
16,8891773,2098914,G,C,PMM2,79318,AR,15,75182894,2769293,C,T,MPI,PMM2
15,75183725,1376774,G,A,MPI,79319,AR,1,155112463,4702,A,G,DPM3,MPI
1,63836660,2861045,G,A,ALG6,79320,AR,3,31574528,1686968,C,G,STT3B,ALG6
3,183960601,1184850,C,G,ALG3,79321,AR,11,62396665,590350,C,G,GANAB,ALG3
20,49552792,1444616,G,A,DPM1,79322,AR,3,49759198,581597,C,T,GMPPB,DPM1
22,50297711,3438,G,C,ALG12,79324,AR,11,118967880,3233256,T,A,DPAGT1,ALG12
11,77830295,1064698,T,A,ALG8,79325,AR,8,15605974,449114,G,C,TUSC3,ALG8
9,101980715,1676197,C,A,ALG2,79326,AR,11,118967880,3233256,T,A,DPAGT1,ALG2
16,5121861,2816535,C,A,ALG1,79327,AR,1,95530516,183013,G,A,ALG14,ALG1
11,111724138,3749,T,C,ALG9,79328,AR,11,62396665,590350,C,G,GANAB,ALG9
14,50088771,6990,A,G,MGAT2,79329,AR,9,33135256,998093,G,C,B4GALT1,MGAT2
2,74689403,1943297,G,A,MOGS,79330,AR,14,50088077,617658,C,T,MGAT2,MOGS
7,56087413,13624,A,G,PSPH,79350,AR,3,49455083,2765422,C,A,AMT,PSPH
1,120254646,1414498,A,G,PHGDH,79351,AR,19,1397492,2503890,G,A,GAMT,PHGDH
17,73723307,14738,T,C,ITGB4,79403,AR,10,15686209,126500,C,T,ITGA8,ITGB4
1,183184602,14555,C,T,LAMC2,79404,AR,8,42146209,1357742,C,T,IKBKB,LAMC2
4,661687,620164,C,T,ATP5ME,79432,AR,10,101483814,6175,G,A,COX15,ATP5ME
9,12695626,17594,C,G,TYRP1,79433,AR,7,50530987,2136536,C,G,DDC,TYRP1
10,71332429,1327470,G,C,NEUROG3,83620,AR,3,170715875,2832588,A,T,SLC2A2,NEUROG3
5,94818287,1708563,G,A,SKIC3,84064,AR,5,137906676,224329,T,C,HSPA9,SKIC3
3,195966465,1032965,C,A,PCYT1A,85167,AR,8,97316309,97036,T,C,PTDSS1,PCYT1A
11,118971112,65471,A,G,DPAGT1,86309,AR,16,5121861,2816535,C,A,ALG1,DPAGT1
9,134381571,3244,G,A,POMT1,86812,AR,14,77743729,3230,C,G,POMT2,POMT1
20,32880273,12952,C,T,AHCY,88618,AR,19,10246964,1072609,C,G,DNMT1,AHCY
9,131107546,5744,G,A,SLC27A4,88621,AR,1,120293472,827683,G,A,HMGCS2,SLC27A4
6,43484917,635139,G,A,POLR1C,88637,AR,2,86276114,626284,G,A,POLR1A,POLR1C
2,191073618,208532,C,T,HIBCH,88639,AR,2,26414203,1427255,A,T,HADHA,HIBCH
7,103126651,433105,G,A,RELN,89844,AR,9,2635519,2577846,G,A,VLDLR,RELN
11,69631095,29817,T,C,FGF3,90024,AR,1,11174395,417723,A,G,MTOR,FGF3
6,43565441,2734868,C,T,POLH,90342,AR,5,74869615,218232,G,A,POLK,POLH
1,115576128,12684,G,A,TSHB,90674,AR,9,80409487,1172602,T,A,GNAQ,TSHB
1,119958057,1076441,C,A,HSD3B2,90791,AR,10,104590605,2681104,G,A,CYP17A1,HSD3B2
10,104590680,1457632,C,T,CYP17A1,90793,AR,6,32006258,3254748,G,A,CYP21A2,CYP17A1
6,32006291,12153,C,T,CYP21A2,90794,AR,8,143956413,857403,C,T,CYP11B1,CYP21A2
8,143956413,857403,C,T,CYP11B1,90795,AR,10,104590605,2681104,G,A,CYP17A1,CYP11B1
4,981646,11909,C,T,IDUA,93473,AR,5,78076283,2161808,G,T,ARSB,IDUA
4,994668,222994,A,G,IDUA,93476,AR,5,78076283,2161808,G,T,ARSB,IDUA
1,45480507,69,C,G,UROD,95159,AR,18,55217966,551,A,G,FECH,UROD
2,1437244,1028337,C,T,TPO,95716,AR,1,115576077,12685,G,T,TSHB,TPO
5,43292970,2580365,C,T,HMGCS1,97244,AR,1,120293472,827683,G,A,HMGCS2,HMGCS1
16,75512835,320606,G,A,CHST6,98969,AR,9,33135256,998093,G,C,B4GALT1,CHST6
13,108861300,1983356,G,A,LIG4,99812,AR,10,14950841,2506241,G,A,DCLRE1C,LIG4
8,110100133,689396,T,C,TRHR,99832,AR,19,3110171,1285379,C,T,GNA11,TRHR
9,116151368,16866,C,T,ALAD,100924,AR,11,118959008,1443,G,A,HMBS,ALAD
8,65509312,6106,A,T,CYP7B1,100986,AR,7,137773401,1070635,C,T,AKR1D1,CYP7B1
12,58020714,989143,C,G,B4GALNT1,101006,AR,15,72636471,2137728,G,A,HEXA,B4GALNT1
11,763778,974772,C,G,TALDO1,101028,AR,1,9322320,31586,C,G,H6PD,TALDO1
11,2185603,1390521,G,A,TH,101150,AR,4,99996194,995827,C,G,ADH5,TH
3,52020270,18112,G,A,ACY1,137754,AR,19,1397492,2503890,G,A,GAMT,ACY1
1,173795830,1063,A,G,DARS2,137898,AR,5,140056343,217509,C,A,HARS1,DARS2
20,3870192,937503,G,T,PANK2,157850,AR,1,97564161,1805301,C,A,DPYD,PANK2
6,7558373,3024565,C,T,DSP,158687,AR,7,5567390,495295,T,A,ACTB,DSP
7,146536995,1371355,G,A,CNTNAP2,163681,AR,1,43201702,1687613,C,G,CLDN19,CNTNAP2
15,90173657,264771,T,C,KIF7,166024,AR,2,219922163,8871,A,G,IHH,KIF7
12,49484922,981236,G,T,DHH,168563,AR,2,219922163,8871,A,G,IHH,DHH
2,219942874,536739,G,A,NHEJ1,169079,AR,8,48701749,154323,G,A,PRKDC,NHEJ1
11,3988863,375471,T,C,STIM1,169090,AR,12,122064924,1283,C,T,ORAI1,STIM1
12,6458573,992425,T,C,SCNN1A,171876,AR,19,13320281,1075147,G,T,CACNA1A,SCNN1A
1,66087142,8522,G,A,LEPR,179494,AR,1,43803530,2938714,G,A,MPL,LEPR
3,38180469,7496,T,C,MYD88,183713,AR,12,44162002,533523,G,T,IRAK4,MYD88
22,38522451,30367,G,A,PLA2G6,199351,AR,1,186863296,9079,T,C,PLA2G4A,PLA2G6
14,77744736,2921970,C,T,POMT2,206559,AR,8,42958734,1076046,C,T,POMK,POMT2
3,126216984,407,G,A,UROC1,210128,AR,2,138727776,219125,G,A,HNMT,UROC1
8,145739097,6065,C,A,RECQL4,221016,AR,17,38450640,30271,C,G,CDC6,RECQL4
1,53662764,8954,C,A,CPT2,228305,AR,19,50195618,189198,C,T,CPT1C,CPT2
20,32996580,2840554,G,A,ITCH,228426,AR,17,57105977,56567,G,A,TRIM37,ITCH
7,94035043,17273,G,A,COL1A2,230851,AR,21,47401822,649269,C,T,COL6A1,COL1A2
11,36595545,2678203,C,T,RAG1,231154,AR,10,14950841,2506241,G,A,DCLRE1C,RAG1
5,1411443,16764,G,A,SLC6A3,238455,AR,7,25163594,180656,A,G,CYCS,SLC6A3
3,53126621,207990,T,C,RFT1,244310,AR,11,118967880,3233256,T,A,DPAGT1,RFT1
1,27121547,1287,C,T,PIGV,247262,AR,20,44045219,225546,G,T,PIGT,PIGV
9,133333869,6332,C,T,ASS1,247525,AR,2,211438025,2420,C,T,CPS1,ASS1
2,202588094,807368,C,A,ALS2,247604,AR,16,9858097,2093890,C,A,GRIN2A,ALS2
11,94180442,184445,G,A,MRE11,251347,AR,11,108098352,3148226,A,T,ATM,MRE11
1,183197690,1687260,C,A,LAMC2,251393,AR,8,42146209,1357742,C,T,IKBKB,LAMC2
16,66547698,12709,A,T,TK2,254875,AR,8,105405062,863103,G,A,DPYS,TK2
18,43667165,50353,G,A,ATP5F1A,254913,AR,5,218471,8744,A,C,SDHA,ATP5F1A
3,58413811,13189,G,A,PDHB,255138,AR,9,94985660,253318,A,T,IARS1,PDHB
3,148711931,1946636,C,T,GYG1,263297,AR,3,81586091,2786,C,A,GBE1,GYG1
10,73766929,1685635,G,C,CHST3,263463,AR,15,101718386,30714,G,C,CHSY1,CHST3
1,155112463,694278,A,T,DPM3,263494,AR,16,8891573,656718,G,T,PMM2,DPM3
16,30760163,947470,G,T,PHKG2,264580,AR,3,123382947,427851,C,A,MYLK,PHKG2
10,90984877,1685926,A,T,LIPA,275761,AR,11,121174170,7354,G,A,SC5D,LIPA
13,52593261,18393,T,C,ALG11,280071,AR,16,5121861,2816535,C,A,ALG1,ALG11
3,49548008,1073860,C,A,DAG1,280333,AR,17,79477735,18320,A,G,ACTG1,DAG1
18,59751784,2019913,C,A,PIGN,280633,AR,2,197712670,101081,C,A,PGAP1,PIGN
1,114438878,932008,A,G,AP4B1,280763,AR,6,160490993,14795,G,T,IGF2R,AP4B1
17,7976101,995478,G,T,ALOX12B,281122,AR,4,108852800,989059,A,C,CYP2U1,ALOX12B
11,18424473,2137028,C,T,LDHA,284426,AR,17,4859870,1285634,G,A,ENO3,LDHA
12,58159871,380287,C,T,CYP27B1,289157,AR,11,121174170,7354,G,A,SC5D,CYP27B1
6,132189267,1699963,G,A,ENPP1,289176,AR,11,88911182,3793,C,T,TYR,ENPP1
6,86181054,29687,C,A,NT5E,289601,AR,14,20940525,13995,C,T,PNP,NT5E
2,202582807,1805070,T,A,ALS2,293168,AR,16,9858097,2093890,C,A,GRIN2A,ALS2
2,3691397,30968,T,C,COLEC11,293843,AR,8,120118124,417735,C,G,COLEC10,COLEC11
2,9633918,1908951,G,A,ADAM17,294023,AR,1,120458180,30061,G,A,NOTCH2,ADAM17
2,202572614,873268,G,A,ALS2,300605,AR,16,9858097,2093890,C,A,GRIN2A,ALS2
19,18171930,579038,A,C,IL12RB1,319552,AR,5,158743780,970534,G,T,IL12B,IL12RB1
14,102843092,1071213,G,T,TECPR2,320385,AR,18,43435636,1075179,G,A,EPG5,TECPR2
10,104850446,952332,A,T,NT5C2,320396,AR,14,20940525,13995,C,T,PNP,NT5C2
4,108866548,3255488,C,T,CYP2U1,320411,AR,7,139575393,1031016,G,T,TBXAS1,CYP2U1
6,146673559,984959,C,T,GRM1,324262,AR,3,4703764,617623,A,T,ITPR1,GRM1
9,130698855,1065329,C,T,DPM2,329178,AR,16,8891573,656718,G,T,PMM2,DPM2
11,36595466,2943710,G,A,RAG1,331206,AR,10,14950841,2506241,G,A,DCLRE1C,RAG1
11,66472866,64367,G,T,SPTBN2,352403,AR,20,9364980,209128,A,C,PLCB4,SPTBN2
7,107615471,225688,C,A,LAMB1,352682,AR,14,65543357,232919,G,T,MAX,LAMB1
11,88911253,1066111,T,A,TYR,352731,AR,11,95569314,623390,G,A,MTMR2,TYR
1,95530516,183013,G,A,ALG14,353327,AR,9,101980715,1676197,C,A,ALG2,ALG14
12,124206996,21499,G,A,ATP6V0A2,357058,AR,8,20073966,1334193,A,G,ATP6V1B2,ATP6V0A2
15,101718386,30714,G,C,CHSY1,363417,AR,10,73765683,2083760,T,A,CHST3,CHSY1
4,94031937,930201,C,T,GRID2,363432,AR,19,52715971,190313,C,T,PPP2R1A,GRID2
3,49760449,560362,T,C,GMPPB,363623,AR,19,34856185,13647,C,T,GPI,GMPPB
1,94463499,236149,G,A,ABCA4,364055,AR,10,101567988,8414,T,A,ABCC2,ABCA4
20,44045219,225546,G,T,PIGT,369837,AR,9,35090065,2732848,G,A,PIGO,PIGT
18,6949099,983560,C,T,LAMA1,370022,AR,19,18273784,39808,G,A,PIK3R2,LAMA1
3,31663820,102449,G,T,STT3B,370924,AR,11,77823792,1406714,G,A,ALG8,STT3B
1,65851582,976692,C,T,DNAJC6,391411,AR,7,55225431,157499,G,A,EGFR,DNAJC6
17,40714815,100663,C,T,COASY,397725,AR,22,24898187,1702976,T,G,UPB1,COASY
10,97605168,101076,G,A,ENTPD1,401810,AR,1,97564161,1805301,C,A,DPYD,ENTPD1
4,156632362,127095,C,T,GUCY1A1,401945,AR,15,66727442,13350,T,C,MAP2K1,GUCY1A1
16,731160,2584742,C,G,STUB1,412057,AR,12,109921417,225041,G,T,UBE3B,STUB1
12,102140647,2499513,A,G,GNPTAB,423461,AR,5,77334942,2739632,G,A,AP3B1,GNPTAB
1,220275600,638569,T,C,IARS2,436174,AR,9,94985660,253318,A,T,IARS1,IARS2
5,82400865,1329084,T,A,XRCC4,436182,AR,13,108860927,1020928,G,C,LIG4,XRCC4
5,167913504,162083,A,G,RARS1,438114,AR,1,33263369,6189,C,T,YARS1,RARS1
11,13733493,162213,C,T,FAR1,438178,AR,12,7343049,2034747,C,T,PEX5,FAR1
17,79770058,1064738,G,A,GCGR,438274,AR,3,46937356,13750,C,T,PTH1R,GCGR
6,83880062,133316,C,G,PGM3,443811,AR,15,75182894,2769293,C,T,MPI,PGM3
15,63915976,243011,C,T,HERC1,457359,AR,15,25584285,136203,T,A,UBE3A,HERC1
19,50370314,692103,G,C,PNKP,459033,AR,14,90459764,3424,A,G,TDP1,PNKP
19,35786868,218187,C,G,MAG,459056,AR,10,15686209,126500,C,T,ITGA8,MAG
16,46934660,983537,C,T,GPT2,477673,AR,17,3379456,2826210,G,A,ASPA,GPT2
5,140903709,7528,C,A,DIAPH1,477814,AR,17,79477735,18320,A,G,ACTG1,DIAPH1
5,79950631,2673497,C,T,DHFR,480536,AR,11,112097167,1067348,A,G,PTS,DHFR
17,61781765,536756,G,A,STRADA,500533,AR,16,2098642,65313,C,G,TSC2,STRADA
4,39301879,2577537,C,T,RFC1,504476,AR,19,50920507,1301641,G,A,POLD1,RFC1
8,22265844,242924,T,G,SLC39A14,521406,AR,2,120003372,50372,C,A,STEAP3,SLC39A14
8,145140489,1805088,C,T,GPAA1,529665,AR,2,197712670,101081,C,A,PGAP1,GPAA1
1,1167660,1452181,T,C,B3GALT6,536467,AR,16,17211598,1977942,C,T,XYLT1,B3GALT6
9,94985660,253318,A,T,IARS1,541423,AR,6,30884022,3255217,G,T,VARS2,IARS1
15,52416686,1685857,C,G,GNB5,542306,AR,1,1737942,224715,A,T,GNB1,GNB5
17,7980230,929296,C,T,ALOX12B,542310,AR,4,108852800,989059,A,C,CYP2U1,ALOX12B
1,150990382,932732,T,C,PRUNE1,544469,AR,6,132129383,1699972,A,T,ENPP1,PRUNE1
