OrphaCode,TypeOfInheritance
166024,AR
58,AD
61,AR
93,AR
585,AR
118,AR
141,AR
166063,AR
166078,AD
166073,AR
213,AR
166084,AD
333,AR
166081,AD
349,AR
166090,AD
365,AR
166087,AD
366,AR
166093,AR
368,AR
166096,AR
367,AR
166100,AD
371,AR
166105,AR
369,AR
166119,AD
487,AR
166260,AD
166265,AD
583,AR
576,AR
812,AR
166282,AD
578,AR
577,AR
796,AR
584,AR
166412,AD
95,AR
848,AD
846,AR
586,AR
261,AD
269,AD
480,AR
593,AD
597,AD
607,AD
163746,AD
684,AD
163931,AR
273,AD
163927,AD
614,AD
307,AD
892,AD
731,AR
164736,AD
138,AD
558,AD
165805,AD
803,AD
100,AR
733,AD
399,AD
501,AR
512,AR
567,AD
232,AR
166002,AD
790,AD
165991,AD
652,AD
739,AD
579,AR
905,AR
827,AD
906,AD
904,AD
15,AD
96,AR
101,AD
783,AD
163649,AR
631,AD
163668,AD
163662,AD
394,AR
163665,AR
508,AR
436,AD
163596,AR
429,AD
437,AD
163717,AD
636,AD
163721,AD
163684,AR
163681,AR
379,AR
637,AD
163696,AR
163693,AR
163690,AR
337,AD
377,AD
648,AD
752,AR
214,AR
524,AD
640,AD
60,AR
895,AD
896,AD
857,AD
894,AD
682,AD
800,AR
628,AR
681,AD
126,AD
107,AD
774,AD
794,AD
710,AD
2869,AD
893,AD
912,AR
53,AD
14,AR
52,AD
167,AR
207,AD
205,AR
201,AD
2443,AR
474,AR
540,AR
564,AR
289,AR
258,AR
112,AD
169464,AR
99,AD
116,AD
87,AD
97,AD
313,AD
999,AR
171430,AR
171433,AD
171436,AD
171439,AD
55,AR
171445,AD
2771,AR
171612,AD
171617,AD
171622,AR
171629,AR
861,AD
308,AR
199,AD
2162,AR
930,AR
1727,AD
169079,AR
169100,AR
169090,AR
169095,AR
169082,AR
169085,AR
753,AR
868,AR
218,AD
168796,AD
1465,AD
2772,AR
2609,AR
773,AR
169154,AR
370,AR
169160,AR
385,AD
169157,AR
1947,AR
169142,AR
352,AR
610,AD
169186,AR
169189,AD
44,AR
56,AR
1059,AD
22,AR
29,AR
245,AD
30,AR
36,AR
915,AD
2614,AD
33,AR
819,AD
3085,AR
168615,AD
1452,AD
168629,AD
168624,AD
193,AR
1488,AR
168632,AD
1334,AD
168583,AR
1369,AR
168577,AD
168593,AR
168588,AD
168601,AR
1414,AR
168598,AR
168606,AD
168549,AR
168552,AR
1154,AD
168555,AR
168558,AD
168563,AR
124,AD
168566,AR
1310,AD
168569,AR
168572,AR
125,AR
90,AR
1065,AD
168454,AR
1146,AD
1143,AR
1147,AD
246,AR
1770,AR
1775,AD
1764,AR
235,AR
239,AR
833,AR
765,AR
395,AR
148,AR
147,AR
23,AR
45,AR
226,AR
1538,AD
1496,AR
417,AR
446,AR
2135,AR
2116,AR
2118,AD
351,AR
2020,AD
2053,AD
1880,AD
255,AD
1885,AD
2635,AD
2655,AD
606,AD
705,AR
2801,AR
2785,AR
2746,AR
2971,AR
2970,AD
2903,AD
2901,AD
718,AD
3071,AD
763,AR
2301,AR
469,AR
2318,AR
2253,AD
2300,AR
502,AD
477,AD
2346,AD
506,AR
2414,AR
2377,AR
560,AD
570,AD
1505,AR
612,AD
179494,AR
716,AR
287,AD
1020,AD
63,AD
154,AD
84,AR
70,AR
191,AR
166,AD
834,AR
799,AD
813,AD
816,AR
821,AD
3204,AD
3320,AR
909,AR
3447,AD
1422,AR
178469,AD
178464,AD
178396,AD
178382,AD
178389,AR
62,AR
178364,AD
715,AR
178377,AD
348,AR
178345,AD
178355,AR
178338,AR
3137,AR
598,AD
178509,AD
178506,AR
581,AR
685,AD
666,AD
178029,AD
177901,AD
423,AD
177904,AD
418,AR
216,AD
364,AR
355,AR
388,AD
304,AD
174590,AD
354,AR
760,AR
270,AD
244,AD
178307,AD
805,AD
886,AR
3440,AD
738,AD
768,AD
791,AD
2131,AD
57,AR
2334,AD
187,AR
46,AR
442,AR
3166,AD
2882,AR
171695,AR
134,AR
171703,AR
171706,AR
171709,AR
171723,AD
3467,AR
511,AR
171680,AD
32,AR
26,AR
171863,AD
171871,AD
171866,AR
171881,AD
2512,AR
171876,AR
1201,AR
171844,AD
1202,AD
171851,AR
171848,AR
3303,AD
200418,AR
730,AD
486,AD
98,AR
330,AR
1177,AR
828,AD
1431,AD
199340,AD
199337,AR
234,AR
199348,AR
199343,AR
199326,AD
199332,AR
199329,AR
3463,AR
199354,AR
199351,AR
356,AD
466,AD
199285,AD
2102,AR
199315,AD
199318,AD
274,AD
1195,AR
926,AR
199296,AR
1531,AD
189427,AD
976,AR
3129,AR
415,AR
13,AR
2494,AD
199241,AD
2134,AD
189466,AD
17,AR
3006,AR
3111,AR
2382,AD
1934,AD
845,AR
1935,AD
3451,AD
267,AR
582,AR
2398,AD
2929,AD
646,AR
654,AD
2897,AD
2314,AD
183678,AR
2177,AR
183713,AR
2380,AD
183660,AR
897,AD
808,AR
844,AD
676,AD
643,AR
634,AR
140,AD
2828,AR
642,AR
638,AD
326,AR
526,AD
650,AR
427,AR
215,AD
342,AD
327,AD
403,AD
653,AD
157,AR
2268,AR
475,AR
392,AD
243,AD
183422,AD
136,AD
528,AR
275,AR
182090,AD
184,AD
1047,AD
71,AR
1949,AD
189,AD
1473,AD
1344,AD
182050,AD
3103,AR
709,AR
902,AR
888,AD
871,AD
500,AD
233,AD
657,AD
569,AD
240,AD
2311,AR
358,AR
242,AD
2052,AR
1354,AR
1358,AR
1552,AD
172,AR
3000,AD
916,AD
920,AD
7,AR
931,AR
929,AR
869,AR
2297,AD
27,AR
31,AR
932,AD
37,AR
950,AD
949,AR
957,AD
958,AR
955,AD
952,AD
1878,AR
1876,AR
1948,AR
1946,AR
1951,AR
381,AR
2604,AD
156,AR
2598,AR
1078,AD
1072,AD
1071,AD
1069,AD
1068,AD
1067,AD
1064,AR
1062,AD
1052,AD
1040,AD
1037,AD
1125,AR
1116,AR
1118,AD
1117,AR
1110,AD
1113,AD
1112,AR
1106,AR
83,AD
1104,AR
1094,AR
990,AD
994,AR
51,AD
978,AD
983,AR
970,AR
971,AR
40,AR
969,AD
974,AD
973,AD
959,AD
968,AR
1031,AR
1021,AR
64,AR
1027,AR
139406,AR
1008,AD
701,AR
1010,AD
1001,AD
1003,AD
1005,AR
1252,AD
1248,AD
1264,AD
1262,AD
1259,AD
1261,AR
1234,AR
1231,AD
1229,AR
109,AD
1228,AD
1241,AD
1239,AR
1237,AR
114,AD
115,AD
1292,AD
137628,AD
1293,AD
137625,AR
1299,AR
1300,AD
137667,AD
137634,AD
1295,AD
1297,AD
137639,AR
1276,AD
1275,AD
1270,AR
137605,AD
1278,AD
1166,AD
1168,AR
1174,AR
137834,AR
1170,AR
1180,AR
1173,AR
137681,AR
1133,AR
137675,AR
137678,AD
137754,AR
137776,AR
1150,AR
1149,AR
137807,AD
1159,AR
137783,AR
1215,AD
1216,AD
1225,AR
1226,AR
1227,AR
1182,AD
137888,AD
137893,AR
1186,AR
1185,AR
137898,AR
1190,AD
137908,AR
1200,AR
1453,AD
1458,AR
1454,AR
1429,AD
1426,AR
1427,AR
1484,AR
1490,AR
1487,AD
1486,AR
141276,AD
1466,AR
1471,AD
1410,AR
1412,AD
1416,AD
1394,AR
1399,AR
174,AD
1425,AR
156728,AR
1375,AR
163,AD
1368,AR
1366,AR
1361,AR
1393,AD
157820,AR
1389,AR
157798,AD
1388,AR
157801,AR
1387,AR
157794,AD
1380,AR
1377,AD
157215,AD
1325,AD
1326,AR
1327,AR
1328,AD
1323,AD
1318,AR
1319,AD
1305,AD
1307,AR
1313,AR
1345,AR
1340,AD
2856,AR
1336,AD
1766,AR
1777,AR
1780,AR
1784,AR
1782,AR
1786,AD
1788,AD
859,AR
139441,AD
3196,AR
139447,AR
1573,AR
726,AR
139450,AD
139455,AR
1574,AR
139466,AR
139474,AD
139480,AR
139485,AR
1653,AD
139515,AR
139512,AD
1657,AR
139525,AD
1658,AD
139518,AD
1659,AR
139547,AR
139536,AD
1660,AD
1662,AD
139552,AR
139573,AR
139564,AD
1667,AR
139578,AR
139589,AD
140917,AD
1547,AD
140922,AR
1545,AR
1540,AD
140908,AD
140874,AR
140957,AD
1555,AD
140936,AR
140941,AR
140927,AD
1566,AR
140976,AR
1563,AR
140969,AR
140966,AR
140963,AD
382,AR
742,AR
1571,AR
141007,AR
140436,AR
1493,AR
1495,AR
1509,AD
1512,AR
1507,AR
1517,AD
1519,AD
1513,AD
1514,AR
140481,AD
1515,AR
1516,AR
1527,AD
1529,AD
1522,AD
1525,AR
1970,AR
1973,AR
1972,AR
1974,AR
1964,AD
1822,AD
1824,AR
1952,AR
1954,AR
1955,AD
2209,AR
1937,AD
1896,AD
1897,AR
1816,AR
1807,AD
1883,AR
1882,AR
1875,AR
1873,AR
1879,AD
1872,AD
1871,AD
1860,AD
1865,AR
254,AD
1842,AR
1839,AD
1836,AD
1830,AR
251,AD
1811,AR
1808,AD
1809,AR
1806,AR
1802,AR
1798,AD
1799,AD
2136,AR
2138,AD
2139,AR
2143,AR
2149,AD
2107,AR
2114,AD
2117,AD
2091,AD
376,AD
2098,AR
158025,AD
380,AD
2095,AR
158029,AD
157846,AD
2067,AR
2065,AR
157941,AD
2074,AR
157850,AR
2072,AR
157954,AR
157962,AR
157946,AR
2078,AR
2077,AR
157973,AD
2084,AD
157965,AR
1826,AD
2047,AD
2050,AD
2064,AD
2057,AR
2059,AR
2026,AD
2025,AR
2028,AR
2027,AD
2021,AD
2024,AD
2044,AD
2036,AD
2007,AR
158687,AR
158684,AR
2004,AD
2001,AR
158681,AD
158676,AD
158673,AD
158668,AR
2016,AD
2010,AR
2008,AR
1986,AD
1980,AD
1997,AD
1995,AR
2348,AD
247775,AD
247768,AD
2353,AD
247790,AD
247798,AD
247794,AD
247815,AR
247806,AD
2363,AD
247691,AD
2340,AD
247685,AD
2342,AR
247709,AD
247698,AD
485,AD
2347,AR
247585,AR
2333,AD
247598,AR
2332,AD
247604,AR
247623,AR
247638,AD
2338,AD
2337,AD
247651,AR
247667,AD
247676,AD
494,AD
2322,AD
247378,AR
2324,AR
247511,AD
2323,AR
247525,AR
247546,AR
247573,AR
2329,AD
247582,AR
2328,AR
2409,AD
2405,AD
2407,AR
2575,AR
2410,AR
2399,AD
2388,AR
248111,AD
2386,AR
248095,AR
2391,AD
2390,AR
247834,AD
2371,AR
247820,AR
247827,AR
2378,AD
247868,AD
2457,AR
2451,AD
2439,AD
244305,AD
2440,AD
244310,AR
2437,AD
2438,AD
243343,AR
2429,AR
247353,AR
247262,AR
247198,AR
2473,AR
2470,AD
561,AD
559,AR
2463,AR
2462,AD
2461,AR
2172,AR
2176,AR
2181,AR
2189,AR
312,AD
2196,AR
2152,AD
2153,AR
2155,AR
2166,AR
2169,AR
2222,AD
2220,AD
1051,AD
2228,AD
2224,AR
2232,AR
2230,AD
2229,AR
2238,AD
2237,AD
2198,AD
2206,AD
2201,AD
2202,AD
251899,AD
2213,AR
2211,AR
2218,AR
2215,AR
2266,AR
2269,AR
251038,AD
672,AD
455,AD
2272,AR
2274,AR
2273,AD
165,AR
457,AR
2249,AR
2239,AR
2241,AD
250984,AR
250977,AR
250994,AD
250989,AD
2250,AD
250923,AD
250972,AR
2255,AD
250932,AD
251380,AR
2306,AR
251370,AR
251375,AR
251359,AR
251365,AR
2295,AD
251355,AR
2319,AD
2316,AD
2315,AR
251510,AD
251515,AD
2309,AD
251393,AR
2307,AD
251295,AD
251290,AD
2282,AR
251287,AD
251282,AD
251279,AR
251274,AD
251262,AD
2291,AD
251347,AR
2290,AR
2285,AD
2674,AD
254837,AR
2672,AD
2678,AD
2668,AR
254803,AR
2671,AR
1475,AD
2670,AR
254930,AR
254925,AR
2697,AR
254920,AR
2695,AD
254913,AR
255182,AR
2701,AD
255138,AR
255132,AR
2699,AD
254886,AR
254881,AR
254875,AR
254871,AR
254905,AR
254902,AR
254898,AR
254892,AD
2714,AR
2713,AR
2718,AR
2717,AR
2704,AR
255229,AR
2707,AR
255235,AR
2710,AD
2709,AD
2732,AR
2733,AD
2721,AR
2723,AR
260305,AR
2754,AR
2753,AR
2751,AR
661,AD
2736,AR
2776,AR
2777,AD
254361,AR
2774,AD
254351,AD
2770,AR
254343,AR
2767,AD
254334,AR
2768,AR
2762,AD
2763,AD
252206,AD
252202,AR
2760,AD
254516,AD
2793,AR
254519,AD
254525,AD
2796,AD
254528,AD
2789,AD
2788,AR
2791,AD
2790,AD
2783,AD
2786,AR
2779,AD
667,AR
2818,AR
2805,AR
675,AD
678,AR
254704,AD
254534,AD
254531,AD
254688,AR
2498,AD
2499,AD
2496,AD
2502,AR
2501,AR
2504,AD
2505,AD
2511,AR
2510,AR
2516,AR
2515,AR
2514,AD
2518,AR
2524,AR
2522,AR
2526,AD
2551,AD
2554,AD
2558,AR
2557,AR
2561,AR
2564,AD
2563,AR
575,AD
2572,AR
2573,AD
2585,AD
2578,AD
2579,AD
2576,AR
261236,AD
1359,AD
2593,AD
2590,AR
2589,AD
2588,AD
261197,AD
2616,AR
2613,AD
261337,AD
2623,AD
261330,AD
2639,AR
2631,AR
261494,AD
2632,AR
2633,AD
2634,AD
2645,AD
2636,AR
2658,AD
3047,AD
263662,AD
263548,AR
3033,AR
263553,AR
3032,AR
263534,AR
263543,AR
263516,AR
263501,AR
3026,AD
263508,AR
3021,AR
263494,AR
3023,AD
263487,AR
263458,AD
263455,AD
1832,AR
3019,AR
263463,AR
263410,AR
3011,AR
769,AR
3003,AR
3005,AR
263347,AD
2999,AD
2990,AR
263297,AR
2987,AD
2989,AD
2988,AD
3138,AD
3144,AR
798,AD
2909,AR
3102,AR
3107,AD
3109,AD
3086,AD
3088,AD
2884,AD
2881,AR
2879,AR
2892,AR
2889,AR
2890,AR
2876,AR
2872,AD
2868,AD
2842,AR
2847,AR
268322,AD
2839,AD
268337,AR
2855,AR
2854,AR
708,AD
2825,AD
2826,AD
268129,AD
2820,AD
2822,AR
2836,AD
268162,AR
2832,AD
268145,AR
268184,AR
2834,AR
268173,AR
2969,AD
2964,AD
2962,AR
750,AD
2980,AR
2946,AD
1848,AR
2947,AD
2952,AR
740,AD
2959,AD
2957,AD
2924,AD
2935,AD
2934,AR
2896,AD
2899,AR
2900,AD
2911,AD
264580,AR
2917,AD
2919,AR
264675,AR
2920,AR
2921,AR
3374,AD
3377,AD
275777,AD
3363,AR
275761,AR
3366,AD
3365,AD
3408,AD
276161,AD
3412,AR
276152,AD
3404,AR
275872,AD
275864,AD
3387,AD
3329,AD
3327,AR
3326,AR
3322,AD
3317,AD
3316,AR
3355,AR
3351,AD
275517,AR
3352,AD
3342,AR
271861,AD
3338,AR
3469,AR
3472,AR
3319,AR
3473,AR
3464,AR
3466,AD
3465,AD
2995,AD
1827,AD
3433,AR
2460,AR
3416,AD
3453,AR
3448,AR
3449,AD
3455,AR
1856,AD
280333,AR
280293,AR
280288,AR
3194,AD
280379,AR
3197,AD
3199,AR
3184,AD
3193,AD
280356,AD
3214,AR
280403,AD
280406,AR
280384,AR
280397,AD
280576,AR
3220,AR
3219,AR
280586,AR
280553,AR
280558,AR
647,AR
279943,AD
279934,AR
3152,AR
280142,AR
3168,AD
280133,AR
3163,AD
1479,AD
3156,AR
280071,AR
3157,AD
3177,AR
3172,AR
280183,AR
280282,AR
280270,AR
1855,AR
1797,AD
276580,AD
3258,AR
276575,AD
276598,AR
276608,AD
3265,AD
276603,AR
276630,AD
3275,AR
425,AD
3291,AR
3301,AR
3304,AR
276198,AD
276193,AD
276183,AD
276238,AD
276234,AR
3231,AD
276244,AD
276241,AD
3235,AR
276399,AD
3239,AR
3238,AD
3237,AD
276405,AD
3250,AD
3248,AD
3255,AR
276556,AD
3253,AR
276435,AD
911,AR
746,AR
943,AR
621,AR
2089,AR
412,AD
743,AR
424,AD
325,AR
343,AR
572,AR
158,AR
2056,AR
820,AD
1945,AD
832,AR
6,AR
20,AR
712,AR
1383,AR
206554,AR
206549,AR
206564,AR
206559,AR
206580,AR
3439,AR
2680,AR
633,AR
478,AD
822,AD
910,AR
766,AR
28,AR
3206,AR
206583,AR
65,AD
321,AD
144,AD
110,AR
3095,AD
2326,AR
1192,AR
2015,AD
1423,AR
1114,AD
1101,AR
208650,AD
1272,AR
208513,AD
208508,AD
3051,AD
208441,AR
1768,AD
1541,AD
209335,AD
209341,AD
3167,AR
210110,AR
210115,AR
1884,AR
209981,AR
210133,AD
210122,AD
210128,AR
2254,AR
209951,AD
209967,AD
209970,AD
209908,AD
209905,AD
209932,AR
209867,AD
210571,AR
3286,AD
210548,AD
210163,AR
3240,AR
210141,AR
210144,AR
416,AR
599,AD
211067,AD
211037,AD
211017,AD
656,AD
655,AR
2591,AD
35,AR
407,AR
2968,AR
137,AR
5,AR
85,AD
25,AR
177,AR
618,AD
359,AD
818,AR
175,AR
209,AD
42,AR
2066,AR
1572,AD
3261,AD
2849,AR
2953,AR
782,AD
882,AR
216796,AD
903,AD
216804,AD
216812,AD
216820,AD
216828,AD
3474,AR
216972,AR
216978,AR
361,AR
216975,AR
216986,AR
216981,AR
217017,AR
217012,AD
2088,AR
217266,AR
1451,AD
217059,AD
217055,AR
217335,AR
217330,AD
566,AD
1171,AD
217566,AD
217563,AR
217407,AR
217467,AD
217390,AR
217396,AR
217371,AR
217382,AR
217622,AD
439,AR
422,AD
282,AD
331,AR
159,AR
335,AD
79,AR
217656,AD
2157,AR
2203,AR
332,AR
220436,AD
2170,AR
220295,AR
414,AR
622,AR
927,AR
2880,AR
941,AR
220465,AR
220460,AD
220489,AD
19,AD
2843,AR
220497,AR
212,AR
220493,AR
470,AR
145,AD
2965,AD
1578,AR
3208,AR
221008,AR
24,AR
221016,AR
1460,AR
221043,AD
221046,AR
745,AD
221054,AR
221061,AD
849,AR
225154,AD
225123,AR
221126,AR
221145,AR
228003,AR
3398,AR
227976,AR
227796,AD
228012,AD
227535,AD
226292,AR
758,AR
419,AR
226307,AD
503,AD
2542,AD
2478,AD
3337,AD
223,AD
757,AD
228423,AD
132,AR
1172,AR
229717,AD
228426,AR
2345,AD
1333,AD
228396,AR
228387,AR
228390,AR
228410,AD
2781,AD
228374,AR
228302,AR
228305,AR
228308,AR
135,AR
228277,AD
228190,AD
3203,AD
3202,AD
228140,AD
306,AD
328,AR
228174,AD
228169,AD
2132,AR
2133,AR
228179,AD
288,AD
231512,AR
256,AD
231500,AR
1576,AD
1866,AD
1309,AD
231249,AR
231242,AR
2197,AD
231237,AR
231230,AD
231226,AD
18,AD
231222,AR
231214,AR
2841,AD
231183,AR
347,AD
231178,AR
231154,AR
231160,AD
231169,AR
231137,AD
231144,AD
231120,AD
231108,AD
405,AD
231040,AD
230857,AD
230851,AR
231031,AD
82,AD
230839,AR
235936,AD
238269,AD
231568,AD
1900,AR
231671,AR
286,AD
231679,AD
231641,AD
285,AD
231662,AR
231742,AD
257,AR
1901,AR
231720,AR
1899,AD
839,AR
531,AD
1083,AR
238763,AR
238722,AD
238744,AD
238517,AR
238505,AR
238468,AD
238475,AR
238455,AR
238578,AD
238583,AR
238557,AR
238569,AR
238523,AR
238536,AD
238666,AD
331226,AR
331176,AR
331206,AR
330032,AR
330041,AD
330029,AD
330050,AD
330054,AR
329883,AD
329475,AD
329481,AD
329478,AD
329942,AD
329971,AD
329314,AR
329319,AD
329457,AR
329466,AD
329329,AR
329332,AR
329336,AD
329228,AR
329224,AD
329211,AD
329195,AR
329191,AD
329178,AR
329258,AD
329249,AD
329242,AR
329173,AR
329,AD
1243,AD
324977,AR
324718,AD
324713,AD
324723,AD
324708,AD
324703,AD
324611,AD
324588,AD
324581,AR
324585,AD
324569,AR
324575,AD
324540,AR
324561,AD
324530,AD
324535,AR
324442,AR
324416,AD
324381,AD
324321,AR
324294,AR
324290,AR
324262,AR
320355,AD
320370,AR
320365,AD
320380,AR
320375,AR
320391,AR
320385,AR
320401,AR
320396,AR
320411,AR
320406,AR
319543,AD
319547,AR
319535,AR
319539,AR
319519,AR
319589,AD
319595,AD
319574,AR
319581,AD
319563,AR
319569,AR
319552,AR
319558,AR
319646,AR
319600,AD
319332,AR
319504,AR
319199,AR
319160,AD
319189,AD
319192,AR
319182,AD
317428,AR
317425,AR
317430,AR
317473,AD
315311,AR
315306,AR
314918,AR
314911,AR
314679,AR
314667,AR
314689,AR
314652,AD
314647,AD
314632,AR
314811,AD
314889,AD
314777,AD
314795,AD
314718,AR
314721,AR
370097,AR
370091,AR
370131,AD
370034,AD
370022,AR
370088,AR
370921,AR
370924,AR
370930,AR
370959,AR
370968,AR
370980,AR
370943,AR
369920,AR
369939,AR
369955,AR
369970,AR
369992,AR
370002,AD
369999,AD
370010,AR
369837,AR
369840,AR
369847,AR
369852,AR
369861,AR
369867,AR
369873,AR
369881,AR
369891,AD
369897,AR
369913,AR
364055,AR
772,AR
1194,AR
363989,AR
363992,AR
363981,AR
363969,AR
363972,AD
363965,AD
363958,AD
363741,AD
363722,AD
363710,AD
363694,AR
363686,AD
363680,AD
363677,AR
363417,AR
363409,AR
363412,AR
363429,AR
363432,AR
363424,AR
363396,AR
363400,AR
363618,AD
363623,AR
363649,AD
363665,AD
363540,AR
363611,AD
363523,AR
363534,AR
363528,AR
363444,AR
363454,AD
363447,AD
357175,AR
357329,AR
357332,AR
357237,AR
356978,AR
357008,AR
356996,AR
357043,AD
357027,AD
357074,AR
357064,AR
357058,AR
352654,AR
352662,AD
352657,AD
352641,AR
352649,AR
352596,AR
352577,AD
352587,AR
352582,AR
352731,AR
352734,AR
352737,AR
352712,AR
352718,AR
352723,AR
352670,AD
352682,AR
353220,AD
353217,AR
352745,AR
353320,AR
353327,AR
353308,AR
353314,AR
353298,AR
352403,AR
352333,AR
352328,AR
352447,AR
352530,AR
352563,AR
352479,AR
352470,AD
352490,AD
294415,AR
294016,AR
294023,AR
293964,AD
293967,AR
293978,AD
293958,AD
293955,AR
293936,AD
293925,AR
293864,AR
293843,AR
293825,AD
293642,AR
294963,AD
289916,AR
289857,AR
289860,AR
289573,AR
289560,AR
289553,AD
289548,AR
289539,AD
289601,AR
289586,AR
293355,AD
293375,AD
293381,AD
293603,AR
811,AR
741,AD
293168,AR
293165,AD
428,AD
293181,AD
2207,AD
393,AD
293284,AR
2394,AR
2356,AR
2686,AD
176,AD
284417,AD
284426,AR
284435,AD
284973,AD
284963,AD
284984,AD
284979,AD
289365,AD
289377,AR
289380,AR
289290,AR
289266,AD
289307,AR
289504,AD
289499,AR
289465,AD
289176,AR
289157,AR
281097,AR
281190,AD
281201,AR
281139,AD
281122,AR
281127,AR
280628,AD
280633,AR
280615,AD
280598,AD
280620,AR
280671,AR
280640,AR
280654,AR
280763,AR
284149,AR
284139,AR
284160,AD
284247,AR
284232,AD
284271,AR
284324,AR
284282,AR
284289,AR
284343,AD
284332,AR
284339,AR
282166,AD
309854,AR
314029,AD
314022,AD
313892,AD
313884,AD
313855,AD
313850,AR
313846,AD
313838,AR
313800,AD
313808,AD
313781,AD
313795,AR
313772,AR
314603,AR
314597,AR
314575,AR
314572,AR
314485,AR
314555,AR
314394,AR
314399,AD
314404,AD
314373,AD
314376,AR
314381,AR
314034,AR
308410,AR
307773,AD
307995,AD
309108,AR
309020,AR
178,AD
2637,AR
308552,AR
309324,AR
309331,AR
309334,AR
309294,AR
309297,AR
309310,AR
300547,AR
300570,AD
300573,AD
300576,AD
300525,AD
300530,AD
300536,AR
300605,AR
300751,AD
306550,AR
306542,AR
306547,AR
306530,AR
306527,AD
306516,AR
306511,AR
306498,AD
306504,AR
306661,AR
306658,AR
306577,AD
306558,AR
295195,AD
298644,AD
300179,AR
300319,AD
300313,AR
300305,AD
300293,AR
300382,AD
300345,AD
300359,AD
300333,AR
464724,AR
464738,AR
464760,AD
464756,AR
465508,AR
464282,AR
464288,AR
464306,AD
464366,AR
464336,AD
464443,AR
464440,AR
456333,AD
456312,AR
456318,AD
454840,AR
453533,AR
453521,AR
451612,AR
453499,AD
453504,AD
453510,AR
448264,AD
448251,AR
448267,AR
448010,AR
447997,AR
448242,AR
447977,AD
447974,AR
447954,AR
447964,AD
447961,AR
459033,AR
459051,AD
459061,AR
459056,AR
458798,AD
458803,AD
457485,AD
457265,AR
457279,AD
457395,AR
457406,AR
457375,AR
457378,AR
457359,AR
457284,AD
457351,AR
457185,AR
457088,AR
457223,AR
457212,AR
457193,AD
457205,AR
456369,AR
457050,AD
317,AD
629,AR
248,AR
1810,AD
891,AD
466688,AR
466950,AD
466943,AD
466926,AR
466934,AR
466921,AR
466806,AD
466794,AR
466784,AR
466775,AR
466768,AD
466729,AD
466722,AR
466718,AD
466703,AR
465824,AR
468620,AR
468631,AR
467166,AD
467176,AR
468635,AR
468641,AR
468661,AR
468666,AR
468678,AD
468684,AR
468672,AD
468726,AR
468699,AR
468717,AR
401785,AR
401780,AR
401800,AR
401795,AR
401768,AR
401764,AR
401777,AD
401830,AR
401835,AR
401840,AR
401805,AR
401810,AR
401815,AR
401820,AR
401866,AR
401869,AR
401874,AR
401849,AD
401854,AR
401859,AR
401862,AR
401901,AD
401959,AR
401953,AD
401948,AR
401945,AR
401979,AR
401964,AD
402003,AD
401993,AR
401996,AR
402082,AD
402364,AR
402041,AR
402075,AD
806,AR
404466,AD
404451,AR
404454,AR
404443,AD
404437,AR
404440,AD
404560,AD
404553,AR
404546,AR
404499,AR
404493,AR
404481,AR
411590,AD
411602,AD
411629,AR
411493,AR
411712,AD
411788,AR
411986,AR
412022,AR
411641,AR
411634,AR
411709,AD
371428,AR
371364,AR
391677,AR
391474,AR
391487,AD
391646,AD
391641,AD
391665,AD
391343,AR
391348,AR
391351,AR
391366,AR
391376,AR
391384,AD
391389,AD
391392,AD
391397,AD
391408,AR
391411,AR
391307,AR
391316,AR
391311,AR
391320,AD
397973,AR
397968,AR
397964,AR
397959,AR
397951,AR
397946,AD
397941,AR
397937,AR
397927,AR
397787,AR
397758,AD
397744,AD
397725,AR
397735,AD
397709,AR
397715,AR
397692,AD
397695,AD
397623,AR
397685,AD
397615,AR
397618,AR
397596,AD
397593,AR
397612,AR
397606,AD
397590,AD
399805,AD
399058,AD
398166,AD
398173,AD
398189,AR
398088,AD
435628,AD
435660,AR
435651,AR
435804,AD
435845,AR
435930,AR
435819,AD
435953,AR
435988,AR
435934,AR
436141,AR
436144,AD
435998,AR
436159,AD
436151,AD
436169,AD
436166,AD
436182,AR
436174,AR
436245,AR
436242,AD
436271,AR
436252,AR
436274,AR
437552,AR
438178,AR
438159,AD
438134,AR
438117,AR
438114,AR
438075,AD
438274,AR
438216,AD
438213,AD
438207,AR
439212,AR
439218,AD
439254,AD
439897,AR
440402,AR
440354,AD
440392,AD
440713,AR
440731,AD
440427,AR
440437,AD
440706,AR
441447,AD
441452,AD
443062,AD
443073,AR
442835,AD
3008,AR
595,AD
298,AR
443236,AD
552,AD
443098,AD
443087,AR
130,AD
277,AR
443162,AR
443811,AR
443950,AR
443988,AR
444092,AD
444099,AD
444138,AR
443995,AD
444048,AR
444013,AR
444069,AR
444077,AD
444072,AR
444463,AR
444490,AR
444458,AR
445110,AR
445062,AR
445038,AR
445018,AR
447731,AR
447737,AR
447740,AR
447877,AD
447896,AR
447893,AR
447784,AR
447757,AD
447753,AD
447760,AR
412066,AD
412057,AR
412181,AR
412069,AD
412189,AR
412217,AD
412206,AD
420179,AD
420794,AR
420702,AR
420728,AR
420733,AR
420741,AR
420492,AD
420485,AD
420429,AR
420584,AD
420699,AR
420686,AR
420561,AD
420573,AR
420566,AR
423461,AR
423470,AR
423454,AR
423384,AR
423296,AD
423306,AR
423275,AD
424107,AR
424099,AD
424261,AR
424027,AR
423894,AR
425120,AD
431361,AR
431329,AR
431255,AD
431149,AR
431166,AR
435438,AD
435387,AD
435329,AD
434179,AR
504476,AR
26793,AR
29072,AD
28378,AR
320,AR
230,AR
725,AD
590,AD
404,AD
756,AD
162,AD
748,AD
26106,AD
26792,AR
26791,AR
266,AD
353,AR
219,AR
119,AR
603,AD
505227,AR
588,AR
899,AR
505216,AR
272,AR
268,AR
263,AD
600,AD
609,AD
602,AD
505242,AR
508093,AR
508512,AR
508529,AD
508523,AR
506334,AR
506307,AR
495274,AR
495875,AR
496641,AR
496686,AR
496689,AR
496751,AR
494433,AD
494439,AR
494444,AD
494344,AD
494541,AD
500180,AD
500150,AD
500159,AD
500163,AD
302,AR
500166,AD
500144,AR
500095,AR
500062,AR
123,AR
898,AD
202,AR
170,AD
169,AD
500533,AR
168,AD
450,AD
529,AD
224,AD
432,AD
91,AR
785,AR
679,AD
841,AD
817,AR
867,AD
735,AD
659,AD
737,AD
523,AD
314,AR
497757,AD
497764,AD
530,AR
493,AD
734,AD
721,AD
722,AR
749,AR
483,AR
465,AR
786,AD
334,AD
615,AD
498497,AR
247,AD
444,AD
573,AD
384,AD
315,AD
409,AD
41,AD
122,AD
38,AD
241,AD
316,AD
211,AD
658,AD
303,AD
305,AR
3406,AD
2908,AR
31837,AR
480898,AD
480556,AR
31709,AD
480851,AD
480682,AR
481665,AR
482077,AD
481662,AD
480536,AR
480520,AR
477814,AR
477787,AR
478029,AR
478042,AR
477993,AD
477857,AR
478049,AR
478664,AR
477661,AR
477684,AR
477673,AR
477749,AD
477774,AR
476119,AD
476113,AR
476126,AD
476406,AD
476394,AD
493342,AD
488642,AR
488650,AD
488265,AD
488333,AD
488437,AD
487796,AD
31150,AR
31043,AR
30924,AR
30925,AD
476084,AR
476093,AD
71278,AR
71271,AR
71275,AR
71277,AD
71212,AR
71267,AR
71213,AD
70592,AR
70595,AR
70594,AR
70472,AR
69735,AD
69737,AR
69739,AR
69663,AD
69723,AR
69126,AD
69087,AD
69125,AD
69083,AD
69082,AD
69085,AD
69084,AD
69076,AD
69063,AR
67048,AR
69028,AD
67046,AR
67047,AR
67042,AD
67041,AR
67036,AD
66637,AR
66634,AR
66633,AD
66631,AR
66629,AR
66628,AR
66625,AD
66518,AD
65283,AD
65282,AD
65285,AD
65284,AR
65287,AR
65286,AD
65288,AR
65682,AD
65748,AD
65743,AD
65759,AR
65753,AD
64746,AD
64748,AD
64749,AR
562509,AR
64752,AR
64753,AR
562528,AD
562559,AR
562538,AR
562569,AR
64542,AR
64280,AD
64742,AD
63442,AD
63273,AD
63454,AD
63446,AR
59303,AR
60015,AD
60025,AR
60030,AD
59181,AD
59135,AD
55595,AD
55596,AD
56304,AR
56305,AD
55654,AD
565858,AD
565788,AR
79230,AR
79237,AR
566067,AR
79234,AR
79235,AR
79189,AR
565624,AR
565612,AR
79196,AR
79157,AR
79156,AR
79155,AR
79153,AD
79152,AD
79151,AD
79149,AR
79146,AD
79145,AD
79143,AD
79172,AR
79159,AR
79107,AD
79106,AR
566243,AR
79118,AR
79113,AD
79101,AR
566192,AR
79100,AR
79095,AR
79094,AD
566175,AR
79096,AR
79141,AD
79134,AD
79135,AD
79136,AD
79137,AD
79133,AD
79124,AR
77293,AR
77295,AR
77261,AR
77292,AR
77298,AD
77299,AR
77296,AD
77297,AR
79083,AD
79076,AD
79085,AD
79084,AD
79091,AD
75327,AD
75373,AD
75374,AR
75376,AD
75377,AD
75378,AD
75381,AD
75382,AR
75391,AR
75392,AD
75496,AR
75840,AD
77240,AD
75858,AR
77258,AD
77260,AR
77259,AR
73271,AD
73246,AR
73272,AR
73273,AD
75326,AD
75249,AD
75234,AR
75233,AR
71290,AD
568062,AR
71493,AD
71289,AD
71526,AR
71528,AR
71529,AD
71517,AD
71518,AD
73229,AD
73224,AD
73217,AD
530849,AR
39041,AR
530838,AD
38874,AR
37612,AD
37553,AD
36899,AD
530983,AD
41751,AR
42062,AR
35706,AR
35704,AR
35710,AR
35708,AR
35689,AD
35701,AR
35612,AD
35664,AR
35656,AR
35120,AR
35107,AR
35099,AD
35122,AR
35121,AR
36387,AD
36397,AD
36412,AR
36355,AR
36383,AD
36386,AD
35878,AD
35858,AR
35909,AR
35981,AD
33572,AR
33445,AR
33408,AD
535458,AR
34217,AR
34149,AD
33574,AR
33573,AR
33110,AD
33108,AR
33067,AD
33069,AD
33001,AD
33355,AR
535453,AR
33364,AR
35069,AR
35093,AD
35078,AR
34520,AR
34514,AR
34515,AR
34516,AD
34592,AR
34528,AD
34533,AD
536516,AD
536467,AR
536532,AR
32960,AD
52530,AD
52429,AD
52430,AD
52427,AD
52056,AD
53271,AD
53296,AD
53347,AD
53035,AR
52901,AR
53690,AR
53689,AR
53583,AD
53540,AR
53372,AD
54260,AD
54057,AR
53698,AD
53715,AR
53696,AR
53697,AD
53691,AD
53693,AR
48818,AR
49382,AR
49042,AD
48431,AR
50809,AR
50810,AR
50811,AR
50812,AR
50814,AR
50815,AD
49827,AR
50945,AR
50944,AD
51083,AD
50817,AR
50943,AD
50942,AD
52054,AR
52047,AR
51577,AR
51608,AD
51188,AR
541423,AR
51208,AR
51636,AD
542306,AR
542301,AR
542310,AR
42665,AD
542585,AR
42738,AD
43115,AR
45448,AR
543470,AR
542657,AR
44890,AD
45358,AD
544254,AD
46348,AD
46059,AR
47044,AD
46627,AD
46532,AD
47159,AD
544469,AR
47045,AD
544602,AR
555402,AR
555407,AR
556985,AR
557003,AR
519388,AR
90045,AR
90044,AD
90042,AD
90024,AR
90023,AR
90031,AR
90026,AD
90030,AR
89844,AR
89843,AD
89842,AR
89938,AR
89937,AD
90340,AD
90342,AR
90348,AD
90349,AR
90350,AR
90354,AR
90307,AD
90322,AR
90153,AR
90154,AR
90103,AR
90118,AR
90117,AD
90114,AD
90120,AD
90119,AR
88644,AR
88659,AD
88661,AD
88637,AR
88639,AR
88642,AD
88632,AD
88635,AD
88621,AR
88628,AR
88629,AD
88620,AD
88619,AD
88618,AR
88616,AR
87884,AD
87876,AR
87503,AR
86923,AR
86920,AD
86919,AD
86918,AD
86915,AR
86909,AR
521450,AD
521445,AD
521438,AR
521414,AD
521390,AD
521406,AR
89838,AR
521411,AR
88949,AD
88950,AD
88924,AD
88918,AD
88919,AR
528105,AR
528084,AD
93262,AD
93260,AD
93259,AD
93258,AD
93271,AR
93269,AR
93270,AR
93267,AR
93268,AR
93282,AR
93283,AD
93279,AD
93274,AD
93108,AD
527497,AR
93101,AD
93110,AR
527450,AR
93100,AD
92050,AR
93160,AR
93114,AD
93111,AD
93172,AD
93173,AD
93322,AD
93325,AD
93324,AR
93329,AR
93328,AD
93336,AD
93334,AR
93333,AR
93339,AD
93337,AD
93338,AD
93346,AD
93347,AR
93356,AD
93351,AR
93284,AD
93293,AD
93296,AD
93298,AR
93297,AD
93299,AR
93302,AR
93304,AD
93307,AR
93308,AD
93311,AD
93314,AD
93315,AD
93316,AD
93317,AR
90673,AD
90674,AR
90658,AD
90791,AR
90790,AR
529977,AR
90695,AR
529965,AD
529970,AR
90635,AD
90636,AR
529574,AD
90368,AD
90390,AD
90653,AD
90654,AD
529665,AR
90647,AR
91387,AD
91396,AD
91378,AD
91412,AD
91397,AD
91411,AD
91496,AD
91495,AD
91494,AR
91492,AD
91481,AD
91416,AD
91483,AD
91130,AR
91131,AR
91132,AR
90793,AR
90794,AR
90795,AR
90796,AR
91024,AR
91135,AR
79396,AD
79397,AD
79394,AR
79395,AD
79399,AD
79401,AD
79400,AD
79403,AR
79402,AR
79405,AR
79404,AR
79406,AR
79409,AR
79408,AR
79411,AD
79410,AD
79452,AD
79435,AR
79434,AR
79433,AR
79432,AR
79431,AR
79430,AR
79445,AD
79444,AD
79443,AD
79478,AR
79493,AD
79474,AD
79477,AR
79473,AD
79269,AR
79257,AR
79256,AR
79255,AR
79254,AR
79246,AR
79253,AR
79240,AR
79241,AR
79238,AR
79239,AR
79244,AR
79242,AR
79299,AD
79301,AR
79293,AR
79292,AR
79278,AD
79279,AR
79280,AR
79281,AR
79282,AR
79283,AR
79284,AR
79270,AR
79271,AR
79272,AR
79273,AD
79276,AD
79277,AR
79333,AR
79332,AR
79330,AR
79329,AR
79328,AR
79327,AR
79326,AR
79325,AR
79324,AR
79323,AR
79322,AR
79321,AR
79320,AR
79319,AR
79318,AR
79314,AR
79315,AD
79312,AR
79310,AR
79311,AR
79306,AR
79304,AR
79305,AR
79302,AR
79303,AR
79361,AD
79351,AR
79350,AR
79347,AR
85191,AD
85192,AD
85195,AD
85194,AR
85197,AD
85199,AR
85198,AD
85201,AD
85203,AD
85202,AR
85442,AD
85458,AD
86309,AR
85448,AD
85447,AD
85451,AD
85450,AD
86812,AR
86813,AD
86814,AD
86815,AD
86789,AD
86820,AD
86821,AR
86822,AR
86816,AR
86817,AR
86819,AR
512103,AR
512260,AR
79502,AD
79503,AD
79506,AD
79507,AR
79499,AD
79500,AR
79501,AD
79643,AR
79651,AR
79644,AR
83330,AR
83419,AR
83420,AR
83418,AR
83473,AD
83472,AR
83471,AR
83463,AD
83461,AR
83454,AD
83619,AD
83620,AR
83617,AR
84081,AR
84090,AD
84064,AR
513436,AR
83639,AR
83642,AR
85163,AR
85164,AD
85146,AD
85128,AR
85136,AR
85110,AD
85112,AR
84132,AR
85186,AR
85184,AR
85182,AD
85179,AR
85175,AR
85174,AR
85173,AD
85172,AR
85169,AD
85168,AD
85167,AR
85166,AD
85165,AD
603699,AR
610573,AD
610569,AR
611256,AR
611247,AR
613267,AR
613274,AR
98249,AD
600668,AD
97244,AR
97242,AD
97253,AD
97249,AR
97286,AD
97297,AD
97346,AD
97345,AD
97360,AD
97362,AD
97363,AD
97369,AR
97548,AR
97234,AR
97238,AD
97229,AR
97593,AD
95716,AR
95713,AD
95700,AR
95699,AR
95496,AD
95494,AD
95433,AR
95434,AR
95157,AD
95159,AR
95428,AR
95409,AR
95429,AD
94122,AR
94124,AR
94125,AR
94145,AD
94147,AD
94148,AD
94149,AD
94150,AR
94064,AR
94066,AR
94068,AD
94088,AR
94089,AD
96169,AD
95720,AD
93562,AD
598603,AD
93560,AD
93561,AD
93571,AR
93474,AR
93476,AR
93473,AR
93399,AR
93400,AR
93403,AD
93402,AD
93405,AD
93404,AD
93406,AD
93409,AD
93360,AD
93358,AR
93357,AR
93372,AD
93382,AD
93383,AD
93387,AD
93388,AD
93384,AD
93396,AD
93394,AD
595356,AD
93921,AD
93616,AR
93591,AR
93592,AR
93589,AR
93598,AR
93583,AR
93610,AD
596759,AD
93608,AD
93607,AR
93612,AR
93602,AR
93601,AR
93600,AR
93599,AR
93605,AR
99138,AD
99141,AR
99361,AD
99657,AR
99725,AD
589821,AD
589827,AD
589824,AD
589833,AD
589830,AD
589905,AD
99749,AR
99734,AD
99735,AD
99736,AD
99741,AD
99742,AR
99739,AD
98820,AD
98818,AD
98813,AD
98811,AD
98810,AD
98809,AD
98808,AD
98807,AD
98853,AD
98868,AD
98869,AR
589618,AD
98870,AD
589527,AD
589435,AR
589522,AD
98855,AR
98856,AR
98881,AD
98880,AR
98886,AD
98885,AR
98873,AR
98897,AD
98902,AR
98893,AR
98892,AD
98914,AD
98913,AR
98908,AR
98907,AR
98934,AD
98920,AR
98938,AD
98957,AR
98956,AD
98954,AD
98964,AD
98963,AD
98962,AD
98961,AD
98960,AD
98959,AD
98971,AD
98972,AD
98973,AD
98974,AD
98967,AD
98969,AR
98970,AD
98976,AD
98977,AD
98978,AD
98988,AD
98990,AD
98989,AD
98984,AD
98985,AD
98995,AD
98992,AD
98991,AD
98994,AD
98993,AD
99001,AD
99002,AR
99000,AD
99003,AD
99013,AD
99027,AD
98555,AD
98676,AR
98673,AD
98672,AD
98627,AD
98626,AD
98625,AD
98619,AD
98793,AD
98806,AD
98805,AD
98784,AD
98764,AD
98763,AD
98766,AD
98765,AD
98760,AD
98759,AD
98762,AD
98761,AD
98772,AD
98771,AD
98773,AD
98768,AD
98767,AD
98769,AD
580933,AR
98755,AD
98756,AD
98757,AD
98758,AD
98306,AD
575553,AD
574957,AR
574918,AR
98428,AD
98434,AR
572543,AR
572550,AR
572761,AR
98523,AR
572013,AD
103908,AD
103909,AD
101685,AD
101351,AD
664511,AR
101150,AR
664500,AR
101111,AD
101112,AD
101109,AD
664438,AD
101110,AD
101108,AD
664430,AR
664416,AD
664410,AD
101330,AD
664729,AR
664726,AR
664711,AR
664699,AR
101085,AD
101081,AD
101082,AD
101083,AD
101084,AD
662234,AD
662367,AD
662216,AR
662207,AD
101102,AR
664401,AD
101101,AR
101097,AR
662762,AD
662829,AD
675216,AD
101049,AD
101041,AD
101046,AD
101068,AD
675767,AD
101063,AD
101009,AD
101010,AD
101011,AD
101016,AD
674653,AD
674762,AD
101028,AR
100984,AD
100980,AD
100979,AD
100991,AD
100989,AD
100988,AD
100986,AR
100985,AD
100999,AD
101000,AR
100998,AD
100995,AR
100996,AR
100993,AD
100994,AD
101007,AR
101008,AR
101005,AR
101006,AR
101003,AR
101004,AR
101001,AR
675775,AR
675782,AR
676039,AD
100924,AR
100976,AR
100054,AD
100051,AD
100032,AD
100031,AD
100034,AD
100033,AR
100043,AD
100044,AD
100045,AD
100046,AD
100050,AD
646113,AD
646278,AD
100008,AD
100006,AD
99989,AD
99955,AR
99956,AR
99948,AR
99947,AD
99950,AR
99949,AR
99952,AR
99951,AR
99954,AR
99953,AR
99940,AD
99939,AD
99942,AD
99941,AD
99944,AD
99943,AD
99946,AD
99945,AD
99936,AD
99937,AD
99938,AD
99927,AR
647815,AD
99901,AR
647811,AD
647834,AD
647799,AD
99898,AR
99879,AD
656283,AR
656313,AD
656300,AR
656130,AD
656135,AD
656912,AD
656326,AR
99885,AD
99886,AD
653712,AD
653722,AD
653725,AR
653728,AD
653709,AR
653767,AD
653880,AR
99849,AR
652514,AD
652487,AD
99845,AD
99846,AD
99843,AR
99844,AR
99853,AR
652532,AR
99852,AR
652522,AR
99832,AR
99842,AR
99812,AR
99818,AD
662172,AD
99819,AD
662179,AD
662175,AD
662189,AD
662184,AR
99796,AR
99798,AD
659873,AD
99803,AD
659904,AD
99807,AR
99810,AD
659975,AR
659396,AD
659609,AD
659463,AD
659672,AR
99789,AD
99791,AD
658813,AR
631073,AR
631076,AR
631079,AR
631082,AR
631068,AD
631106,AD
631103,AD
631095,AD
631248,AD
641361,AR
642747,AD
617919,AD
619363,AD
619233,AD
